CustomerID,CustomerName,Gender,Age,City,JoinDate,PlanType,MonthlyCharges,TotalCharges,TenureMonths,InternetService,ContractType,PaymentMethod,SupportTickets,ChurnStatus,,Blank check
C100002,Vikram Sen,Female,32,Mumbai,18-08-2025,Postpaid,1322.43,85957.95,65,Fiber,Monthly,Cash,5,No,,FALSE
C100003,Ananya Das,Male,27,Bangalore,19-02-2025,Postpaid,1926.26,53935.28,28,5G,2 Year,Bank Transfer,12,Yes,,FALSE
C100004,Sourav Das,Female,64,Hyderabad,13-11-2025,Postpaid,1210.59,71424.81,59,DSL,2 Year,UPI,0,Yes,,FALSE
C100005,Sneha Das,Female,67,Delhi,21-08-2025,Postpaid,1973.88,75007.44,38,DSL,1 Year,Bank Transfer,3,No,,FALSE
C100006,Amit Dey,Male,62,Mumbai,25-08-2025,Postpaid,1334.52,13345.2,10,5G,2 Year,Card,10,No,,FALSE
C100008,Vikram Dey,Female,27,Hyderabad,27-10-2025,Postpaid,536.37,18236.58,34,None,1 Year,Card,2,No,,FALSE
C100010,Priya Dey,Female,53,Hyderabad,24-06-2025,Prepaid,1455.48,2910.96,2,5G,1 Year,Card,7,Yes,,FALSE
C100011,Amit Dey,Male,64,Hyderabad,02-06-2025,Prepaid,1951.21,66341.14,34,DSL,1 Year,Card,8,Yes,,FALSE
C100012,Priya Ghosh,Female,56,Mumbai,30-01-2025,Prepaid,1129.63,47444.46,42,Fiber,Monthly,Cash,1,Yes,,FALSE
C100013,Amit Singh,Female,26,Mumbai,04-10-2025,Prepaid,1908.64,116427.04,61,5G,1 Year,Bank Transfer,7,No,,FALSE
C100014,Ananya Sharma,Male,25,Chennai,23-04-2025,Prepaid,680.99,21791.68,32,Fiber,2 Year,UPI,3,Yes,,FALSE
C100015,Priya Dey,Male,75,Delhi,09-12-2025,Postpaid,1760.38,8801.9,5,DSL,2 Year,,11,No,,FALSE
C100016,Sneha Das,Male,33,Hyderabad,09-08-2025,Postpaid,1671.74,101976.14,61,None,1 Year,Cash,11,Yes,,FALSE
C100017,Ananya Das,Male,61,Mumbai,08-04-2025,Postpaid,402.04,5226.52,13,DSL,1 Year,Card,4,No,,FALSE
C100018,Vikram Das,Male,33,Hyderabad,04-10-2025,Prepaid,1052.32,10523.2,10,Fiber,Monthly,Card,6,No,,FALSE
C100019,Rahul Roy,Female,48,Kolkata,19-07-2025,Postpaid,1768.91,49529.48,28,None,1 Year,Cash,11,No,,FALSE
C100020,Rahul Paul,Male,27,Hyderabad,10-06-2025,Prepaid,803.4,20085,25,Fiber,2 Year,Cash,8,Yes,,FALSE
C100021,Amit Das,Male,21,Hyderabad,01-05-2025,Postpaid,435.19,28722.54,66,Fiber,2 Year,Card,9,Yes,,FALSE
C100022,Neha Paul,Female,57,Delhi,15-04-2025,Postpaid,1011.68,11128.48,11,DSL,1 Year,,2,No,,FALSE
C100023,Priya Sharma,Female,47,Chennai,16-10-2025,Prepaid,1878.33,77011.53,41,Fiber,2 Year,Card,8,No,,FALSE
C100024,Sneha Ghosh,Female,26,,13-08-2025,Postpaid,1796.47,80841.15,45,Fiber,2 Year,Bank Transfer,10,Yes,,FALSE
C100025,Priya Dey,Male,74,Delhi,25-05-2025,Prepaid,748.59,13474.62,18,5G,Monthly,Bank Transfer,8,No,,FALSE
C100026,Sourav Singh,Male,34,Kolkata,20-06-2025,Prepaid,455.91,3191.37,7,5G,Monthly,Cashh,,No,,FALSE
C100027,Amit Dey,Male,53,Delhi,26-10-2025,Prepaid,489.19,978.38,2,None,Monthly,UPI,4,No,,FALSE
C100028,Sneha Sen,Male,75,Delhi,14-10-2025,Postpaid,1827.17,10963.02,6,DSL,Monthly,Card,12,Yes,,FALSE
C100029,Ananya Kapoor,Male,74,Delhi,23-03-2025,Prepaid,341.14,18080.42,53,None,Monthly,Cash,3,Yes,,FALSE
C100030,Sneha Sen,Male,70,,09-04-2025,Postpaid,893.42,52711.78,59,5G,1 Year,UPI,12,No,,FALSE
C100031,Vikram Ghosh,Male,40,Kolkata,14-05-2025,Prepaid,978.45,64577.7,66,5G,Monthly,UPI,9,No,,FALSE
C100032,Vikram Das,Female,40,Chennai,08-04-2025,Postpaid,1040.87,42675.67,41,Fiber,2 Year,,0,Yes,,FALSE
C100033,Ananya Paul,Female,41,Hyderabad,05-03-2025,Postpaid,417.96,23405.76,56,5G,2 Year,Cash,5,No,,FALSE
C100034,Sneha Kapoor,Female,62,Hyderabad,31-03-2025,Postpaid,1241.5,47177,38,None,2 Year,UPI,4,No,,FALSE
C100035,Neha Ghosh,Female,31,Bangalore,15-08-2025,Prepaid,1634.79,91548.24,56,None,2 Year,Card,10,Yes,,FALSE
C100036,Neha Ghosh,Male,36,Mumbai,11-12-2025,Postpaid,,94218.3,66,DSL,Monthly,Card,0,Yes,,FALSE
C100037,Priya Gupta,Female,33,Hyderabad,22-10-2025,Prepaid,1338.17,81628.37,61,None,1 Year,Cash,3,Yes,,FALSE
C100038,Priya Kapoor,Male,59,Mumbai,23-12-2025,Postpaid,1816.52,1816.52,1,Fiber,2 Year,Card,1,No,,FALSE
C100039,Vikram Paul,Female,26,Bangalore,10-11-2025,Postpaid,1433.88,86032.8,60,None,Monthly,Cash,7,No,,FALSE
C100040,Rohit Dey,Female,66,Hyderabad,03-05-2025,Postpaid,1726.77,55256.64,32,None,Monthly,Bank Transfer,3,No,,FALSE
C100041,Priya Roy,Male,39,Mumbai,16-07-2025,Prepaid,1817.15,74503.15,41,DSL,Monthly,Cash,6,No,,FALSE
C100042,Sneha Kapoor,Female,52,Chennai,23-12-2025,Prepaid,1005.82,60349.2,60,None,1 Year,UPI,5,No,,FALSE
C100043,Sourav Dey,Male,66,Bangalore,23-04-2025,Postpaid,1749.86,87493,50,None,1 Year,UPI,6,No,,FALSE
C100044,Riya Roy,Male,60,Bangalore,31-10-2025,Prepaid,1530.11,79565.72,52,Fiber,2 Year,Cash,2,No,,FALSE
C100045,Ananya Sen,Female,29,Delhi,22-06-2025,Postpaid,741.27,5188.89,7,5G,1 Year,Bank Transfer,1,No,,FALSE
C100046,Ananya Sen,Male,19,Hyderabad,21-01-2025,Prepaid,387.55,27128.5,70,DSL,Monthly,UPI,9,Yes,,FALSE
C100047,Priya Paul,Male,33,Bangalore,25-12-2025,Postpaid,1104.05,18768.85,17,5G,Monthly,UPI,12,Yes,,FALSE
C100048,Rohit Paul,Female,37,Bangalore,12-04-2025,Prepaid,1282.76,17958.64,14,DSL,Monthly,Bank Transfer,10,Yes,,FALSE
C100049,Sourav Ghosh,Male,68,Chennai,28-11-2025,Postpaid,889.25,5335.5,6,Fiber,1 Year,Cash,1,No,,FALSE
C100050,Sourav Roy,Female,41,Chennai,03-10-2025,Postpaid,,88583.78,59,None,1 Year,Bank Transfer,5,Yes,,FALSE
C100051,Riya Sen,Female,71,Chennai,09-11-2025,Postpaid,773.18,9278.16,12,5G,Monthly,Cash,5,Yes,,FALSE
C100052,Rohit Ghosh,Female,49,Chennai,26-12-2025,Postpaid,902.2,25261.6,28,Fiber,2 Year,Card,1,Yes,,FALSE
C100053,Sneha Gupta,Female,64,Bangalore,09-01-2025,Prepaid,1129.58,59867.74,53,5G,Monthly,Cash,11,Yes,,FALSE
C100054,Vikram Ghosh,Female,37,Hyderabad,09-10-2025,Postpaid,1103.54,52969.92,48,5G,2 Year,Cash,,No,,FALSE
C100055,Sneha Ghosh,Male,34,Hyderabad,02-10-2025,Prepaid,504.12,15123.6,30,DSL,Monthly,Cash,4,No,,FALSE
C100056,Ananya Roy,Female,24,Calcutta,29-12-2025,Prepaid,802.62,20065.5,25,5G,Monthly,UPI,8,No,,FALSE
C100057,Riya Das,Male,62,Chennai,26-05-2025,Postpaid,1383.38,23517.46,17,None,1 Year,Bank Transfer,2,Yes,,FALSE
C100058,Priya Kapoor,Female,34,Kolkata,23-10-2025,Prepaid,492.95,30562.9,62,DSL,Monthly,Bank Transfer,1,Yes,,FALSE
C100059,Neha Paul,Male,25,Chennai,14-07-2025,Postpaid,1598.55,115095.6,72,None,1 Year,Cash,4,Yes,,FALSE
C100060,Sneha Sen,Female,57,Hyderabad,11-02-2025,Prepaid,1909.9,24828.7,13,DSL,Monthly,,2,Yes,,FALSE
C100061,Riya Singh,Male,44,Mumbai,28-05-2025,Postpaid,1470.93,85313.94,58,None,Monthly,Card,4,Yes,,FALSE
C100062,Amit Singh,Male,45,Kolkata,31-01-2025,Prepaid,1224.76,18371.4,15,5G,2 Year,Bank Transfer,7,Yes,,FALSE
C100063,Rohit Dey,Female,47,Bangalore,11-02-2025,Prepaid,1488.55,58053.45,39,None,2 Year,Bank Transfer,9,No,,FALSE
C100064,Neha Paul,Male,19,Hyderabad,18-05-2025,Prepaid,688.17,8258.04,12,DSL,1 Year,Cash,4,Yes,,FALSE
C100065,Riya Das,Female,55,Delhi,29-07-2025,Postpaid,1378.13,77175.28,56,5G,2 Year,UPI,2,No,,FALSE
C100066,Sourav Dey,Male,44,,15-02-2025,Postpaid,788.97,50494.08,64,5G,1 Year,UPI,12,No,,FALSE
C100067,Rahul Dey,Female,73,Bangaluru,28-01-2025,Prepaid,1701.38,112291.08,66,5G,2 Year,Cash,10,No,,FALSE
C100068,Vikram Roy,Female,66,Bangalore,24-12-2025,Postpaid,645.05,4515.35,7,Fiber,Monthly,Card,11,Yes,,FALSE
C100069,Sourav das,Male,37,Kolkata,25-08-2025,Prepaid,322.25,22879.75,71,DSL,1 Year,Bank Transfer,8,No,,FALSE
C100070,Sneha Gupta,Male,44,Bangalore,08-04-2025,Prepaid,1965.42,121856.04,62,Fiber,1 Year,Cash,5,No,,FALSE
C100071,Rohit Paul,Female,70,Mumbai,17-08-2025,Postpaid,779.83,779.83,1,5G,1 Year,Cash,7,No,,FALSE
C100072,Sneha Paul,Female,73,Mumbai,30-07-2025,Prepaid,1966.32,49158,25,5G,2 Year,Cash,11,No,,FALSE
C100073,rahul Roy,Female,42,Kolkata,14-08-2025,Prepaid,1141.06,22821.2,20,None,Monthly,Card,6,Yes,,FALSE
C100074,Rohit Ghosh,Female,22,Hyderabad,11-02-2025,Postpaid,1627.59,99282.99,61,None,1 Year,Cash,8,Yes,,FALSE
C100075,Rohit Sen,Male,57,Bangalore,20-02-2025,Prepaid,698.11,6282.99,9,None,Monthly,Bank Transfer,0,Yes,,FALSE
C100076,Ananya Kapoor,Male,38,Mumbai,29-09-2025,Postpaid,797.73,6381.84,8,DSL,Monthly,Card,,No,,FALSE
C100077,Neha Roy,Male,57,Bangalore,23-11-2025,Postpaid,1145.03,35495.93,31,None,1 Year,UPI,12,No,,FALSE
C100078,Amit Das,Female,75,Delhi,28-10-2025,Postpaid,1450.94,53684.78,37,None,2 Year,Bank Transfer,7,No,,FALSE
C100079,Priya Sen,Female,30,Chennai,03-07-2025,Postpaid,1749.67,87483.5,50,5G,Monthly,Cash,4,Yes,,FALSE
C100080,Riya Singh,Male,54,,30-06-2025,Prepaid,1847.05,12929.35,7,DSL,2 Year,Bank Transfer,10,Yes,,FALSE
C100081,Rahul singh,Female,58,Kolkata,24-10-2025,Postpaid,,23852.27,13,DSL,Monthly,Bank Transfer,5,No,,FALSE
C100082,Vikram Ghosh,Female,29,Mumbai,12-05-2025,Postpaid,523.67,13615.42,26,5G,2 Year,Bank Transfer,12,Yes,,FALSE
C100083,Sneha Kapoor,Female,47,Calcutta,22-07-2025,Prepaid,538.29,5382.9,10,5G,2 Year,UPI,7,No,,FALSE
C100084,Ananya Das,Male,61,Bangaluru,13-01-2025,Postpaid,1292.75,43953.5,34,DSL,2 Year,UPI,10,No,,FALSE
C100085,Priya Roy,Male,62,,05-06-2025,Postpaid,1402.71,54705.69,39,Fiber,Monthly,Card,8,Yes,,FALSE
C100086,Vikram Kapoor,Male,42,Bangalore,02-12-2025,Prepaid,929.72,54853.48,59,None,2 Year,Cash,4,Yes,,FALSE
C100087,Riya Sen,Female,62,Kolkata,18-12-2025,Postpaid,668.36,32081.28,48,5G,Monthly,Cash,4,Yes,,FALSE
C100088,Sneha Paul,Male,25,Kolkata,20-06-2025,Prepaid,454.84,26835.56,59,DSL,2 Year,card,1,Yes,,FALSE
C100089,Sneha Ghosh,Male,55,Chennai,02-01-2025,Postpaid,1681.19,47073.32,28,DSL,Monthly,,12,Yes,,FALSE
C100090,Ananya Sen,Female,25,Kolkata,31-03-2025,Postpaid,523.07,2092.28,4,Fiber,Monthly,Cash,8,Yes,,FALSE
C100091,Ananya Dey,Male,65,Bangalore,15-09-2025,Prepaid,1108.62,9977.58,9,Fiber,2 Year,Bank Transfer,7,Yes,,FALSE
C100092,Sourav Das,Female,21,Hyderabad,16-08-2025,Prepaid,1739.41,107843.42,62,Fiber,1 Year,Card,1,Yes,,FALSE
C100093,Sourav Paul,Female,35,Bangalore,16-09-2025,Postpaid,1509.66,107185.86,71,Fiber,2 Year,UPI,10,Yes,,FALSE
C100094,Sourav Ghosh,Female,45,Bangalore,01-08-2025,Prepaid,1808.75,104907.5,58,5G,1 Year,Bank Transfer,,No,,FALSE
C100095,Riya das,Male,41,Kolkata,17-02-2025,Postpaid,1466.6,29332,20,Fiber,2 Year,Bank Transfer,12,Yes,,FALSE
C100096,Vikram Dey,Female,53,Hyderabad,04-03-2025,Postpaid,1295.99,10367.92,8,5G,2 Year,,11,Yes,,FALSE
C100097,Neha Dey,Male,36,Mumbai,03-12-2025,Postpaid,896.8,35872,40,DSL,Monthly,Bank Transfer,8,No,,FALSE
C100098,Sourav Dey,Male,25,Chennai,03-12-2025,Postpaid,1274.97,45898.92,36,Fiber,Monthly,Bank Transfer,11,No,,FALSE
C100099,Amit Paul,Female,39,Kolkata,14-03-2025,Prepaid,309.38,13922.1,45,Fiber,2 Year,Card,6,No,,FALSE
C100100,Rohit Ghosh,Male,47,Kolkata,21-03-2025,Prepaid,566.6,24930.4,44,Fiber,2 Year,,4,No,,FALSE
C100101,Riya Kapoor,Female,60,Mumbai,20-09-2025,Prepaid,1124.62,61854.1,55,5G,1 Year,UPI,4,No,,FALSE
C100102,Sourav Paul,Male,51,Kolkata,15-04-2025,Postpaid,376.21,15048.4,40,DSL,Monthly,Bank Transfer,4,No,,FALSE
C100103,Sourav Roy,Male,25,Bangalore,30-09-2025,Prepaid,1144.56,1144.56,1,5G,Monthly,Cash,11,Yes,,FALSE
C100104,Priya Ghosh,Female,45,Chennai,27-07-2025,Postpaid,1080.58,3241.74,3,5G,Monthly,Cash,0,No,,FALSE
C100105,Ananya Das,Female,28,Kolkata,05-05-2025,Postpaid,1713.44,101092.96,59,None,2 Year,UPI,6,No,,FALSE
C100106,Amit Das,Male,65,Chennai,19-09-2025,Prepaid,675.67,29729.48,44,5G,1 Year,Card,3,Yes,,FALSE
C100107,Neha Roy,Male,27,,18-11-2025,Postpaid,634.36,20933.88,33,None,2 Year,Cash,10,No,,FALSE
C100108,Priya Gupta,Female,73,Hyderabad,05-06-2025,Postpaid,,22780.83,41,Fiber,1 Year,UPI,4,No,,FALSE
C100109,Rohit Das,Male,46,Chennai,01-11-2025,Postpaid,395.71,1978.55,5,None,2 Year,,7,Yes,,FALSE
C100110,Rahul Gupta,Male,38,Delhi,13-02-2025,Prepaid,1151.32,70230.52,61,Fiber,Monthly,Cash,7,Yes,,FALSE
C100111,Sourav Kapoor,Female,41,Hyderabad,03-11-2025,Prepaid,1859.49,89255.52,48,5G,Monthly,Bank Transfer,1,No,,FALSE
C100112,Neha Roy,Female,36,Kolkata,26-10-2025,Prepaid,1529.35,50468.55,33,5G,1 Year,Cash,2,Yes,,FALSE
C100113,Ananya Roy,Male,37,Hyderabad,10-12-2025,Postpaid,939.35,67633.2,72,5G,Monthly,Bank Transfer,4,Yes,,FALSE
C100114,Riya Sen,Male,31,Mumbai,21-03-2025,Prepaid,1910.04,84041.76,44,5G,Monthly,UPI,10,No,,FALSE
C100115,Amit Roy,Male,74,Hyderabad,16-11-2025,Prepaid,1314.32,22343.44,17,None,Monthly,Cash,5,Yes,,FALSE
C100116,Riya Sen,Male,46,Delhi,29-08-2025,Prepaid,1578.06,58388.22,37,5G,2 Year,Cash,7,No,,FALSE
C100117,Sourav Roy,Male,67,Chennai,12-03-2025,Postpaid,1153.94,56543.06,49,Fiber,2 Year,Cash,5,Yes,,FALSE
C100118,Rohit Das,Male,63,Delhi,19-08-2025,Prepaid,1745.98,116980.66,67,None,Monthly,Card,7,No,,FALSE
C100119,Vikram Ghosh,Male,19,Bangalore,11-02-2025,Postpaid,389.54,21035.16,54,DSL,Monthly,Bank Transfer,,No,,FALSE
C100120,Rohit Gupta,Male,68,Hyderabad,29-08-2025,Postpaid,532.92,10125.48,19,Fiber,Monthly,UPI,4,Yes,,FALSE
C100121,Neha Dey,Female,71,Kolkata,28-05-2025,Prepaid,1231.97,24639.4,20,5G,Monthly,UPI,3,No,,FALSE
C100122,Riya Paul,Male,58,Hyderabad,21-09-2025,Prepaid,405.77,23940.43,59,DSL,1 Year,Cash,0,No,,FALSE
C100123,Priya Dey,Female,33,Kolkata,27-09-2025,Prepaid,617.43,33341.22,54,None,1 Year,UPI,10,No,,FALSE
C100124,Ananya Das,Female,41,Mumbai,03-12-2025,Prepaid,,51791.52,33,5G,Monthly,UPI,5,No,,FALSE
C100125,Riya Gupta,Male,70,Mumbai,02-02-2025,Postpaid,1710.65,39344.95,23,Fiber,1 Year,Card,0,Yes,,FALSE
C100126,Rohit Dey,Female,74,Chennai,31-08-2025,Postpaid,835.51,5013.06,6,Fiber,2 Year,Card,4,No,,FALSE
C100127,Ananya Singh,Male,73,Delhi,12-08-2025,Postpaid,1770.86,12396.02,7,None,1 Year,Bank Transfer,2,No,,FALSE
C100128,Vikram Singh,Male,62,Hyderabad,06-08-2025,Prepaid,923.49,59103.36,64,None,2 Year,,8,No,,FALSE
C100129,Rohit Singh,Female,38,Chennai,07-08-2025,Prepaid,435.12,6091.68,14,None,1 Year,Cash,0,No,,FALSE
C100130,Rahul Das,Female,57,Delhi,20-09-2025,Prepaid,765.74,42881.44,56,Fiber,Monthly,Cash,0,Yes,,FALSE
C100131,Ananya Ghosh,Female,22,Chennai,17-01-2025,Prepaid,1622.48,50296.88,31,None,1 Year,Bank Transfer,7,Yes,,FALSE
C100132,Sourav Ghosh,Female,54,Mumbai,28-02-2025,Prepaid,1199.08,21583.44,18,DSL,1 Year,Cash,8,Yes,,FALSE
C100133,Sneha Paul,Female,34,Hyderabad,09-09-2025,Prepaid,1495.86,50859.24,34,Fiber,Monthly,UPI,7,Yes,,FALSE
C100134,Ananya Ghosh,Male,75,Chennai,05-10-2025,Postpaid,1994.35,113677.95,57,5G,Monthly,Card,12,No,,FALSE
C100135,Sneha Roy,Male,50,Bangalore,14-01-2025,Postpaid,505.32,14654.28,29,5G,1 Year,Card,9,Yes,,FALSE
C100136,Riya Dey,Female,22,Bangalore,22-10-2025,Prepaid,975.87,39034.8,40,DSL,1 Year,UPI,7,No,,FALSE
C100137,Vikram Paul,Male,61,Mumbai,10-08-2025,Prepaid,884.68,59273.56,67,Fiber,2 Year,Card,4,Yes,,FALSE
C100138,Sneha Ghosh,Female,28,Kolkata,09-05-2025,Prepaid,1888.05,79298.1,42,5G,Monthly,Bank Transfer,9,Yes,,FALSE
C100139,Neha Roy,Male,50,Hyderabad,16-11-2025,Postpaid,1305.07,28711.54,22,Fiber,Monthly,UPI,0,No,,FALSE
C100140,Sourav Paul,Male,59,Bangalore,18-11-2025,Postpaid,1602.83,43276.41,27,5G,1 Year,,12,No,,FALSE
C100141,Rahul Roy,Female,37,Bangalore,05-09-2025,Postpaid,423.05,24959.95,59,DSL,1 Year,Card,5,No,,FALSE
C100142,Amit Ghosh,Male,64,Delhi,04-05-2025,Postpaid,1957.14,88071.3,45,Fiber,1 Year,Cash,,Yes,,FALSE
C100143,Sourav Paul,Female,24,Mumbai,23-03-2025,Postpaid,792.36,5546.52,7,5G,Monthly,Card,7,No,,FALSE
C100144,Priya Kapoor,Female,49,Mumbai,21-04-2025,Postpaid,1144.53,45781.2,40,Fiber,Monthly,Bank Transfer,7,No,,FALSE
C100145,Priya Kapoor,Male,36,Delhi,07-07-2025,Postpaid,312.9,21590.1,69,5G,Monthly,Cash,0,Yes,,FALSE
C100146,Sourav Dey,Female,41,Chennai,24-05-2025,Prepaid,789.62,56063.02,71,DSL,Monthly,Cash,5,No,,FALSE
C100147,Sneha Paul,Female,53,Chennai,21-01-2025,Prepaid,1582.44,74374.68,47,Fiber,Monthly,Bank Transfer,12,No,,FALSE
C100148,Vikram Roy,Female,51,Chennai,13-06-2025,Prepaid,552.2,32579.8,59,None,2 Year,Bank Transfer,9,No,,FALSE
C100149,Neha Singh,Female,50,Kolkata,08-07-2025,Postpaid,1203.98,79462.68,66,Fiber,1 Year,Bank Transfer,12,Yes,,FALSE
C100150,Neha Paul,Male,56,Hyderabad,27-01-2025,Postpaid,750.4,45774.4,61,DSL,2 Year,Cash,2,Yes,,FALSE
C100151,Riya Ghosh,Female,20,Mumbai,31-07-2025,Prepaid,623.33,9349.95,15,None,2 Year,Cash,11,Yes,,FALSE
C100152,Vikram Ghosh,Female,63,Chennai,12-07-2025,Postpaid,1180.76,21253.68,18,DSL,1 Year,Bank Transfer,8,No,,FALSE
C100153,Sneha Sen,Female,61,Chennai,02-06-2025,Prepaid,1336.13,45428.42,34,5G,1 Year,Card,11,No,,FALSE
C100154,Rohit Singh,Male,38,Chennai,13-12-2025,Postpaid,891.97,55302.14,62,None,1 Year,Card,4,Yes,,FALSE
C100155,Riya Singh,Female,36,Mumbai,14-04-2025,Postpaid,887.82,9766.02,11,5G,Monthly,UPI,9,Yes,,FALSE
C100156,Vikram Sen,Male,33,Kolkata,21-02-2025,Postpaid,1437.72,10064.04,7,5G,2 Year,Cash,1,Yes,,FALSE
C100157,Amit Kapoor,Female,18,Bangalore,30-11-2025,Prepaid,1961.45,139262.95,71,5G,1 Year,Bank Transfer,10,Yes,,FALSE
C100158,Sneha Dey,Male,67,,02-08-2025,Prepaid,1407.91,16894.92,12,Fiber,1 Year,Cash,2,No,,FALSE
C100159,Neha Paul,Male,74,Delhi,26-05-2025,Postpaid,314.75,1573.75,5,None,Monthly,Cash,4,Yes,,FALSE
C100160,Riya Singh,Male,69,Kolkata,22-06-2025,Postpaid,861.16,12917.4,15,DSL,Monthly,Cash,6,No,,FALSE
C100161,Amit Roy,Female,23,Delhi,08-05-2025,Prepaid,1436.73,74709.96,52,5G,1 Year,Card,7,No,,FALSE
C100162,Neha Sharma,Female,39,Hyderabad,04-07-2025,Prepaid,1289.18,50278.02,39,Fiber,2 Year,UPI,7,No,,FALSE
C100163,Rohit Das,Female,28,Delhi,11-11-2025,Prepaid,1465.33,76197.16,52,DSL,Monthly,Cash,2,No,,FALSE
C100164,Vikram Gupta,Male,65,Mumbai,15-12-2025,Prepaid,1005.94,48285.12,48,None,2 Year,Bank Transfer,1,Yes,,FALSE
C100165,Sneha Paul,Male,21,Mumbai,17-06-2025,Postpaid,1833.91,130207.61,71,Fiber,2 Year,Card,11,No,,FALSE
C100166,Rahul Gupta,Male,23,Chennai,01-08-2025,Postpaid,1056.32,69717.12,66,Fiber,2 Year,Cash,10,No,,FALSE
C100167,Rahul Sen,Male,64,Kolkata,05-08-2025,Postpaid,972.11,2916.33,3,Fiber,2 Year,UPI,1,No,,FALSE
C100168,Amit Kapoor,Female,20,Bangalore,18-08-2025,Postpaid,994.07,36780.59,37,None,Monthly,Card,10,No,,FALSE
C100169,Sourav Dey,Male,25,,25-04-2025,Prepaid,1986.84,45697.32,23,Fiber,1 Year,Cash,10,No,,FALSE
C100170,Sneha Gupta,Female,52,Mumbai,22-05-2025,Prepaid,1698.71,83236.79,49,Fiber,Monthly,Cash,9,Yes,,FALSE
C100171,Neha Sharma,Female,33,Chennai,11-12-2025,Prepaid,413.39,11161.53,27,DSL,2 Year,UPI,6,No,,FALSE
C100172,Rahul Roy,Female,32,Mumbai,22-10-2025,Postpaid,668.36,46785.2,70,5G,Monthly,Bank Transfer,2,Yes,,FALSE
C100173,Vikram Paul,Male,44,Hyderabad,14-12-2025,Postpaid,766.76,29903.64,39,None,Monthly,Bank Transfer,10,No,,FALSE
C100174,Sourav Kapoor,Male,68,Delhi,12-07-2025,Prepaid,,57177.8,68,None,Monthly,Card,4,Yes,,FALSE
C100175,Vikram Kapoor,Female,69,Chennai,29-09-2025,Prepaid,1854.06,111243.6,60,None,Monthly,Bank Transfer,3,No,,FALSE
C100176,Ananya Das,Male,59,Kolkata,18-05-2025,Postpaid,1866.78,20534.58,11,Fiber,Monthly,Card,12,Yes,,FALSE
C100177,Ananya Singh,Male,48,Mumbai,08-04-2025,Prepaid,1777.11,47981.97,27,None,Monthly,Card,6,Yes,,FALSE
C100178,Sourav Gupta,Female,53,Delhi,14-05-2025,Postpaid,1617.37,67929.54,42,None,1 Year,UPI,12,No,,FALSE
C100179,Ananya Ghosh,Female,66,Kolkata,16-10-2025,Prepaid,1853.36,75987.76,41,DSL,Monthly,Bank Transfer,8,No,,FALSE
C100180,Sneha Kapoor,Male,36,,09-10-2025,Postpaid,632.53,12650.6,20,5G,1 Year,Cash,7,Yes,,FALSE
C100181,Vikram Gupta,Male,64,Chennai,25-11-2025,Prepaid,586.75,26990.5,46,Fiber,Monthly,UPI,12,Yes,,FALSE
C100182,Sneha Das,Male,44,Kolkata,22-04-2025,Postpaid,1731.33,31163.94,18,5G,Monthly,Cash,10,No,,FALSE
C100183,Sourav Sharma,Male,19,Chennai,21-05-2025,Postpaid,1203.76,1203.76,1,Fiber,2 Year,Cash,12,Yes,,FALSE
C100184,Sneha Sen,Female,24,Delhi,17-05-2025,Postpaid,1190.46,15475.98,13,Fiber,1 Year,Cash,7,Yes,,FALSE
C100185,Priya Sharma,Male,62,Bangalore,14-07-2025,Postpaid,808.96,23459.84,29,None,Monthly,UPI,11,Yes,,FALSE
C100186,Ananya Paul,Male,23,Chennai,22-01-2025,Prepaid,1736.06,111107.84,64,DSL,2 Year,Cash,4,Yes,,FALSE
C100187,Neha Sharma,Male,22,Delhi,09-01-2025,Prepaid,1827.83,65801.88,36,DSL,2 Year,Cash,1,No,,FALSE
C100188,Sourav Dey,Female,28,Bangalore,13-03-2025,Prepaid,1262.38,39133.78,31,5G,Monthly,UPI,6,Yes,,FALSE
C100189,Neha Paul,Female,71,Delhi,16-01-2025,Postpaid,878.01,8780.1,10,None,1 Year,Card,5,No,,FALSE
C100190,Sourav Das,Female,45,Mumbai,07-02-2025,Prepaid,1454.48,34907.52,24,5G,Monthly,Cash,11,Yes,,FALSE
C100191,Priya Das,Male,65,Delhi,16-08-2025,Postpaid,837.35,41867.5,50,5G,Monthly,Card,1,Yes,,FALSE
C100192,Vikram Kapoor,Male,45,Kolkata,15-02-2025,Postpaid,1245.87,72260.46,58,Fiber,2 Year,Bank Transfer,6,Yes,,FALSE
C100193,Priya Dey,Male,36,Chennai,24-09-2025,Prepaid,958.26,50787.78,53,None,Monthly,Card,4,No,,FALSE
C100194,Amit Kapoor,Female,35,Bangalore,03-06-2025,Postpaid,547.09,35013.76,64,Fiber,1 Year,Bank Transfer,3,No,,FALSE
C100195,Amit Singh,Male,56,Bangalore,20-06-2025,Postpaid,1077.36,28011.36,26,5G,1 Year,,6,Yes,,FALSE
C100196,Sneha Gupta,Female,37,Mumbai,23-07-2025,Postpaid,1324.46,55627.32,42,5G,2 Year,Cash,9,Yes,,FALSE
C100197,Sourav Ghosh,Male,38,Chennai,13-04-2025,Prepaid,775.51,37999.99,49,Fiber,2 Year,Cash,11,Yes,,FALSE
C100198,Priya Kapoor,Female,46,Mumbai,21-11-2025,Postpaid,1712.18,65062.84,38,DSL,1 Year,Card,11,No,,FALSE
C100199,Neha Gupta,Female,68,Chennai,17-09-2025,Postpaid,424.74,20812.26,49,Fiber,1 Year,UPI,1,Yes,,FALSE
C100200,Neha Sharma,Female,60,,09-08-2025,Prepaid,581.78,26761.88,46,Fiber,Monthly,Bank Transfer,3,Yes,,FALSE
C100201,Neha Dey,Male,46,Delhi,13-01-2025,Postpaid,963.93,46268.64,48,Fiber,1 Year,Cash,1,Yes,,FALSE
C100202,Ananya Gupta,Male,71,Chennai,05-09-2025,Postpaid,891.16,16932.04,19,None,Monthly,Cash,11,No,,FALSE
C100203,Priya Sharma,Female,38,Hyderabad,25-02-2025,Prepaid,809.45,7285.05,9,DSL,2 Year,Card,8,Yes,,FALSE
C100204,Riya Sen,Female,39,Hyderabad,05-04-2025,Prepaid,1023.83,73715.76,72,None,1 Year,UPI,11,Yes,,FALSE
C100205,Sneha Sen,Female,46,Hyderabad,02-02-2025,Prepaid,960.02,52801.1,55,DSL,1 Year,Bank Transfer,3,No,,FALSE
C100206,Riya Dey,Female,25,Chennai,18-07-2025,Postpaid,1439.19,48932.46,34,Fiber,1 Year,Bank Transfer,7,Yes,,FALSE
C100207,Neha Das,Male,70,Delhi,02-03-2025,Prepaid,1860.76,72569.64,39,5G,Monthly,Card,5,Yes,,FALSE
C100208,Amit Paul,Female,50,Bangalore,06-04-2025,Postpaid,1010.01,50500.5,50,DSL,2 Year,Card,7,No,,FALSE
C100209,Riya Paul,Male,26,Delhi,05-01-2025,Postpaid,833.79,20010.96,24,DSL,Monthly,Cash,8,No,,FALSE
C100210,Riya Gupta,Male,44,Kolkata,17-10-2025,Prepaid,1005.57,63350.91,63,DSL,1 Year,UPI,4,Yes,,FALSE
C100211,Riya Paul,Female,52,Chennai,19-09-2025,Prepaid,584.96,21643.52,37,Fiber,1 Year,Bank Transfer,8,Yes,,FALSE
C100212,Sourav Das,Male,66,Delhi,17-01-2025,Postpaid,1227.8,69984.6,57,5G,1 Year,UPI,7,Yes,,FALSE
C100213,Neha Ghosh,Female,67,Mumbai,12-11-2025,Prepaid,655.79,20329.49,31,DSL,Monthly,UPI,9,No,,FALSE
C100214,Amit Ghosh,Female,52,Delhi,21-10-2025,Postpaid,1313.66,47291.76,36,Fiber,Monthly,Cash,0,No,,FALSE
C100215,Amit Sen,Male,73,Hyderabad,14-06-2025,Prepaid,1491.43,25354.31,17,None,1 Year,Card,9,No,,FALSE
C100216,Priya Das,Female,58,Chennai,23-05-2025,Postpaid,936.79,50586.66,54,None,1 Year,Bank Transfer,9,Yes,,FALSE
C100217,Riya Ghosh,Male,73,Chennai,23-07-2025,Prepaid,1541.58,18498.96,12,None,Monthly,Cash,4,No,,FALSE
C100218,Neha Roy,Female,71,Delhi,16-12-2025,Prepaid,873.18,32307.66,37,Fiber,Monthly,Cash,0,Yes,,FALSE
C100219,Rahul Kapoor,Male,72,Hyderabad,09-03-2025,Postpaid,1049.19,22032.99,21,DSL,1 Year,UPI,10,No,,FALSE
C100220,Amit Sharma,Female,34,Hyderabad,06-06-2025,Prepaid,931.13,10242.43,11,None,2 Year,UPI,11,Yes,,FALSE
C100221,Amit Paul,Male,18,Chennai,15-12-2025,Postpaid,1109.57,31067.96,28,Fiber,Monthly,Bank Transfer,1,No,,FALSE
C100222,Sneha Kapoor,Male,62,Hyderabad,22-02-2025,Prepaid,1111.09,18888.53,17,5G,1 Year,Bank Transfer,2,No,,FALSE
C100223,Amit Das,Male,67,Chennai,29-11-2025,Prepaid,1389.68,25014.24,18,None,1 Year,Card,10,Yes,,FALSE
C100224,Priya Das,Male,44,Kolkata,29-10-2025,Postpaid,1760.94,100373.58,57,5G,1 Year,Bank Transfer,12,Yes,,FALSE
C100225,Sneha Dey,Female,33,Hyderabad,14-01-2025,Postpaid,1394.85,50214.6,36,DSL,2 Year,Card,11,No,,FALSE
C100226,Sneha Gupta,Female,36,Kolkata,04-05-2025,Postpaid,1631.46,11420.22,7,Fiber,2 Year,UPI,5,No,,FALSE
C100227,Neha Kapoor,Female,26,Chennai,16-12-2025,Prepaid,1762.38,88119,50,None,Monthly,UPI,9,Yes,,FALSE
C100228,Rahul Kapoor,Female,18,,31-12-2025,Postpaid,665.76,22635.84,34,None,2 Year,Cash,1,Yes,,FALSE
C100229,Vikram Sen,Male,35,,17-06-2025,Postpaid,825.84,9084.24,11,Fiber,1 Year,,11,Yes,,FALSE
C100230,Sourav Das,Female,21,Chennai,08-11-2025,Prepaid,445.56,14257.92,32,5G,2 Year,Card,1,Yes,,FALSE
C100231,Amit Gupta,Female,63,Chennai,22-09-2025,Postpaid,1491.55,26847.9,18,DSL,1 Year,Card,11,No,,FALSE
C100232,Rahul Ghosh,Female,64,Delhi,26-09-2025,Prepaid,1610.43,25766.88,16,5G,2 Year,UPI,7,No,,FALSE
C100233,Neha Roy,Female,50,Mumbai,11-05-2025,Prepaid,393.25,18482.75,47,Fiber,Monthly,UPI,0,Yes,,FALSE
C100234,Sourav Roy,Male,33,Kolkata,11-10-2025,Postpaid,1101,6606,6,DSL,1 Year,Card,6,No,,FALSE
C100235,Priya Dey,Male,35,Mumbai,25-04-2025,Prepaid,1270.61,12706.1,10,None,Monthly,Cash,4,No,,FALSE
C100236,Rahul Ghosh,Male,38,Delhi,16-10-2025,Postpaid,1239.26,14871.12,12,DSL,1 Year,Bank Transfer,9,No,,FALSE
C100237,Vikram Sen,Male,67,Kolkata,29-07-2025,Prepaid,1544.19,40148.94,26,DSL,2 Year,Bank Transfer,10,Yes,,FALSE
C100238,Sourav Singh,Male,39,Mumbai,29-09-2025,Prepaid,1589.18,1589.18,1,None,1 Year,,2,No,,FALSE
C100239,Vikram Kapoor,Female,23,Bangalore,13-02-2025,Prepaid,1865.17,11191.02,6,DSL,2 Year,Cash,1,Yes,,FALSE
C100240,Rohit Ghosh,Female,45,Hyderabad,17-06-2025,Postpaid,701.51,11925.67,17,None,1 Year,Card,1,Yes,,FALSE
C100241,Amit Gupta,Female,26,,28-07-2025,Prepaid,563.2,7884.8,14,5G,Monthly,Cash,4,No,,FALSE
C100242,Rohit Paul,Male,34,Mumbai,17-06-2025,Prepaid,452.72,7243.52,16,Fiber,2 Year,Card,5,No,,FALSE
C100243,Rohit Roy,Male,50,Bangalore,20-08-2025,Prepaid,1450.21,10151.47,7,Fiber,1 Year,UPI,12,Yes,,FALSE
C100244,Sneha Roy,Male,25,Bangalore,10-07-2025,Prepaid,403.84,807.68,2,5G,Monthly,UPI,1,Yes,,FALSE
C100245,Priya Ghosh,Male,75,Kolkata,25-08-2025,Prepaid,1674.81,95464.17,57,DSL,2 Year,Cash,11,No,,FALSE
C100246,Sourav Roy,Female,49,Mumbai,06-04-2025,Postpaid,949.64,3798.56,4,5G,1 Year,Card,0,Yes,,FALSE
C100247,Vikram Gupta,Male,59,Kolkata,24-05-2025,Postpaid,1147.12,43590.56,38,DSL,1 Year,Card,10,Yes,,FALSE
C100248,Sourav Ghosh,Female,58,Chennai,06-09-2025,Postpaid,1650.24,115516.8,70,5G,1 Year,Bank Transfer,2,Yes,,FALSE
C100249,Rohit Sharma,Female,38,,03-07-2025,Prepaid,348.82,10115.78,29,DSL,Monthly,Card,10,Yes,,FALSE
C100250,Rahul Sen,Female,35,Delhi,30-03-2025,Prepaid,1686.68,116380.92,69,DSL,2 Year,Bank Transfer,12,No,,FALSE
C100251,Ananya Paul,Male,55,Chennai,07-04-2025,Postpaid,1494.87,5979.48,4,5G,Monthly,Cash,0,Yes,,FALSE
C100252,Rahul Dey,Female,21,Kolkata,19-06-2025,Prepaid,1321.83,39654.9,30,DSL,1 Year,Card,12,No,,FALSE
C100253,Amit Das,Female,21,Kolkata,11-07-2025,Postpaid,550.11,1650.33,3,Fiber,1 Year,Bank Transfer,5,Yes,,FALSE
C100254,Riya Ghosh,Male,28,Hyderabad,15-10-2025,Postpaid,1645.13,92127.28,56,DSL,2 Year,Card,6,No,,FALSE
C100255,Rahul Paul,Female,64,Chennai,17-01-2025,Prepaid,515.49,19588.62,38,5G,2 Year,Card,10,Yes,,FALSE
C100256,Priya Sen,Female,49,Delhi,27-03-2025,Prepaid,861.99,16377.81,19,5G,1 Year,UPI,4,Yes,,FALSE
C100257,Priya Sharma,Male,33,Bangalore,13-08-2025,Postpaid,894.82,8053.38,9,DSL,1 Year,Cash,6,No,,FALSE
C100258,Riya Paul,Male,52,Mumbai,20-08-2025,Prepaid,471.43,23100.07,49,Fiber,1 Year,UPI,5,No,,FALSE
C100259,Sourav Roy,Male,24,Chennai,17-02-2025,Postpaid,880.07,8800.7,10,None,2 Year,UPI,6,Yes,,FALSE
C100260,Priya Ghosh,Male,56,Mumbai,29-07-2025,Postpaid,566.08,31700.48,56,5G,1 Year,Card,1,Yes,,FALSE
C100261,Amit Sharma,Female,43,Kolkata,07-08-2025,Prepaid,1726.75,122599.25,71,5G,2 Year,Cash,3,Yes,,FALSE
C100262,Rohit Das,Female,19,Kolkata,07-06-2025,Postpaid,589.41,15914.07,27,None,1 Year,Bank Transfer,1,No,,FALSE
C100263,Ananya Roy,Female,29,Kolkata,15-05-2025,Postpaid,1804.34,86608.32,48,None,1 Year,Card,4,Yes,,FALSE
C100264,Ananya Dey,Female,27,Chennai,27-04-2025,Prepaid,444.7,5781.1,13,None,2 Year,Cash,8,No,,FALSE
C100265,Priya Kapoor,Male,54,Chennai,20-10-2025,Prepaid,1108.65,34368.15,31,Fiber,1 Year,Card,2,Yes,,FALSE
C100266,Sourav Das,Female,69,Mumbai,18-11-2025,Prepaid,513.52,12838,25,5G,1 Year,UPI,1,No,,FALSE
C100267,Rohit Dey,Female,53,Kolkata,25-12-2025,Postpaid,1237.49,63111.99,51,Fiber,1 Year,Card,2,Yes,,FALSE
C100268,Vikram Ghosh,Female,24,Delhi,16-07-2025,Postpaid,1634.77,21252.01,13,None,Monthly,Card,4,No,,FALSE
C100269,Ananya Sen,Male,27,Hyderabad,01-09-2025,Postpaid,364.93,18976.36,52,5G,Monthly,Bank Transfer,12,No,,FALSE
C100270,Priya Sen,Male,37,Delhi,15-08-2025,Postpaid,1731.84,62346.24,36,5G,2 Year,Cash,9,Yes,,FALSE
C100271,Sourav Gupta,Female,30,Kolkata,21-09-2025,Prepaid,658.36,37526.52,57,Fiber,1 Year,Cash,2,Yes,,FALSE
C100272,Sneha Sharma,Male,29,Kolkata,22-08-2025,Prepaid,1786.81,44670.25,25,5G,2 Year,Card,4,No,,FALSE
C100273,Priya Sharma,Male,70,Delhi,08-09-2025,Postpaid,1157.71,69462.6,60,DSL,1 Year,Bank Transfer,5,Yes,,FALSE
C100274,Priya Singh,Male,71,Bangalore,26-01-2025,Prepaid,1572.23,53455.82,34,DSL,Monthly,Card,10,Yes,,FALSE
C100275,Rahul Gupta,Male,35,Hyderabad,30-03-2025,Prepaid,1171.58,62093.74,53,DSL,1 Year,Bank Transfer,11,No,,FALSE
C100276,Riya Singh,Male,45,Bangalore,04-06-2025,Postpaid,1746.7,85588.3,49,Fiber,Monthly,Bank Transfer,8,No,,FALSE
C100277,Ananya Singh,Female,37,Delhi,14-05-2025,Postpaid,1117.96,15651.44,14,DSL,Monthly,Card,0,No,,FALSE
C100278,Rahul Gupta,Female,60,Delhi,03-08-2025,Postpaid,1456.28,59707.48,41,None,2 Year,UPI,9,Yes,,FALSE
C100279,Riya Ghosh,Female,39,Mumbai,03-12-2025,Prepaid,1465.74,42506.46,29,5G,Monthly,Cash,2,No,,FALSE
C100280,Amit Ghosh,Male,64,Mumbai,01-07-2025,Prepaid,1595.96,114909.12,72,5G,1 Year,Bank Transfer,5,No,,FALSE
C100281,Priya Gupta,Male,55,Hyderabad,26-10-2025,Prepaid,1087.39,41320.82,38,None,Monthly,UPI,10,No,,FALSE
C100282,Amit Roy,Male,51,Delhi,29-07-2025,Postpaid,1001.28,39049.92,39,DSL,1 Year,Card,12,Yes,,FALSE
C100283,Amit Ghosh,Male,49,Kolkata,20-08-2025,Postpaid,1371.76,58985.68,43,DSL,Monthly,,7,Yes,,FALSE
C100284,Sourav Kapoor,Female,26,Bangalore,03-01-2025,Prepaid,1375.93,77052.08,56,DSL,2 Year,Bank Transfer,0,No,,FALSE
C100285,Rahul Sen,Male,66,Hyderabad,26-06-2025,Postpaid,622.98,42362.64,68,DSL,Monthly,Cash,8,No,,FALSE
C100286,Rohit Singh,Female,28,Hyderabad,24-09-2025,Postpaid,1699.53,15295.77,9,None,2 Year,Card,5,No,,FALSE
C100287,Sourav Sharma,Male,40,Mumbai,09-03-2025,Prepaid,579.3,14482.5,25,Fiber,2 Year,Card,1,No,,FALSE
C100288,Rohit Dey,Male,63,Chennai,25-01-2025,Prepaid,936.83,4684.15,5,Fiber,Monthly,UPI,6,No,,FALSE
C100289,Riya Roy,Male,42,Hyderabad,18-12-2025,Prepaid,1229.38,19670.08,16,5G,1 Year,UPI,10,No,,FALSE
C100290,Priya Dey,Male,57,Delhi,28-02-2025,Prepaid,1011,18198,18,None,Monthly,Card,12,No,,FALSE
C100291,Ananya Kapoor,Female,71,Mumbai,21-01-2025,Postpaid,1953.3,130871.1,67,DSL,2 Year,Cash,5,Yes,,FALSE
C100292,Priya Paul,Female,18,Mumbai,16-02-2025,Prepaid,1440.78,2881.56,2,Fiber,1 Year,Card,7,No,,FALSE
C100293,Amit Sharma,Female,34,Delhi,13-12-2025,Postpaid,384.14,23048.4,60,None,2 Year,UPI,1,Yes,,FALSE
C100294,Amit Ghosh,Female,18,Bangalore,15-11-2025,Postpaid,1426.7,25680.6,18,Fiber,1 Year,Bank Transfer,2,Yes,,FALSE
C100295,Rohit Kapoor,Female,43,Bangalore,29-11-2025,Prepaid,1934.93,100616.36,52,Fiber,Monthly,UPI,2,Yes,,FALSE
C100296,Riya Roy,Female,44,Delhi,10-11-2025,Prepaid,1662.85,103096.7,62,DSL,1 Year,Cash,1,No,,FALSE
C100297,Ananya Sharma,Male,46,,23-06-2025,Prepaid,406.67,2440.02,6,None,2 Year,Card,7,No,,FALSE
C100298,Vikram Paul,Male,60,Kolkata,26-11-2025,Prepaid,551.71,27585.5,50,None,1 Year,Card,1,No,,FALSE
C100299,Rohit Sharma,Male,38,Chennai,26-11-2025,Postpaid,861.52,26707.12,31,None,Monthly,UPI,7,No,,FALSE
C100300,Riya Gupta,Female,69,Kolkata,12-09-2025,Prepaid,448.63,26020.54,58,Fiber,1 Year,Cash,0,Yes,,FALSE
C100301,Neha Singh,Male,70,Hyderabad,10-12-2025,Postpaid,1645.03,19740.36,12,5G,1 Year,UPI,3,No,,FALSE
C100302,Neha Gupta,Female,39,Hyderabad,20-08-2025,Prepaid,1603.61,115459.92,72,Fiber,2 Year,Card,0,No,,FALSE
C100303,Ananya Das,Male,40,Mumbai,10-09-2025,Prepaid,1230.07,46742.66,38,None,Monthly,Bank Transfer,9,Yes,,FALSE
C100304,Sourav Sen,Female,30,Mumbai,23-06-2025,Prepaid,1880.37,30085.92,16,None,Monthly,UPI,12,No,,FALSE
C100305,Riya Sharma,Male,47,Chennai,10-08-2025,Postpaid,,34312.2,65,DSL,2 Year,Card,11,Yes,,FALSE
C100306,Neha Ghosh,Female,24,Bangalore,08-11-2025,Prepaid,1416.79,70839.5,50,5G,1 Year,Bank Transfer,4,No,,FALSE
C100307,Neha Dey,Female,69,Hyderabad,08-10-2025,Postpaid,533.91,9610.38,18,DSL,Monthly,Card,9,No,,FALSE
C100308,Amit Roy,Female,61,Hyderabad,01-03-2025,Postpaid,1865.03,83926.35,45,None,2 Year,Cash,10,No,,FALSE
C100309,Vikram Das,Male,74,Bangalore,16-03-2025,Prepaid,1673.12,92021.6,55,Fiber,Monthly,Bank Transfer,12,Yes,,FALSE
C100310,Rahul Singh,Male,36,Chennai,17-01-2025,Postpaid,547.93,18081.69,33,None,Monthly,Card,11,No,,FALSE
C100311,Rohit Sharma,Female,33,Bangalore,02-08-2025,Postpaid,1632.32,107733.12,66,Fiber,Monthly,Bank Transfer,3,No,,FALSE
C100312,Ananya Paul,Male,71,Hyderabad,10-04-2025,Postpaid,1848.53,53607.37,29,None,Monthly,UPI,2,Yes,,FALSE
C100313,Rahul Kapoor,Female,65,Chennai,16-05-2025,Prepaid,501.9,33125.4,66,DSL,2 Year,Bank Transfer,0,No,,FALSE
C100314,Ananya Paul,Male,47,Hyderabad,12-11-2025,Postpaid,366.9,7338,20,None,2 Year,Bank Transfer,1,No,,FALSE
C100315,Vikram Das,Male,51,Bangalore,06-10-2025,Postpaid,1925.88,55850.52,29,Fiber,1 Year,Card,3,No,,FALSE
C100316,Neha Dey,Female,39,Chennai,29-11-2025,Prepaid,798.08,37509.76,47,Fiber,2 Year,Bank Transfer,7,Yes,,FALSE
C100317,Ananya Kapoor,Male,75,Bangalore,12-05-2025,Postpaid,1929.12,61731.84,32,Fiber,2 Year,Bank Transfer,8,No,,FALSE
C100318,Sneha Ghosh,Male,49,Kolkata,27-03-2025,Prepaid,802.94,4817.64,6,Fiber,Monthly,Card,10,No,,FALSE
C100319,Sourav Das,Male,71,Kolkata,24-08-2025,Postpaid,,9078.86,14,Fiber,Monthly,UPI,0,Yes,,FALSE
C100320,Neha Sen,Female,68,Bangalore,18-07-2025,Postpaid,1247.74,41175.42,33,None,1 Year,Bank Transfer,0,No,,FALSE
C100321,Neha Das,Male,61,Hyderabad,07-02-2025,Postpaid,1208.22,19331.52,16,Fiber,1 Year,Bank Transfer,9,Yes,,FALSE
C100322,Rahul Gupta,Male,36,Chennai,23-04-2025,Prepaid,947.4,54001.8,57,None,2 Year,Bank Transfer,10,Yes,,FALSE
C100323,Rahul Dey,Male,37,Kolkata,22-01-2025,Prepaid,1926.57,92475.36,48,None,2 Year,UPI,4,Yes,,FALSE
C100324,Vikram Roy,Male,65,Mumbai,24-04-2025,Postpaid,658.95,29652.75,45,DSL,Monthly,Card,10,Yes,,FALSE
C100325,Vikram Das,Female,72,Hyderabad,04-02-2025,Postpaid,1083.15,76903.65,71,Fiber,Monthly,Cash,5,No,,FALSE
C100326,Neha Das,Male,26,Delhi,06-09-2025,Postpaid,469.08,14541.48,31,5G,2 Year,Bank Transfer,11,Yes,,FALSE
C100327,Sourav Roy,Male,54,Delhi,07-05-2025,Prepaid,1672.09,78588.23,47,None,1 Year,Bank Transfer,2,No,,FALSE
C100328,Ananya Singh,Female,74,Chennai,25-02-2025,Prepaid,1085.84,67322.08,62,Fiber,1 Year,Card,8,Yes,,FALSE
C100329,Rahul Dey,Male,34,Chennai,24-10-2025,Postpaid,1535.62,15356.2,10,DSL,Monthly,Bank Transfer,8,No,,FALSE
C100330,Sneha Paul,Female,59,Mumbai,26-08-2025,Prepaid,920.89,18417.8,20,None,1 Year,UPI,10,Yes,,FALSE
C100331,Amit Gupta,Male,72,Mumbai,17-10-2025,Prepaid,1586.25,34897.5,22,None,1 Year,UPI,3,No,,FALSE
C100332,Sneha Sharma,Male,32,Chennai,04-07-2025,Postpaid,748.41,6735.69,9,None,1 Year,UPI,0,No,,FALSE
C100333,Rohit Singh,Male,24,Bangalore,01-12-2025,Postpaid,1376.06,92196.02,67,5G,2 Year,UPI,8,No,,FALSE
C100334,Ananya Ghosh,Female,42,,06-11-2025,Prepaid,1176.83,34128.07,29,DSL,1 Year,Card,3,Yes,,FALSE
C100335,Amit Roy,Female,50,Chennai,02-03-2025,Prepaid,658.58,23708.88,36,None,1 Year,UPI,7,No,,FALSE
C100336,Sourav Sharma,Male,48,Kolkata,07-03-2025,Prepaid,1303.34,35190.18,27,DSL,2 Year,UPI,9,Yes,,FALSE
C100337,Amit Dey,Female,21,Chennai,16-10-2025,Prepaid,738.04,16236.88,22,5G,Monthly,Card,,No,,FALSE
C100338,Sourav Paul,Male,73,Chennai,04-04-2025,Postpaid,588.96,36515.52,62,DSL,2 Year,Bank Transfer,,Yes,,FALSE
C100339,Priya Sharma,Male,32,Chennai,16-09-2025,Postpaid,954.29,46760.21,49,DSL,2 Year,UPI,2,No,,FALSE
C100340,Vikram Dey,Male,75,Kolkata,04-09-2025,Prepaid,1791.18,8955.9,5,Fiber,2 Year,Cash,8,No,,FALSE
C100341,Sourav Sen,Female,41,Bangalore,29-06-2025,Prepaid,1484.99,8909.94,6,None,Monthly,Bank Transfer,7,Yes,,FALSE
C100342,Vikram Kapoor,Female,72,Mumbai,03-01-2025,Prepaid,,8586.05,11,Fiber,2 Year,UPI,6,Yes,,FALSE
C100343,Priya Roy,Female,62,Hyderabad,27-10-2025,Postpaid,994.04,40755.64,41,5G,2 Year,Cash,9,No,,FALSE
C100344,Sourav Sen,Female,57,Chennai,13-10-2025,Postpaid,1985.06,71462.16,36,DSL,1 Year,Cash,4,No,,FALSE
C100345,Sourav Roy,Male,54,Hyderabad,28-04-2025,Postpaid,1615.13,72680.85,45,DSL,Monthly,Card,8,No,,FALSE
C100346,Neha Sharma,Male,68,Bangalore,22-11-2025,Prepaid,1660.45,73059.8,44,Fiber,Monthly,Cash,9,No,,FALSE
C100347,Ananya Das,Male,23,Hyderabad,16-07-2025,Postpaid,746.26,6716.34,9,5G,2 Year,UPI,12,Yes,,FALSE
C100348,Sneha Dey,Female,58,Mumbai,18-01-2025,Prepaid,1045.25,66896,64,DSL,2 Year,UPI,5,Yes,,FALSE
C100349,Priya Singh,Female,59,Delhi,09-12-2025,Postpaid,1957.6,1957.6,1,None,2 Year,Card,8,Yes,,FALSE
C100350,Vikram Singh,Female,65,Delhi,22-05-2025,Prepaid,1861.6,16754.4,9,DSL,1 Year,Cash,9,Yes,,FALSE
C100351,Priya Dey,Male,34,Chennai,31-05-2025,Postpaid,991.13,22795.99,23,Fiber,2 Year,Bank Transfer,8,No,,FALSE
C100352,Neha Gupta,Male,62,Delhi,23-08-2025,Postpaid,1941.29,110653.53,57,Fiber,1 Year,UPI,,Yes,,FALSE
C100353,Sneha Ghosh,Female,42,Delhi,22-09-2025,Prepaid,1449.75,42042.75,29,5G,Monthly,Bank Transfer,1,No,,FALSE
C100354,Amit Gupta,Female,61,Delhi,22-04-2025,Postpaid,428.25,18843,44,DSL,2 Year,Card,7,Yes,,FALSE
C100355,Sneha Sen,Male,33,Mumbai,13-11-2025,Postpaid,1782.66,55262.46,31,DSL,Monthly,UPI,1,No,,FALSE
C100356,Vikram Sharma,Female,57,Delhi,14-11-2025,Postpaid,1598.22,1598.22,1,None,2 Year,Bank Transfer,7,Yes,,FALSE
C100357,Sneha Paul,Male,66,Kolkata,27-09-2025,Postpaid,775.45,51179.7,66,None,2 Year,UPI,8,No,,FALSE
C100358,Priya Dey,Female,43,Delhi,19-12-2025,Prepaid,1076.23,24753.29,23,Fiber,2 Year,Card,6,Yes,,FALSE
C100359,Rohit Roy,Female,38,Mumbai,18-05-2025,Postpaid,1340.72,63013.84,47,5G,1 Year,Card,7,No,,FALSE
C100360,Ananya Ghosh,Female,31,Delhi,19-08-2025,Prepaid,1490.21,80471.34,54,DSL,2 Year,Card,1,No,,FALSE
C100361,Sourav Sen,Male,69,Hyderabad,18-03-2025,Postpaid,1243.08,38535.48,31,Fiber,Monthly,Cash,7,Yes,,FALSE
C100362,Ananya Gupta,Female,75,Delhi,15-10-2025,Prepaid,1206.77,80853.59,67,None,Monthly,Card,0,Yes,,FALSE
C100363,Priya Gupta,Female,70,Delhi,04-07-2025,Postpaid,1109.12,36600.96,33,5G,1 Year,UPI,6,Yes,,FALSE
C100364,Vikram Roy,Female,40,Delhi,16-06-2025,Postpaid,1279.65,33270.9,26,None,Monthly,Cash,9,No,,FALSE
C100365,Ananya Kapoor,Female,47,Kolkata,10-02-2025,Prepaid,1775.04,33725.76,19,5G,Monthly,Bank Transfer,5,No,,FALSE
C100366,Sourav Singh,Female,63,Delhi,28-10-2025,Postpaid,1328.15,46485.25,35,None,Monthly,Card,0,Yes,,FALSE
C100367,Priya Sen,Male,64,Bangalore,22-02-2025,Prepaid,1424.44,44157.64,31,Fiber,1 Year,UPI,0,No,,FALSE
C100368,Neha Roy,Male,51,Hyderabad,19-07-2025,Postpaid,475.68,5232.48,11,DSL,Monthly,Bank Transfer,7,Yes,,FALSE
C100369,Rahul Sharma,Female,26,Delhi,01-09-2025,Postpaid,1724.48,117264.64,68,5G,2 Year,Cash,2,Yes,,FALSE
C100370,Neha Kapoor,Female,55,Delhi,04-09-2025,Prepaid,,80935.02,59,Fiber,1 Year,Bank Transfer,5,No,,FALSE
C100371,Rahul Dey,Male,34,Delhi,27-05-2025,Postpaid,815.07,16301.4,20,Fiber,2 Year,Cash,12,No,,FALSE
C100372,Rohit Paul,Male,37,Kolkata,08-10-2025,Postpaid,1600.98,3201.96,2,DSL,1 Year,Cash,6,Yes,,FALSE
C100373,Sneha Singh,Male,28,Bangalore,17-11-2025,Prepaid,1707.33,85366.5,50,5G,1 Year,Bank Transfer,6,Yes,,FALSE
C100374,Rohit Das,Female,72,,20-08-2025,Postpaid,609.09,5481.81,9,None,Monthly,Bank Transfer,0,Yes,,FALSE
C100375,Priya Singh,Female,21,Mumbai,13-08-2025,Prepaid,336.62,23226.78,69,DSL,Monthly,Card,0,No,,FALSE
C100376,Riya Ghosh,Female,31,Hyderabad,17-01-2025,Postpaid,1013.41,44590.04,44,Fiber,Monthly,UPI,4,No,,FALSE
C100377,Sneha Singh,Female,22,Kolkata,04-03-2025,Prepaid,1098.25,76877.5,70,None,1 Year,Card,11,Yes,,FALSE
C100378,Priya Dey,Male,30,Bangalore,19-07-2025,Postpaid,1549.05,91393.95,59,5G,Monthly,UPI,11,Yes,,FALSE
C100379,Sneha Ghosh,Male,34,Hyderabad,22-04-2025,Prepaid,1384.48,85837.76,62,DSL,2 Year,Cash,5,Yes,,FALSE
C100380,Sourav Sen,Male,28,Kolkata,25-10-2025,Postpaid,1292.98,46547.28,36,DSL,1 Year,UPI,3,Yes,,FALSE
C100381,Ananya Sharma,Male,49,Delhi,27-11-2025,Prepaid,1465.11,17581.32,12,Fiber,Monthly,Cash,3,No,,FALSE
C100382,Riya Sen,Male,53,Hyderabad,13-07-2025,Postpaid,1668.39,75077.55,45,DSL,1 Year,UPI,7,No,,FALSE
C100383,Riya Sen,Male,53,Chennai,28-06-2025,Postpaid,1221.65,46422.7,38,None,1 Year,Card,1,Yes,,FALSE
C100384,Vikram Ghosh,Female,46,Kolkata,23-11-2025,Postpaid,1692.01,64296.38,38,DSL,Monthly,Bank Transfer,12,Yes,,FALSE
C100385,Vikram Kapoor,Male,38,Chennai,16-12-2025,Postpaid,1418.09,12762.81,9,DSL,2 Year,Bank Transfer,5,No,,FALSE
C100386,Vikram Das,Male,59,Mumbai,02-04-2025,Prepaid,486.79,20445.18,42,DSL,Monthly,Cash,3,Yes,,FALSE
C100387,Vikram Paul,Female,20,Kolkata,07-07-2025,Prepaid,1417.47,70873.5,50,Fiber,Monthly,Card,10,No,,FALSE
C100388,Rahul Ghosh,Female,74,Delhi,29-12-2025,Prepaid,1094.7,12041.7,11,5G,2 Year,UPI,11,Yes,,FALSE
C100389,Sneha Dey,Male,71,Kolkata,29-04-2025,Postpaid,431.49,16828.11,39,DSL,Monthly,Card,9,Yes,,FALSE
C100390,Priya Paul,Female,53,Hyderabad,23-08-2025,Postpaid,1004.81,72346.32,72,Fiber,Monthly,Card,8,No,,FALSE
C100391,Vikram Paul,Female,50,Delhi,11-06-2025,Postpaid,1416.8,62339.2,44,5G,1 Year,Cash,11,No,,FALSE
C100392,Sneha Kapoor,Female,56,Delhi,20-08-2025,Postpaid,1256.35,38946.85,31,None,Monthly,UPI,4,Yes,,FALSE
C100393,Rohit Sharma,Female,51,Mumbai,20-04-2025,Postpaid,1987.8,35780.4,18,Fiber,2 Year,Bank Transfer,8,Yes,,FALSE
C100394,Amit Roy,Female,24,,26-10-2025,Prepaid,1081.63,5408.15,5,DSL,1 Year,Bank Transfer,1,No,,FALSE
C100395,Ananya Gupta,Male,54,Bangalore,20-12-2025,Prepaid,1547.25,43323,28,5G,Monthly,Cash,1,Yes,,FALSE
C100396,Sourav Kapoor,Male,67,Mumbai,01-12-2025,Prepaid,890.48,38290.64,43,None,Monthly,Bank Transfer,8,Yes,,FALSE
C100397,Ananya Dey,Male,38,Mumbai,26-01-2025,Postpaid,1259.35,88154.5,70,None,2 Year,UPI,3,No,,FALSE
C100398,Ananya Das,Female,36,Chennai,26-01-2025,Postpaid,550.62,28081.62,51,5G,Monthly,Cash,8,No,,FALSE
C100399,Riya Dey,Male,67,Bangalore,22-07-2025,Prepaid,1594.46,27105.82,17,DSL,Monthly,UPI,4,No,,FALSE
C100400,Sourav Kapoor,Female,38,Delhi,08-04-2025,Postpaid,490.3,5883.6,12,5G,2 Year,UPI,12,No,,FALSE
C100401,Riya Paul,Male,28,Bangalore,23-01-2025,Prepaid,1346.58,60596.1,45,DSL,2 Year,Bank Transfer,2,Yes,,FALSE
C100402,Neha Roy,Female,25,Kolkata,25-06-2025,Prepaid,712.18,4985.26,7,5G,1 Year,Cash,0,No,,FALSE
C100403,Vikram Dey,Female,31,Chennai,05-09-2025,Prepaid,659.19,45484.11,69,Fiber,1 Year,UPI,4,Yes,,FALSE
C100404,Neha Singh,Male,21,Bangalore,02-12-2025,Prepaid,640.18,23686.66,37,Fiber,1 Year,Bank Transfer,10,No,,FALSE
C100405,Sourav Sen,Female,73,Chennai,30-12-2025,Prepaid,331.43,4640.02,14,5G,1 Year,UPI,2,Yes,,FALSE
C100406,Rahul Sharma,Male,50,Chennai,06-06-2025,Postpaid,1252.17,73878.03,59,None,1 Year,Card,0,No,,FALSE
C100407,Rohit Sen,Female,61,Kolkata,17-11-2025,Postpaid,903.14,41544.44,46,None,Monthly,Bank Transfer,3,Yes,,FALSE
C100408,Priya Kapoor,Male,39,Bangalore,04-05-2025,Prepaid,1415.78,72204.78,51,None,1 Year,Bank Transfer,7,Yes,,FALSE
C100409,Sneha Roy,Female,31,Hyderabad,28-12-2025,Prepaid,1286.75,23161.5,18,None,Monthly,Card,5,Yes,,FALSE
C100410,Priya Roy,Female,53,Mumbai,16-01-2025,Postpaid,1911.62,131901.78,69,None,1 Year,Bank Transfer,7,No,,FALSE
C100411,Amit Sharma,Female,27,Chennai,18-10-2025,Prepaid,480.51,12012.75,25,DSL,Monthly,UPI,5,Yes,,FALSE
C100412,Neha Gupta,Female,62,Mumbai,18-07-2025,Postpaid,526.95,32670.9,62,None,Monthly,,3,Yes,,FALSE
C100413,Rahul Singh,Female,20,Mumbai,10-12-2025,Prepaid,1598.72,84732.16,53,DSL,Monthly,Card,7,No,,FALSE
C100414,Sneha Kapoor,Female,62,Kolkata,08-11-2025,Postpaid,1772.52,74445.84,42,5G,1 Year,UPI,8,Yes,,FALSE
C100415,Rahul Sen,Female,46,Hyderabad,21-01-2025,Postpaid,1704.92,100590.28,59,Fiber,Monthly,Bank Transfer,7,No,,FALSE
C100416,Rohit Gupta,Male,74,Bangalore,31-05-2025,Prepaid,1614.25,62955.75,39,DSL,1 Year,Cash,1,Yes,,FALSE
C100417,Sourav Ghosh,Female,29,Kolkata,02-04-2025,Postpaid,529.02,37031.4,70,DSL,1 Year,UPI,4,No,,FALSE
C100418,Priya Das,Male,62,Hyderabad,19-08-2025,Postpaid,1520.24,31925.04,21,Fiber,2 Year,Cash,11,Yes,,FALSE
C100419,Amit Ghosh,Male,42,Mumbai,16-03-2025,Prepaid,946.03,67168.13,71,Fiber,1 Year,Bank Transfer,4,No,,FALSE
C100420,Amit Sen,Male,36,Chennai,10-05-2025,Prepaid,498.84,11972.16,24,None,1 Year,Cash,8,Yes,,FALSE
C100421,Neha Gupta,Female,56,Bangalore,15-08-2025,Prepaid,703.39,45016.96,64,Fiber,Monthly,Bank Transfer,9,Yes,,FALSE
C100422,Ananya Sharma,Male,21,Kolkata,08-12-2025,Postpaid,551.04,13224.96,24,5G,Monthly,UPI,1,No,,FALSE
C100423,Neha Paul,Male,29,Bangalore,24-10-2025,Postpaid,1441.55,30272.55,21,Fiber,Monthly,Bank Transfer,5,No,,FALSE
C100424,Sourav Dey,Male,75,Delhi,30-08-2025,Prepaid,1693.45,82979.05,49,Fiber,2 Year,Bank Transfer,5,No,,FALSE
C100425,Neha Sharma,Male,51,Chennai,19-11-2025,Prepaid,1481.91,40011.57,27,None,2 Year,Bank Transfer,6,No,,FALSE
C100426,Neha Ghosh,Male,34,Chennai,16-10-2025,Postpaid,1276.74,86818.32,68,None,1 Year,Card,9,Yes,,FALSE
C100427,Rahul Das,Male,63,Bangalore,17-11-2025,Prepaid,1963.74,74622.12,38,DSL,2 Year,Cash,6,Yes,,FALSE
C100428,Sneha Sharma,Male,39,Hyderabad,25-05-2025,Postpaid,1251.71,56326.95,45,Fiber,1 Year,Bank Transfer,8,No,,FALSE
C100429,Ananya Ghosh,Female,67,Hyderabad,19-10-2025,Prepaid,492.52,492.52,1,DSL,Monthly,Bank Transfer,5,No,,FALSE
C100430,Riya Roy,Female,48,Chennai,21-06-2025,Postpaid,1396.61,6983.05,5,None,2 Year,UPI,8,No,,FALSE
C100431,Rahul Sen,Female,54,Delhi,03-02-2025,Prepaid,1242.8,50954.8,41,5G,Monthly,Bank Transfer,6,Yes,,FALSE
C100432,Priya Singh,Female,54,Hyderabad,17-01-2025,Postpaid,617.54,30877,50,None,Monthly,Cash,3,No,,FALSE
C100433,Rohit Roy,Male,46,Delhi,20-01-2025,Prepaid,666.44,25991.16,39,Fiber,1 Year,UPI,12,No,,FALSE
C100434,Ananya Gupta,Female,75,Delhi,15-03-2025,Prepaid,560.93,36460.45,65,DSL,Monthly,UPI,7,No,,FALSE
C100435,Rohit Sharma,Male,63,Delhi,28-08-2025,Prepaid,495.92,33226.64,67,Fiber,2 Year,Bank Transfer,0,No,,FALSE
C100436,Sneha Singh,Female,58,Chennai,13-06-2025,Postpaid,844.5,22801.5,27,Fiber,1 Year,Card,2,No,,FALSE
C100437,Vikram Dey,Male,25,Mumbai,05-10-2025,Postpaid,1928.11,3856.22,2,5G,1 Year,Card,11,No,,FALSE
C100438,Rohit Paul,Female,54,Chennai,16-08-2025,Prepaid,590.17,18885.44,32,DSL,Monthly,Cash,10,Yes,,FALSE
C100439,Sourav Kapoor,Male,24,Hyderabad,02-11-2025,Postpaid,390.46,19523,50,5G,1 Year,Bank Transfer,3,Yes,,FALSE
C100440,Priya Gupta,Male,66,Bangalore,08-06-2025,Postpaid,1264.24,75854.4,60,None,Monthly,Card,2,No,,FALSE
C100441,Ananya Ghosh,Female,41,Bangalore,16-01-2025,Prepaid,610.7,31145.7,51,None,Monthly,Bank Transfer,7,No,,FALSE
C100442,Ananya Paul,Male,72,Chennai,22-02-2025,Postpaid,778.84,17134.48,22,Fiber,1 Year,UPI,12,No,,FALSE
C100443,Sourav Sen,Male,52,Chennai,23-03-2025,Postpaid,980.39,58823.4,60,None,Monthly,Bank Transfer,3,No,,FALSE
C100444,Ananya Dey,Male,68,Mumbai,06-12-2025,Prepaid,1263.26,70742.56,56,None,Monthly,Cash,5,Yes,,FALSE
C100445,Sourav Das,Male,70,Hyderabad,02-11-2025,Postpaid,598.5,34114.5,57,5G,1 Year,UPI,1,Yes,,FALSE
C100446,Rahul Roy,Male,70,Bangalore,30-09-2025,Postpaid,1807.34,32532.12,18,None,2 Year,Cash,3,Yes,,FALSE
C100447,Rohit Kapoor,Female,61,Kolkata,26-10-2025,Prepaid,808.55,33150.55,41,None,Monthly,Bank Transfer,0,No,,FALSE
C100448,Rahul Dey,Female,75,Kolkata,25-05-2025,Prepaid,1944.43,138054.53,71,DSL,1 Year,Cash,10,No,,FALSE
C100449,Sourav Dey,Male,63,Hyderabad,30-03-2025,Postpaid,989.26,48473.74,49,DSL,Monthly,Cash,5,No,,FALSE
C100450,Amit Roy,Male,27,Kolkata,28-11-2025,Prepaid,1994.68,73803.16,37,DSL,2 Year,Cash,10,No,,FALSE
C100451,Sourav Gupta,Female,26,Chennai,03-04-2025,Postpaid,532.27,5854.97,11,None,2 Year,Cash,6,No,,FALSE
C100452,Rahul Paul,Female,32,Hyderabad,02-05-2025,Postpaid,1021.11,24506.64,24,None,2 Year,Bank Transfer,0,Yes,,FALSE
C100453,Priya Paul,Female,54,Hyderabad,10-02-2025,Prepaid,1497.3,92832.6,62,5G,1 Year,UPI,8,Yes,,FALSE
C100454,Priya Dey,Female,33,Chennai,28-01-2025,Postpaid,1371.13,83638.93,61,Fiber,1 Year,Cash,8,No,,FALSE
C100455,Rohit Singh,Male,54,Kolkata,22-12-2025,Postpaid,1014.73,43633.39,43,5G,Monthly,Cash,9,Yes,,FALSE
C100456,Rohit Paul,Male,54,Delhi,06-09-2025,Prepaid,1414.74,9903.18,7,DSL,2 Year,UPI,12,No,,FALSE
C100457,Rohit Singh,Male,34,Hyderabad,27-02-2025,Prepaid,1345.86,22879.62,17,DSL,2 Year,Cash,5,Yes,,FALSE
C100458,Vikram Sharma,Female,34,Kolkata,16-03-2025,Prepaid,1123.36,34824.16,31,None,1 Year,Cash,3,No,,FALSE
C100459,Ananya Sharma,Female,64,Kolkata,27-01-2025,Prepaid,657.46,14464.12,22,None,1 Year,Cash,4,No,,FALSE
C100460,Sourav Gupta,Female,65,Mumbai,29-09-2025,Postpaid,696.22,48039.18,69,Fiber,1 Year,Cash,6,No,,FALSE
C100461,Vikram Ghosh,Female,51,Chennai,30-11-2025,Postpaid,464.52,2787.12,6,5G,1 Year,Bank Transfer,12,Yes,,FALSE
C100462,Sneha Paul,Male,34,Chennai,22-06-2025,Prepaid,1082.88,55226.88,51,5G,2 Year,UPI,10,Yes,,FALSE
C100463,Priya Dey,Male,71,Hyderabad,17-08-2025,Postpaid,319.33,2873.97,9,DSL,2 Year,Bank Transfer,4,Yes,,FALSE
C100464,Rahul Paul,Male,20,Chennai,23-11-2025,Prepaid,1351.98,5407.92,4,Fiber,Monthly,Card,6,Yes,,FALSE
C100465,Rohit Singh,Female,75,Hyderabad,08-02-2025,Postpaid,1481.61,22224.15,15,5G,1 Year,Bank Transfer,4,Yes,,FALSE
C100466,Rahul Kapoor,Female,67,,31-01-2025,Postpaid,770.39,7703.9,10,5G,Monthly,Cash,1,No,,FALSE
C100467,Riya Das,Male,30,Chennai,09-08-2025,Prepaid,602.35,30719.85,51,Fiber,1 Year,Bank Transfer,1,Yes,,FALSE
C100468,Rohit Gupta,Male,22,Bangalore,18-03-2025,Prepaid,1270.29,12702.9,10,Fiber,2 Year,Cash,4,Yes,,FALSE
C100469,Neha Sharma,Female,62,,12-08-2025,Postpaid,1836.85,78984.55,43,Fiber,2 Year,Card,0,No,,FALSE
C100470,Vikram Ghosh,Female,62,Hyderabad,05-06-2025,Postpaid,505.05,31313.1,62,Fiber,2 Year,UPI,5,No,,FALSE
C100471,Rohit Sen,Male,23,Chennai,21-01-2025,Postpaid,1591.77,93914.43,59,DSL,1 Year,Cash,1,No,,FALSE
C100472,Riya Sen,Male,49,Kolkata,09-04-2025,Prepaid,1803.86,19842.46,11,DSL,1 Year,Cash,1,No,,FALSE
C100473,Riya Sharma,Male,49,Delhi,29-01-2025,Postpaid,1939.42,133819.98,69,Fiber,1 Year,UPI,3,No,,FALSE
C100474,Neha Sen,Male,61,Kolkata,14-03-2025,Postpaid,552.22,38103.18,69,Fiber,1 Year,UPI,3,Yes,,FALSE
C100475,Rohit Das,Female,18,Chennai,29-03-2025,Prepaid,1374.52,31613.96,23,Fiber,Monthly,Cash,9,Yes,,FALSE
C100476,Sourav Ghosh,Male,22,Hyderabad,22-10-2025,Prepaid,1023.56,26612.56,26,5G,Monthly,UPI,9,Yes,,FALSE
C100477,Amit Kapoor,Male,39,Hyderabad,09-07-2025,Prepaid,504.27,4538.43,9,None,Monthly,UPI,2,Yes,,FALSE
C100478,Rahul Gupta,Male,68,Kolkata,04-01-2025,Prepaid,1621.02,79429.98,49,Fiber,2 Year,Bank Transfer,6,No,,FALSE
C100479,Rohit Dey,Female,62,Bangalore,03-05-2025,Prepaid,649.47,11040.99,17,Fiber,2 Year,,11,No,,FALSE
C100480,Rohit Ghosh,Female,57,Kolkata,13-10-2025,Prepaid,1365.23,16382.76,12,DSL,Monthly,UPI,9,No,,FALSE
C100481,Riya Sen,Female,73,Kolkata,10-04-2025,Prepaid,1161.82,81327.4,70,DSL,2 Year,Cash,7,Yes,,FALSE
C100482,Ananya Singh,Male,28,Bangalore,09-05-2025,Postpaid,390.85,2345.1,6,None,Monthly,UPI,11,Yes,,FALSE
C100483,Rahul Gupta,Male,52,Kolkata,01-05-2025,Postpaid,567.68,13056.64,23,5G,1 Year,Card,11,No,,FALSE
C100484,Priya Sen,Female,32,Mumbai,12-07-2025,Prepaid,853.42,12801.3,15,Fiber,1 Year,Cash,0,No,,FALSE
C100485,Riya Roy,Female,27,Delhi,11-03-2025,Postpaid,1876.41,52539.48,28,DSL,2 Year,Bank Transfer,4,Yes,,FALSE
C100486,Neha Sharma,Female,39,Mumbai,26-02-2025,Postpaid,353.56,6010.52,17,None,1 Year,Card,12,No,,FALSE
C100487,Neha Roy,Male,32,,30-07-2025,Postpaid,1325.18,50356.84,38,DSL,2 Year,Cash,7,No,,FALSE
C100488,Sneha Sen,Female,18,Bangalore,24-10-2025,Prepaid,1550.5,85277.5,55,DSL,2 Year,UPI,6,Yes,,FALSE
C100489,Vikram Sharma,Female,20,Chennai,21-07-2025,Postpaid,1545.91,94300.51,61,Fiber,1 Year,Cash,3,Yes,,FALSE
C100490,Sourav Sen,Male,53,Delhi,01-06-2025,Prepaid,1477.37,2954.74,2,Fiber,Monthly,Cash,10,No,,FALSE
C100491,Neha Sharma,Female,28,Bangalore,12-03-2025,Postpaid,1757.47,103690.73,59,DSL,1 Year,,11,Yes,,FALSE
C100492,Ananya Dey,Male,73,Delhi,07-08-2025,Postpaid,953.29,9532.9,10,DSL,2 Year,UPI,9,No,,FALSE
C100493,Ananya Sharma,Male,65,Bangalore,07-07-2025,Postpaid,1174.05,9392.4,8,Fiber,1 Year,Bank Transfer,2,Yes,,FALSE
C100494,Ananya Sen,Male,53,Hyderabad,02-09-2025,Prepaid,534.29,14425.83,27,DSL,1 Year,Bank Transfer,4,No,,FALSE
C100495,Ananya Gupta,Female,35,Chennai,27-09-2025,Prepaid,406.73,2847.11,7,None,2 Year,Bank Transfer,7,No,,FALSE
C100496,Riya Das,Male,69,Bangalore,02-04-2025,Postpaid,619.2,5572.8,9,Fiber,Monthly,Card,4,Yes,,FALSE
C100497,Sneha Dey,Male,62,Delhi,02-08-2025,Prepaid,1142.76,21712.44,19,None,1 Year,Cash,7,Yes,,FALSE
C100498,Sneha Dey,Female,36,,24-10-2025,Postpaid,406.01,10150.25,25,5G,1 Year,Cash,7,No,,FALSE
C100499,Rohit Roy,Female,54,Mumbai,05-09-2025,Postpaid,1826.08,31043.36,17,5G,Monthly,Card,5,No,,FALSE
C100500,Amit Dey,Female,47,Mumbai,31-03-2025,Prepaid,1350.67,29714.74,22,DSL,Monthly,UPI,0,No,,FALSE
C100501,Ananya Roy,Male,54,Chennai,29-12-2025,Prepaid,1048.51,17824.67,17,5G,1 Year,Card,5,No,,FALSE
C100502,Priya Sharma,Female,52,,16-03-2025,Postpaid,1206.19,25329.99,21,5G,Monthly,UPI,11,No,,FALSE
C100503,Rohit Paul,Male,59,Chennai,15-08-2025,Postpaid,1104.65,41976.7,38,Fiber,2 Year,Cash,0,Yes,,FALSE
C100504,Rahul Kapoor,Male,61,Bangalore,02-07-2025,Prepaid,497.69,35335.99,71,5G,Monthly,Card,9,Yes,,FALSE
C100505,Priya Dey,Female,68,Hyderabad,10-12-2025,Prepaid,631.72,22741.92,36,None,Monthly,Cash,5,Yes,,FALSE
C100506,Sourav Ghosh,Female,60,Delhi,07-01-2025,Postpaid,974.85,45817.95,47,5G,1 Year,Bank Transfer,7,Yes,,FALSE
C100507,Sourav Gupta,Female,31,Mumbai,06-08-2025,Postpaid,1559.6,88897.2,57,DSL,2 Year,UPI,2,Yes,,FALSE
C100508,Vikram Ghosh,Male,37,Chennai,12-07-2025,Prepaid,1979.25,120734.25,61,Fiber,1 Year,Bank Transfer,6,Yes,,FALSE
C100509,Amit Sen,Male,53,Bangalore,29-05-2025,Postpaid,1506.42,90385.2,60,Fiber,1 Year,Bank Transfer,7,No,,FALSE
C100510,Amit Singh,Female,32,Hyderabad,22-11-2025,Postpaid,1644.07,6576.28,4,Fiber,2 Year,Bank Transfer,6,Yes,,FALSE
C100511,Rohit Gupta,Male,49,Chennai,05-07-2025,Postpaid,347.35,11115.2,32,None,1 Year,Cash,11,Yes,,FALSE
C100512,Rahul Singh,Male,41,Chennai,30-01-2025,Prepaid,1545.03,101971.98,66,5G,1 Year,,5,Yes,,FALSE
C100513,Ananya Sharma,Female,21,Delhi,29-09-2025,Prepaid,912.98,31954.3,35,DSL,2 Year,Card,12,Yes,,FALSE
C100514,Ananya Singh,Female,56,Hyderabad,24-12-2025,Postpaid,1223.31,26912.82,22,Fiber,2 Year,Bank Transfer,2,Yes,,FALSE
C100515,Riya Kapoor,Female,26,Mumbai,22-02-2025,Prepaid,777.41,52086.47,67,DSL,2 Year,,3,Yes,,FALSE
C100516,Priya Roy,Male,44,Bangalore,28-06-2025,Postpaid,1856.25,109518.75,59,5G,Monthly,Cash,9,No,,FALSE
C100517,Priya Sen,Male,29,Hyderabad,14-03-2025,Prepaid,347.89,13567.71,39,5G,Monthly,Card,2,Yes,,FALSE
C100518,Riya Kapoor,Male,45,Mumbai,25-02-2025,Prepaid,431.15,6467.25,15,Fiber,1 Year,UPI,4,Yes,,FALSE
C100519,Priya Das,Male,22,Chennai,13-04-2025,Prepaid,1433.9,55922.1,39,5G,Monthly,UPI,2,No,,FALSE
C100520,Vikram Paul,Male,55,Chennai,19-10-2025,Prepaid,897.75,40398.75,45,Fiber,2 Year,UPI,8,Yes,,FALSE
C100521,Amit Dey,Male,63,Hyderabad,20-02-2025,Prepaid,1938.25,48456.25,25,None,1 Year,Card,7,Yes,,FALSE
C100522,Sourav Sen,Male,29,Bangalore,27-02-2025,Postpaid,1967.21,90491.66,46,Fiber,1 Year,UPI,8,Yes,,FALSE
C100523,Vikram Sharma,Male,49,Delhi,10-09-2025,Prepaid,1497.04,70360.88,47,None,1 Year,Cash,9,No,,FALSE
C100524,Sourav Singh,Female,61,Mumbai,05-02-2025,Postpaid,682.98,38929.86,57,5G,Monthly,UPI,10,No,,FALSE
C100525,Vikram Das,Male,61,Mumbai,22-07-2025,Postpaid,972.83,13619.62,14,Fiber,2 Year,Card,1,No,,FALSE
C100526,Sourav Das,Male,30,Bangalore,13-09-2025,Postpaid,639.45,28135.8,44,5G,2 Year,Cash,5,No,,FALSE
C100527,Vikram Singh,Male,60,Bangalore,25-02-2025,Prepaid,1977.79,102845.08,52,5G,1 Year,Cash,3,Yes,,FALSE
C100528,Priya Gupta,Male,19,Mumbai,15-07-2025,Postpaid,1553.26,20192.38,13,DSL,1 Year,UPI,12,Yes,,FALSE
C100529,Riya Sen,Female,60,Hyderabad,12-09-2025,Postpaid,1603.87,107459.29,67,5G,2 Year,Bank Transfer,12,Yes,,FALSE
C100530,Priya Kapoor,Female,66,Delhi,12-07-2025,Postpaid,1983.21,9916.05,5,None,Monthly,UPI,2,No,,FALSE
C100531,Amit Singh,Female,74,Bangalore,26-02-2025,Postpaid,1134.52,24959.44,22,None,1 Year,Card,8,Yes,,FALSE
C100532,Sourav Paul,Female,43,Delhi,14-06-2025,Prepaid,1139.97,38758.98,34,Fiber,2 Year,UPI,2,No,,FALSE
C100533,Ananya Kapoor,Male,40,Bangalore,26-06-2025,Postpaid,,6399.32,4,None,1 Year,UPI,10,Yes,,FALSE
C100534,Neha Das,Male,33,Delhi,28-02-2025,Postpaid,1400.74,43422.94,31,DSL,Monthly,Bank Transfer,0,No,,FALSE
C100535,Sourav Singh,Male,60,Hyderabad,29-08-2025,Prepaid,1264.68,69557.4,55,5G,1 Year,Cash,5,Yes,,FALSE
C100536,Sneha Ghosh,Female,69,Chennai,08-12-2025,Postpaid,469.1,29553.3,63,DSL,2 Year,Bank Transfer,5,No,,FALSE
C100537,Priya Dey,Male,30,Delhi,16-05-2025,Prepaid,1379.26,88272.64,64,5G,2 Year,Cash,12,Yes,,FALSE
C100538,Neha Das,Female,57,Delhi,04-02-2025,Postpaid,1519.1,18229.2,12,None,Monthly,Bank Transfer,12,Yes,,FALSE
C100539,Rohit Kapoor,Female,59,Mumbai,01-08-2025,Postpaid,1156.89,45118.71,39,5G,2 Year,Cash,10,Yes,,FALSE
C100540,Vikram Roy,Female,74,Mumbai,05-12-2025,Postpaid,1366.33,4098.99,3,5G,2 Year,Cash,9,Yes,,FALSE
C100541,Amit Sen,Male,51,Hyderabad,17-12-2025,Postpaid,918.27,23875.02,26,None,1 Year,Bank Transfer,1,Yes,,FALSE
C100542,Rohit Roy,Female,72,Hyderabad,04-11-2025,Prepaid,752.79,39897.87,53,None,Monthly,UPI,2,Yes,,FALSE
C100543,Rohit Gupta,Female,19,Chennai,12-08-2025,Postpaid,1653.98,52927.36,32,Fiber,Monthly,Card,4,Yes,,FALSE
C100544,Rohit Dey,Male,19,Hyderabad,22-01-2025,Postpaid,1641.44,55808.96,34,Fiber,Monthly,UPI,5,No,,FALSE
C100545,Sourav Ghosh,Male,73,Bangalore,13-03-2025,Prepaid,1829.98,16469.82,9,Fiber,2 Year,UPI,8,No,,FALSE
C100546,Priya Ghosh,Female,49,Chennai,19-07-2025,Prepaid,703.73,8444.76,12,None,Monthly,Card,1,Yes,,FALSE
C100547,Rohit Paul,Male,31,Bangalore,01-10-2025,Postpaid,1046.11,37659.96,36,Fiber,1 Year,Cash,7,Yes,,FALSE
C100548,Ananya Singh,Male,35,Hyderabad,07-11-2025,Prepaid,916.1,17405.9,19,Fiber,2 Year,Card,4,No,,FALSE
C100549,Priya Dey,Male,37,Bangalore,18-07-2025,Prepaid,1834.37,86215.39,47,None,1 Year,Bank Transfer,1,Yes,,FALSE
C100550,Amit Gupta,Female,37,Hyderabad,28-07-2025,Prepaid,1760.01,47520.27,27,5G,Monthly,Cash,7,No,,FALSE
C100551,Priya Roy,Female,71,Chennai,03-02-2025,Postpaid,1518.56,65298.08,43,None,2 Year,Bank Transfer,7,Yes,,FALSE
C100552,Amit Gupta,Male,66,Kolkata,25-07-2025,Prepaid,1389.33,9725.31,7,5G,1 Year,UPI,1,Yes,,FALSE
C100553,Amit Paul,Female,33,Delhi,20-08-2025,Postpaid,1512.06,101308.02,67,DSL,1 Year,Card,10,No,,FALSE
C100554,Sourav Ghosh,Male,69,Bangalore,13-07-2025,Prepaid,636.73,23559.01,37,Fiber,Monthly,Card,1,No,,FALSE
C100555,Amit Sharma,Female,30,Chennai,08-08-2025,Postpaid,1491.14,50698.76,34,DSL,Monthly,Bank Transfer,2,Yes,,FALSE
C100556,Riya Gupta,Male,18,Mumbai,15-04-2025,Prepaid,1038.77,70636.36,68,5G,1 Year,Cash,6,Yes,,FALSE
C100557,Rohit Sen,Female,45,Mumbai,29-07-2025,Prepaid,1319.14,35616.78,27,Fiber,1 Year,Bank Transfer,3,No,,FALSE
C100558,Riya Das,Male,33,Bangalore,10-03-2025,Postpaid,1289.94,61917.12,48,None,2 Year,Card,11,No,,FALSE
C100559,Rohit Das,Male,63,Chennai,31-01-2025,Prepaid,1550.38,85270.9,55,5G,Monthly,Cash,5,Yes,,FALSE
C100560,Sourav Singh,Female,18,Hyderabad,09-07-2025,Prepaid,1156.72,38171.76,33,Fiber,2 Year,Card,4,Yes,,FALSE
C100561,Riya Roy,Male,50,Delhi,30-12-2025,Postpaid,1880.56,120355.84,64,DSL,1 Year,UPI,5,Yes,,FALSE
C100562,Rohit Ghosh,Female,26,Delhi,15-05-2025,Postpaid,1780.86,113975.04,64,5G,1 Year,Card,5,No,,FALSE
C100563,Riya Sharma,Male,66,Mumbai,28-01-2025,Prepaid,,24873,20,DSL,Monthly,Cash,4,Yes,,FALSE
C100564,Riya Sharma,Female,63,Delhi,30-12-2025,Postpaid,1040.93,62455.8,60,None,1 Year,UPI,11,Yes,,FALSE
C100565,Rohit Roy,Male,25,Hyderabad,18-09-2025,Postpaid,458.08,20613.6,45,DSL,2 Year,UPI,8,Yes,,FALSE
C100566,Riya Das,Female,44,Kolkata,26-05-2025,Prepaid,717.47,7174.7,10,None,1 Year,UPI,5,Yes,,FALSE
C100567,Riya Gupta,Female,19,Chennai,03-12-2025,Prepaid,1081.4,11895.4,11,5G,Monthly,Cash,5,Yes,,FALSE
C100568,Rohit Ghosh,Male,31,Hyderabad,06-02-2025,Postpaid,1661.65,11631.55,7,Fiber,1 Year,Bank Transfer,2,Yes,,FALSE
C100569,Sneha Roy,Female,67,Bangalore,26-05-2025,Prepaid,450.62,23432.24,52,Fiber,1 Year,Cash,12,No,,FALSE
C100570,Neha Roy,Female,65,Hyderabad,19-02-2025,Postpaid,1835.35,73414,40,DSL,1 Year,Cash,6,No,,FALSE
C100571,Sourav Ghosh,Male,35,Bangalore,19-11-2025,Postpaid,452.38,24880.9,55,Fiber,Monthly,Bank Transfer,7,Yes,,FALSE
C100572,Vikram Dey,Male,59,Delhi,28-08-2025,Postpaid,1881.13,37622.6,20,Fiber,1 Year,,2,Yes,,FALSE
C100573,Vikram Kapoor,Female,61,Chennai,25-01-2025,Prepaid,1729.61,67454.79,39,Fiber,2 Year,UPI,8,No,,FALSE
C100574,Neha Singh,Female,44,Delhi,27-10-2025,Prepaid,1088.92,14155.96,13,Fiber,Monthly,Cash,2,Yes,,FALSE
C100575,Sourav Singh,Female,71,Chennai,21-08-2025,Postpaid,375.94,19172.94,51,5G,1 Year,Card,3,Yes,,FALSE
C100576,Priya Kapoor,Male,23,Kolkata,22-07-2025,Prepaid,1780.75,60545.5,34,Fiber,Monthly,Cash,7,No,,FALSE
C100577,Neha Ghosh,Female,73,Delhi,14-02-2025,Prepaid,,51266.88,63,DSL,Monthly,Card,1,Yes,,FALSE
C100578,Sneha Gupta,Male,62,Hyderabad,04-05-2025,Postpaid,1759.32,43983,25,DSL,Monthly,Bank Transfer,12,No,,FALSE
C100579,Priya Roy,Male,27,Hyderabad,26-12-2025,Postpaid,1016.19,61987.59,61,None,1 Year,UPI,7,Yes,,FALSE
C100580,Sourav Sharma,Female,30,Kolkata,22-02-2025,Postpaid,1267.03,48147.14,38,None,1 Year,Bank Transfer,0,No,,FALSE
C100581,Neha Gupta,Male,43,Hyderabad,01-02-2025,Prepaid,1171.7,73817.1,63,None,2 Year,Bank Transfer,8,Yes,,FALSE
C100582,Priya Gupta,Female,35,Bangalore,24-12-2025,Postpaid,1810.54,97769.16,54,Fiber,Monthly,Bank Transfer,11,Yes,,FALSE
C100583,Vikram Sen,Female,48,Chennai,03-12-2025,Postpaid,1043.79,46970.55,45,DSL,1 Year,Cash,6,No,,FALSE
C100584,Amit Paul,Male,68,Delhi,20-12-2025,Prepaid,1658.58,101173.38,61,None,Monthly,Card,3,Yes,,FALSE
C100585,Sourav Gupta,Female,56,Mumbai,18-04-2025,Prepaid,470.54,29644.02,63,Fiber,1 Year,Bank Transfer,5,Yes,,FALSE
C100586,Priya Ghosh,Female,29,Kolkata,13-11-2025,Prepaid,353.35,22967.75,65,Fiber,2 Year,Card,7,No,,FALSE
C100587,Vikram Singh,Male,39,Hyderabad,21-09-2025,Prepaid,1606.94,73919.24,46,Fiber,1 Year,Cash,12,Yes,,FALSE
C100588,Rahul Dey,Male,24,Mumbai,19-11-2025,Prepaid,1699.14,23787.96,14,DSL,1 Year,Card,11,No,,FALSE
C100589,Riya Das,Male,63,Hyderabad,06-07-2025,Postpaid,1594.34,90877.38,57,DSL,Monthly,Card,7,No,,FALSE
C100590,Riya Ghosh,Female,67,,29-03-2025,Prepaid,716.04,716.04,1,5G,1 Year,Cash,5,Yes,,FALSE
C100591,Sneha Roy,Female,27,Bangalore,29-07-2025,Postpaid,1015.93,69083.24,68,5G,Monthly,Cash,2,Yes,,FALSE
C100592,Priya Ghosh,Female,63,Bangalore,26-03-2025,Postpaid,1903.19,127513.73,67,Fiber,1 Year,UPI,10,Yes,,FALSE
C100593,Vikram Singh,Female,75,Bangalore,15-12-2025,Postpaid,1961.15,15689.2,8,5G,1 Year,UPI,4,Yes,,FALSE
C100594,Sneha Dey,Female,62,Hyderabad,26-06-2025,Postpaid,1057.52,54991.04,52,DSL,1 Year,UPI,0,No,,FALSE
C100595,Vikram Singh,Male,42,Kolkata,19-09-2025,Postpaid,1183.8,20124.6,17,5G,2 Year,Card,0,Yes,,FALSE
C100596,Sneha Singh,Female,74,Chennai,26-02-2025,Prepaid,1306.26,91438.2,70,5G,1 Year,Bank Transfer,1,Yes,,FALSE
C100597,Neha Sharma,Female,66,Delhi,01-05-2025,Prepaid,1061.85,16989.6,16,5G,1 Year,Bank Transfer,10,Yes,,FALSE
C100598,Sneha Das,Female,63,Chennai,26-10-2025,Prepaid,1182.43,57939.07,49,5G,1 Year,UPI,2,No,,FALSE
C100599,Rahul Kapoor,Male,71,Bangalore,20-04-2025,Postpaid,438.31,23230.43,53,Fiber,1 Year,Cash,9,No,,FALSE
C100600,Sourav Gupta,Female,73,Hyderabad,02-08-2025,Prepaid,1292.32,43938.88,34,DSL,2 Year,Card,7,No,,FALSE
C100601,Priya Sen,Female,26,Bangalore,17-01-2025,Prepaid,1766.56,116592.96,66,5G,Monthly,Cash,1,Yes,,FALSE
C100602,Amit Das,Female,41,Delhi,11-07-2025,Postpaid,367.48,13964.24,38,5G,1 Year,UPI,12,Yes,,FALSE
C100603,Rohit Singh,Male,27,Mumbai,08-09-2025,Prepaid,381.71,20612.34,54,Fiber,2 Year,Bank Transfer,1,Yes,,FALSE
C100604,Neha Gupta,Female,44,Bangalore,01-09-2025,Prepaid,1273.2,78938.4,62,DSL,2 Year,Cash,12,No,,FALSE
C100605,Ananya Das,Female,60,Bangalore,30-04-2025,Postpaid,552.27,32031.66,58,5G,2 Year,UPI,,No,,FALSE
C100606,Amit Sharma,Female,65,Chennai,27-11-2025,Prepaid,1397.06,50294.16,36,Fiber,Monthly,UPI,9,Yes,,FALSE
C100607,Rahul Das,Male,66,Kolkata,21-05-2025,Prepaid,,70362.89,61,DSL,2 Year,Cash,,No,,FALSE
C100608,Rahul Ghosh,Female,43,Mumbai,01-08-2025,Prepaid,1134.5,6807,6,5G,1 Year,Bank Transfer,1,Yes,,FALSE
C100609,Amit Roy,Female,24,Kolkata,20-03-2025,Postpaid,584.87,40940.9,70,None,2 Year,Card,0,No,,FALSE
C100610,Rohit Kapoor,Male,29,Delhi,14-03-2025,Postpaid,1511.61,6046.44,4,5G,1 Year,Cash,1,Yes,,FALSE
C100611,Neha Sen,Female,30,Chennai,16-09-2025,Postpaid,1577.63,48906.53,31,Fiber,1 Year,UPI,,No,,FALSE
C100612,Rahul Kapoor,Male,53,Kolkata,18-05-2025,Prepaid,410.28,21744.84,53,DSL,2 Year,Card,4,No,,FALSE
C100613,Vikram Sen,Male,46,Delhi,04-10-2025,Prepaid,1737.67,19114.37,11,DSL,2 Year,Cash,8,No,,FALSE
C100614,Neha Singh,Male,20,Kolkata,31-01-2025,Postpaid,1680.49,1680.49,1,5G,2 Year,Bank Transfer,10,No,,FALSE
C100615,Vikram Singh,Male,40,Mumbai,01-10-2025,Prepaid,1293.77,36225.56,28,5G,Monthly,Cash,11,Yes,,FALSE
C100616,Rohit Kapoor,Male,71,Chennai,16-09-2025,Postpaid,1531.63,27569.34,18,5G,2 Year,Bank Transfer,12,No,,FALSE
C100617,Ananya Ghosh,Male,35,Bangalore,03-11-2025,Postpaid,1424.87,45595.84,32,Fiber,2 Year,Card,10,Yes,,FALSE
C100618,Rahul Roy,Female,56,Chennai,23-12-2025,Postpaid,306.27,18682.47,61,None,2 Year,UPI,12,Yes,,FALSE
C100619,Riya Das,Female,52,Bangalore,04-11-2025,Postpaid,1816.37,7265.48,4,None,Monthly,UPI,1,No,,FALSE
C100620,Sneha Sharma,Female,41,Hyderabad,30-12-2025,Postpaid,1054.78,26369.5,25,DSL,Monthly,Bank Transfer,12,Yes,,FALSE
C100621,Rahul Singh,Female,32,Hyderabad,28-12-2025,Prepaid,1943.4,124377.6,64,Fiber,Monthly,Cash,1,No,,FALSE
C100622,Vikram Sen,Male,54,Kolkata,29-10-2025,Prepaid,1138.82,74023.3,65,Fiber,Monthly,Bank Transfer,9,Yes,,FALSE
C100623,Rohit Sen,Male,74,Hyderabad,14-12-2025,Postpaid,1538.13,103054.71,67,None,Monthly,Cash,10,Yes,,FALSE
C100624,Sourav Singh,Male,72,Hyderabad,23-09-2025,Postpaid,1034.33,43441.86,42,None,1 Year,UPI,11,Yes,,FALSE
C100625,Vikram Gupta,Female,21,Kolkata,20-07-2025,Prepaid,1860.27,66969.72,36,5G,Monthly,UPI,11,Yes,,FALSE
C100626,Sneha Sen,Male,62,Delhi,09-06-2025,Prepaid,1927.22,105997.1,55,Fiber,Monthly,Cash,6,Yes,,FALSE
C100627,Sneha Das,Female,55,Mumbai,24-06-2025,Prepaid,1727.86,74297.98,43,5G,2 Year,Card,1,No,,FALSE
C100628,Neha Das,Male,66,Kolkata,18-01-2025,Postpaid,1362.09,17707.17,13,5G,2 Year,UPI,12,Yes,,FALSE
C100629,Neha Kapoor,Male,21,Kolkata,13-12-2025,Prepaid,392.14,22351.98,57,Fiber,1 Year,Cash,6,Yes,,FALSE
C100630,Neha Paul,Male,57,Bangalore,16-07-2025,Postpaid,695.29,36850.37,53,None,2 Year,UPI,5,Yes,,FALSE
C100631,Sneha Das,Male,47,Kolkata,01-11-2025,Prepaid,856.93,57414.31,67,DSL,2 Year,Card,10,No,,FALSE
C100632,Neha Gupta,Male,40,Mumbai,12-03-2025,Prepaid,1117.38,60338.52,54,Fiber,Monthly,Bank Transfer,9,No,,FALSE
C100633,Vikram Roy,Male,50,Bangalore,08-06-2025,Postpaid,828.02,38088.92,46,5G,1 Year,UPI,8,Yes,,FALSE
C100634,Vikram Sharma,Female,21,Delhi,11-04-2025,Prepaid,1161.08,35993.48,31,DSL,Monthly,Bank Transfer,3,No,,FALSE
C100635,Ananya Paul,Female,62,Chennai,03-06-2025,Postpaid,1318.6,79116,60,5G,Monthly,UPI,7,Yes,,FALSE
C100636,Sneha Sen,Female,49,Chennai,20-04-2025,Prepaid,1862.92,54024.68,29,None,2 Year,Bank Transfer,12,No,,FALSE
C100637,Rahul Ghosh,Male,31,Kolkata,03-07-2025,Prepaid,612.22,31835.44,52,Fiber,Monthly,Bank Transfer,7,Yes,,FALSE
C100638,Rahul Sen,Male,58,Delhi,31-03-2025,Prepaid,373.64,17561.08,47,5G,2 Year,Card,5,Yes,,FALSE
C100639,Rohit Das,Male,29,Hyderabad,12-03-2025,Postpaid,335.54,8724.04,26,Fiber,1 Year,Card,4,No,,FALSE
C100640,Amit Dey,Female,33,Hyderabad,03-02-2025,Prepaid,1675.13,80406.24,48,DSL,Monthly,Card,3,No,,FALSE
C100641,Sourav Sen,Male,62,Chennai,28-10-2025,Prepaid,839.52,40296.96,48,5G,Monthly,Bank Transfer,3,Yes,,FALSE
C100642,Vikram Paul,Female,58,Mumbai,11-02-2025,Postpaid,1782.85,64182.6,36,Fiber,Monthly,Cash,12,No,,FALSE
C100643,Ananya Ghosh,Female,49,,11-09-2025,Postpaid,1088.25,72912.75,67,5G,2 Year,Cash,10,Yes,,FALSE
C100644,Riya Sen,Female,31,Mumbai,06-06-2025,Postpaid,1820.3,52788.7,29,None,2 Year,Card,5,No,,FALSE
C100645,Priya Singh,Female,53,Chennai,30-06-2025,Prepaid,527.36,5800.96,11,Fiber,1 Year,Bank Transfer,6,No,,FALSE
C100646,Riya Ghosh,Female,47,Bangalore,13-01-2025,Prepaid,994.22,55676.32,56,None,Monthly,Bank Transfer,10,Yes,,FALSE
C100647,Vikram Dey,Male,40,Delhi,27-04-2025,Prepaid,799.68,8796.48,11,Fiber,Monthly,Bank Transfer,0,Yes,,FALSE
C100648,Rohit Singh,Female,39,Mumbai,28-12-2025,Prepaid,1446.68,37613.68,26,5G,Monthly,Bank Transfer,4,No,,FALSE
C100649,Neha Sharma,Female,68,Hyderabad,20-09-2025,Prepaid,1906.89,99158.28,52,None,Monthly,Card,11,Yes,,FALSE
C100650,Vikram Gupta,Female,48,Delhi,13-02-2025,Postpaid,1175.9,35277,30,DSL,1 Year,Cash,3,No,,FALSE
C100651,Amit Paul,Male,46,Delhi,05-01-2025,Postpaid,350.18,25212.96,72,5G,1 Year,Card,6,No,,FALSE
C100652,Vikram Singh,Female,61,Chennai,12-01-2025,Prepaid,1595.83,82983.16,52,DSL,Monthly,Bank Transfer,9,No,,FALSE
C100653,Priya Dey,Female,42,Mumbai,01-09-2025,Prepaid,1911.78,51618.06,27,5G,2 Year,Cash,10,No,,FALSE
C100654,Vikram Roy,Male,23,Hyderabad,05-11-2025,Postpaid,476.33,10479.26,22,Fiber,Monthly,Card,1,No,,FALSE
C100655,Vikram Das,Female,36,Kolkata,08-07-2025,Prepaid,695.17,18769.59,27,DSL,1 Year,Cash,6,Yes,,FALSE
C100656,Riya Das,Female,25,,08-03-2025,Prepaid,1210.97,20586.49,17,5G,1 Year,Cash,2,No,,FALSE
C100657,Riya Singh,Male,55,Kolkata,15-03-2025,Postpaid,1153.21,29983.46,26,Fiber,1 Year,Card,8,No,,FALSE
C100658,Neha Sharma,Male,54,Delhi,27-11-2025,Postpaid,1081.35,68125.05,63,5G,2 Year,Bank Transfer,6,Yes,,FALSE
C100659,Neha Kapoor,Female,44,Bangalore,04-12-2025,Prepaid,604.28,19336.96,32,Fiber,1 Year,UPI,3,Yes,,FALSE
C100660,Priya Sen,Female,35,Bangalore,11-10-2025,Prepaid,795.21,54869.49,69,5G,Monthly,UPI,8,No,,FALSE
C100661,Sneha Dey,Male,44,Bangalore,14-01-2025,Prepaid,579.23,33595.34,58,None,1 Year,Bank Transfer,11,No,,FALSE
C100662,Rahul Singh,Male,72,Hyderabad,11-03-2025,Postpaid,973.35,24333.75,25,None,1 Year,Cash,1,Yes,,FALSE
C100663,Riya Roy,Female,53,Delhi,24-03-2025,Prepaid,1512.09,48386.88,32,Fiber,2 Year,UPI,2,No,,FALSE
C100664,Amit Das,Male,25,Hyderabad,20-05-2025,Prepaid,1559.46,107602.74,69,None,1 Year,Card,3,Yes,,FALSE
C100665,Rahul Dey,Male,75,Bangalore,20-12-2025,Postpaid,666.48,45987.12,69,None,Monthly,UPI,0,No,,FALSE
C100666,Ananya Sen,Male,67,Kolkata,09-01-2025,Postpaid,1877.99,48827.74,26,Fiber,Monthly,Bank Transfer,3,Yes,,FALSE
C100667,Amit Roy,Male,32,Bangalore,20-09-2025,Prepaid,1653.77,21499.01,13,5G,1 Year,Card,9,Yes,,FALSE
C100668,Priya Sen,Male,52,Kolkata,02-07-2025,Postpaid,1895.17,96653.67,51,DSL,Monthly,Cash,10,No,,FALSE
C100669,Sneha Das,Female,18,Hyderabad,16-11-2025,Postpaid,,33035.5,50,Fiber,Monthly,Card,6,No,,FALSE
C100670,Priya Dey,Male,67,Delhi,18-02-2025,Postpaid,1970.27,126097.28,64,None,2 Year,Card,5,Yes,,FALSE
C100671,Riya Das,Female,58,Kolkata,08-11-2025,Postpaid,1961.64,80427.24,41,None,2 Year,Card,8,Yes,,FALSE
C100672,Priya Singh,Male,32,Hyderabad,08-08-2025,Prepaid,,4040.37,3,Fiber,Monthly,Card,5,No,,FALSE
C100673,Sneha Sharma,Male,36,Hyderabad,03-11-2025,Postpaid,556.84,14477.84,26,5G,Monthly,Bank Transfer,5,Yes,,FALSE
C100674,Rohit Sharma,Male,51,Hyderabad,19-06-2025,Postpaid,1400.68,75636.72,54,DSL,Monthly,UPI,10,Yes,,FALSE
C100675,Sourav Dey,Female,69,Mumbai,15-08-2025,Prepaid,1332.71,38648.59,29,Fiber,1 Year,UPI,3,Yes,,FALSE
C100676,Amit Das,Male,58,Chennai,09-10-2025,Prepaid,1894.07,35987.33,19,DSL,2 Year,UPI,6,No,,FALSE
C100677,Sneha Kapoor,Male,37,Chennai,08-05-2025,Postpaid,1525.85,33568.7,22,5G,2 Year,Cash,10,Yes,,FALSE
C100678,Ananya Kapoor,Female,35,Mumbai,30-08-2025,Postpaid,435.03,26971.86,62,None,2 Year,Cash,12,Yes,,FALSE
C100679,Sourav Kapoor,Male,70,Delhi,01-11-2025,Prepaid,332.68,20626.16,62,DSL,1 Year,Cash,7,No,,FALSE
C100680,Neha Gupta,Male,47,Delhi,11-03-2025,Postpaid,936.75,34659.75,37,DSL,Monthly,Card,0,Yes,,FALSE
C100681,Ananya Gupta,Female,73,Bangalore,22-07-2025,Postpaid,1540.63,100140.95,65,None,1 Year,Bank Transfer,10,Yes,,FALSE
C100682,Priya Kapoor,Male,44,Mumbai,12-08-2025,Postpaid,1986.2,9931,5,5G,2 Year,Cash,10,No,,FALSE
C100683,Sourav Sen,Male,62,Bangalore,18-01-2025,Postpaid,1405.54,11244.32,8,Fiber,2 Year,Card,4,No,,FALSE
C100684,Neha Paul,Male,61,Kolkata,01-03-2025,Prepaid,731.29,13894.51,19,None,1 Year,UPI,8,Yes,,FALSE
C100685,Sourav Singh,Female,74,Chennai,30-09-2025,Postpaid,580.9,31949.5,55,5G,2 Year,Cash,12,Yes,,FALSE
C100686,Rohit Sen,Female,24,Hyderabad,07-06-2025,Prepaid,1683.19,75743.55,45,DSL,1 Year,UPI,1,Yes,,FALSE
C100687,Rohit Kapoor,Male,67,Mumbai,11-07-2025,Prepaid,1191.44,64337.76,54,DSL,Monthly,Cash,2,Yes,,FALSE
C100688,Rahul Roy,Male,46,Delhi,29-07-2025,Postpaid,614.58,17208.24,28,Fiber,2 Year,Card,1,No,,FALSE
C100689,Priya Ghosh,Male,23,Chennai,01-05-2025,Postpaid,510.96,25037.04,49,None,2 Year,,0,Yes,,FALSE
C100690,Rahul Das,Male,35,Chennai,04-01-2025,Postpaid,1430.05,1430.05,1,5G,1 Year,Cash,12,No,,FALSE
C100691,Ananya Ghosh,Male,56,Delhi,07-12-2025,Postpaid,871.14,47912.7,55,None,2 Year,UPI,5,No,,FALSE
C100692,Sourav Roy,Male,69,Chennai,04-03-2025,Postpaid,304.24,3955.12,13,DSL,1 Year,,9,No,,FALSE
C100693,Rahul Ghosh,Male,50,Hyderabad,04-07-2025,Prepaid,1421.39,75333.67,53,5G,2 Year,Cash,3,No,,FALSE
C100694,Riya Das,Female,43,Delhi,07-11-2025,Prepaid,891.17,9802.87,11,DSL,2 Year,UPI,2,No,,FALSE
C100695,Vikram Gupta,Male,68,Bangalore,01-03-2025,Postpaid,811.29,9735.48,12,DSL,Monthly,Card,2,Yes,,FALSE
C100696,Rahul Roy,Female,24,Bangalore,24-05-2025,Prepaid,1987.71,111311.76,56,5G,2 Year,Cash,10,Yes,,FALSE
C100697,Riya Das,Female,60,Mumbai,22-10-2025,Prepaid,1867.65,33617.7,18,5G,1 Year,Cash,10,No,,FALSE
C100698,Priya Singh,Male,69,Kolkata,15-02-2025,Postpaid,679.04,20371.2,30,DSL,2 Year,UPI,9,No,,FALSE
C100699,Neha Sharma,Female,26,Kolkata,30-10-2025,Prepaid,1920.92,78757.72,41,None,1 Year,Bank Transfer,12,No,,FALSE
C100700,Neha Paul,Male,69,Kolkata,22-07-2025,Prepaid,1182.58,20103.86,17,None,1 Year,Card,4,Yes,,FALSE
C100701,Rohit Roy,Male,49,Chennai,13-06-2025,Postpaid,549.62,32427.58,59,Fiber,1 Year,Cash,10,Yes,,FALSE
C100702,Sourav Sharma,Female,49,Mumbai,18-04-2025,Prepaid,1496.04,56849.52,38,Fiber,Monthly,Cash,11,No,,FALSE
C100703,Vikram Kapoor,Female,37,Bangalore,14-12-2025,Postpaid,1983.81,41660.01,21,5G,1 Year,Cash,1,No,,FALSE
C100704,Vikram Kapoor,Male,36,Mumbai,15-06-2025,Prepaid,1490.88,37272,25,5G,1 Year,Card,9,Yes,,FALSE
C100705,Amit Sen,Male,46,Hyderabad,11-04-2025,Prepaid,793.84,49218.08,62,5G,2 Year,UPI,10,Yes,,FALSE
C100706,Amit Sharma,Male,42,,31-08-2025,Prepaid,1454.06,79973.3,55,Fiber,Monthly,Bank Transfer,9,No,,FALSE
C100707,Priya Sen,Female,27,Bangalore,04-06-2025,Prepaid,715.5,37206,52,None,2 Year,UPI,12,No,,FALSE
C100708,Riya Ghosh,Male,73,Kolkata,01-03-2025,Prepaid,766.87,37576.63,49,Fiber,1 Year,Card,0,No,,FALSE
C100709,Amit Kapoor,Female,35,Hyderabad,26-12-2025,Postpaid,1649.38,21441.94,13,5G,2 Year,Card,1,No,,FALSE
C100710,Rahul Kapoor,Female,22,Kolkata,23-09-2025,Prepaid,613.31,42318.39,69,DSL,2 Year,UPI,2,Yes,,FALSE
C100711,Ananya Das,Male,18,Mumbai,22-10-2025,Prepaid,1059.3,76269.6,72,DSL,Monthly,Bank Transfer,12,Yes,,FALSE
C100712,Ananya Dey,Male,23,,03-12-2025,Prepaid,1159.45,18551.2,16,DSL,1 Year,,8,No,,FALSE
C100713,Neha Gupta,Female,60,Chennai,30-06-2025,Prepaid,1055.36,72819.84,69,Fiber,2 Year,UPI,3,Yes,,FALSE
C100714,Sneha Roy,Male,30,Chennai,03-07-2025,Postpaid,808.51,15361.69,19,DSL,2 Year,Cash,1,No,,FALSE
C100715,Amit Kapoor,Female,34,Kolkata,11-05-2025,Postpaid,1403.61,68776.89,49,DSL,2 Year,Card,1,No,,FALSE
C100716,Neha Dey,Male,58,Bangalore,20-03-2025,Postpaid,1513.56,37839,25,None,1 Year,UPI,9,Yes,,FALSE
C100717,Priya Dey,Female,22,Kolkata,18-06-2025,Prepaid,510.86,17880.1,35,5G,1 Year,Bank Transfer,2,Yes,,FALSE
C100718,Sneha Kapoor,Male,35,Kolkata,31-03-2025,Postpaid,465.51,931.02,2,None,Monthly,Bank Transfer,11,No,,FALSE
C100719,Rahul Roy,Female,53,Bangalore,03-04-2025,Postpaid,1331.69,46609.15,35,None,1 Year,Card,4,Yes,,FALSE
C100720,Amit Roy,Female,61,Chennai,17-05-2025,Prepaid,1511.48,99757.68,66,5G,2 Year,Card,10,No,,FALSE
C100721,Ananya Gupta,Female,63,Delhi,08-08-2025,Prepaid,610.28,36006.52,59,5G,2 Year,UPI,4,No,,FALSE
C100722,Priya Das,Male,67,Kolkata,26-03-2025,Prepaid,1735.92,71172.72,41,Fiber,2 Year,Bank Transfer,8,No,,FALSE
C100723,Sourav Dey,Male,69,Bangalore,12-09-2025,Prepaid,1934.68,3869.36,2,None,Monthly,Card,11,Yes,,FALSE
C100724,Ananya Sen,Male,63,Chennai,18-08-2025,Prepaid,1493.41,82137.55,55,DSL,Monthly,UPI,5,Yes,,FALSE
C100725,Sourav Gupta,Female,50,Mumbai,11-07-2025,Prepaid,1918.22,88238.12,46,5G,2 Year,Card,8,Yes,,FALSE
C100726,Rohit Sen,Male,36,Hyderabad,20-11-2025,Postpaid,1120.31,43692.09,39,DSL,1 Year,UPI,7,No,,FALSE
C100727,Riya Ghosh,Female,21,Delhi,24-02-2025,Prepaid,309.01,14214.46,46,5G,2 Year,Card,6,No,,FALSE
C100728,Sneha Das,Male,18,Bangalore,05-03-2025,Postpaid,1031.37,13407.81,13,Fiber,Monthly,Bank Transfer,3,No,,FALSE
C100729,Sourav Roy,Female,43,Kolkata,13-08-2025,Postpaid,807.78,38773.44,48,DSL,Monthly,Bank Transfer,11,No,,FALSE
C100730,Sneha Das,Male,18,Delhi,21-01-2025,Prepaid,1801.08,82849.68,46,None,1 Year,Bank Transfer,0,Yes,,FALSE
C100731,Rohit Das,Female,60,Bangalore,09-10-2025,Postpaid,1911.24,49692.24,26,DSL,1 Year,Cash,8,No,,FALSE
C100732,Rahul Roy,Male,26,Delhi,14-09-2025,Prepaid,1927.05,28905.75,15,DSL,Monthly,Bank Transfer,6,Yes,,FALSE
C100733,Riya Das,Female,45,Mumbai,13-11-2025,Prepaid,791.09,49047.58,62,DSL,Monthly,Bank Transfer,12,Yes,,FALSE
C100734,Sneha Kapoor,Male,73,Bangalore,28-12-2025,Prepaid,1989.24,67634.16,34,DSL,Monthly,Card,3,Yes,,FALSE
C100735,Sneha Roy,Female,26,Kolkata,12-11-2025,Prepaid,364.22,18939.44,52,Fiber,Monthly,Cash,6,No,,FALSE
C100736,Sourav Gupta,Male,62,Chennai,07-08-2025,Prepaid,676.02,20280.6,30,5G,Monthly,Bank Transfer,5,No,,FALSE
C100737,Rahul Roy,Male,40,Kolkata,27-01-2025,Postpaid,718.85,38817.9,54,DSL,1 Year,Cash,4,Yes,,FALSE
C100738,Riya Ghosh,Female,45,Delhi,27-02-2025,Prepaid,727.85,17468.4,24,Fiber,2 Year,Card,5,No,,FALSE
C100739,Neha Dey,Female,65,Mumbai,29-11-2025,Postpaid,1561.98,73413.06,47,DSL,2 Year,Cash,1,Yes,,FALSE
C100740,Sneha Sen,Female,26,Kolkata,08-02-2025,Postpaid,368.77,5900.32,16,5G,2 Year,Cash,12,Yes,,FALSE
C100741,Sneha Kapoor,Female,52,Chennai,27-06-2025,Postpaid,373.48,7469.6,20,None,2 Year,UPI,6,Yes,,FALSE
C100742,Vikram Sharma,Male,48,Chennai,21-05-2025,Prepaid,1189.4,64227.6,54,5G,Monthly,UPI,12,Yes,,FALSE
C100743,Vikram Dey,Male,65,,13-08-2025,Postpaid,1140.54,58167.54,51,None,1 Year,Bank Transfer,3,Yes,,FALSE
C100744,Neha Sharma,Female,18,Chennai,29-12-2025,Postpaid,1271.23,26695.83,21,5G,Monthly,Bank Transfer,11,No,,FALSE
C100745,Rahul Dey,Male,53,Delhi,21-01-2025,Prepaid,589.89,9438.24,16,5G,Monthly,Bank Transfer,12,Yes,,FALSE
C100746,Sneha Dey,Male,59,Kolkata,29-11-2025,Postpaid,1981.21,63398.72,32,5G,1 Year,UPI,11,No,,FALSE
C100747,Neha Singh,Female,64,Kolkata,17-11-2025,Prepaid,993.18,17877.24,18,5G,Monthly,Bank Transfer,2,No,,FALSE
C100748,Neha Das,Female,19,Hyderabad,12-05-2025,Prepaid,1416.44,97734.36,69,None,Monthly,Bank Transfer,4,Yes,,FALSE
C100749,Sneha Kapoor,Female,55,Mumbai,03-09-2025,Prepaid,563.59,28743.09,51,None,Monthly,Cash,2,Yes,,FALSE
C100750,Amit Singh,Male,30,Delhi,25-03-2025,Prepaid,1902.7,119870.1,63,None,2 Year,Card,1,Yes,,FALSE
C100751,Sourav Das,Male,22,Hyderabad,07-01-2025,Prepaid,715.93,39376.15,55,None,1 Year,UPI,1,Yes,,FALSE
C100752,Priya Singh,Male,66,Hyderabad,04-11-2025,Prepaid,523.7,3142.2,6,Fiber,Monthly,Bank Transfer,11,Yes,,FALSE
C100753,Neha Gupta,Male,30,Delhi,19-06-2025,Postpaid,1115.72,20082.96,18,DSL,Monthly,UPI,8,No,,FALSE
C100754,Rahul Das,Female,58,Kolkata,19-09-2025,Postpaid,508.23,35576.1,70,DSL,Monthly,Card,0,Yes,,FALSE
C100755,Rohit Sen,Female,45,Hyderabad,27-02-2025,Postpaid,549.54,27477,50,DSL,Monthly,Card,1,No,,FALSE
C100756,Priya Ghosh,Male,40,Kolkata,06-11-2025,Prepaid,1345.68,13456.8,10,DSL,1 Year,Bank Transfer,9,Yes,,FALSE
C100757,Rohit Paul,Female,61,Delhi,23-02-2025,Postpaid,554.37,30490.35,55,None,2 Year,Bank Transfer,4,Yes,,FALSE
C100758,Amit Roy,Female,68,Mumbai,19-07-2025,Postpaid,1763.91,1763.91,1,None,Monthly,UPI,9,No,,FALSE
C100759,Ananya Roy,Male,64,Bangalore,30-06-2025,Postpaid,544.94,19617.84,36,None,1 Year,Cash,11,No,,FALSE
C100760,Sneha Kapoor,Female,56,Chennai,12-09-2025,Postpaid,533.98,22961.14,43,DSL,1 Year,UPI,9,No,,FALSE
C100761,Sneha Ghosh,Male,51,Mumbai,09-01-2025,Postpaid,1494.26,43333.54,29,None,Monthly,UPI,0,No,,FALSE
C100762,Amit Dey,Female,41,Mumbai,18-04-2025,Prepaid,799.99,14399.82,18,Fiber,2 Year,Card,1,Yes,,FALSE
C100763,Sourav Ghosh,Male,42,Hyderabad,24-02-2025,Prepaid,1482.41,5929.64,4,None,2 Year,Card,0,Yes,,FALSE
C100764,Priya Sharma,Female,41,,04-04-2025,Postpaid,433.29,8232.51,19,DSL,2 Year,Bank Transfer,7,No,,FALSE
C100765,Rahul Singh,Male,64,Mumbai,31-01-2025,Prepaid,1053.76,46365.44,44,DSL,2 Year,Card,0,No,,FALSE
C100766,Riya Dey,Female,71,Chennai,14-09-2025,Postpaid,1454.84,80016.2,55,DSL,1 Year,Card,4,Yes,,FALSE
C100767,Amit Sen,Female,51,Chennai,29-01-2025,Prepaid,1961.47,96112.03,49,None,Monthly,UPI,11,No,,FALSE
C100768,Sourav Kapoor,Male,48,Kolkata,10-07-2025,Postpaid,1408.59,57752.19,41,DSL,1 Year,UPI,1,Yes,,FALSE
C100769,Rohit Roy,Male,41,Kolkata,19-04-2025,Prepaid,346.68,14907.24,43,5G,Monthly,Card,10,Yes,,FALSE
C100770,Neha Paul,Male,33,Chennai,05-09-2025,Prepaid,443.57,15524.95,35,Fiber,1 Year,UPI,4,Yes,,FALSE
C100771,Vikram Sen,Female,40,Bangalore,02-07-2025,Prepaid,1928.86,71367.82,37,Fiber,1 Year,Cash,11,Yes,,FALSE
C100772,Sourav Gupta,Male,50,Delhi,24-03-2025,Prepaid,339.27,6785.4,20,None,Monthly,UPI,11,Yes,,FALSE
C100773,Amit Roy,Female,74,Bangalore,09-03-2025,Postpaid,1671.71,46807.88,28,5G,1 Year,Cash,0,No,,FALSE
C100774,Neha Das,Male,33,Chennai,18-11-2025,Postpaid,1993.92,53835.84,27,Fiber,Monthly,Card,12,No,,FALSE
C100775,Riya Ghosh,Male,53,Delhi,24-03-2025,Prepaid,1147.15,13765.8,12,5G,2 Year,Bank Transfer,5,Yes,,FALSE
C100776,Riya Singh,Female,22,Delhi,15-08-2025,Prepaid,1507.11,34663.53,23,Fiber,2 Year,Cash,0,No,,FALSE
C100777,Neha Roy,Female,72,Delhi,20-09-2025,Postpaid,980.6,36282.2,37,5G,Monthly,Cash,8,No,,FALSE
C100778,Rahul Sen,Male,34,Mumbai,23-02-2025,Postpaid,1354.04,8124.24,6,None,Monthly,Cash,1,Yes,,FALSE
C100779,Ananya Gupta,Female,42,Hyderabad,01-10-2025,Postpaid,1436.56,86193.6,60,Fiber,Monthly,,,Yes,,FALSE
C100780,Ananya Das,Female,43,Delhi,06-11-2025,Postpaid,638.1,35733.6,56,DSL,2 Year,Cash,1,No,,FALSE
C100781,Riya Roy,Male,47,Delhi,18-10-2025,Prepaid,1225.64,6128.2,5,None,Monthly,Bank Transfer,12,No,,FALSE
C100782,Rahul Kapoor,Female,48,Delhi,22-11-2025,Prepaid,390.93,10946.04,28,Fiber,Monthly,UPI,4,No,,FALSE
C100783,Riya Kapoor,Male,23,Hyderabad,13-05-2025,Prepaid,1784.42,69592.38,39,Fiber,Monthly,Cash,5,No,,FALSE
C100784,Sourav Gupta,Female,28,Chennai,19-12-2025,Prepaid,892.77,23212.02,26,None,1 Year,Cash,0,Yes,,FALSE
C100785,Ananya Sharma,Male,22,Bangalore,17-03-2025,Postpaid,849.35,16137.65,19,5G,Monthly,Cash,4,Yes,,FALSE
C100786,Neha Das,Male,46,Mumbai,07-04-2025,Postpaid,1377.3,23414.1,17,DSL,2 Year,Cash,3,No,,FALSE
C100787,Neha Sharma,Female,31,Delhi,09-01-2025,Postpaid,1950.97,48774.25,25,5G,2 Year,UPI,11,No,,FALSE
C100788,Ananya Ghosh,Female,59,Chennai,21-06-2025,Prepaid,1002.89,59170.51,59,DSL,1 Year,Cash,5,Yes,,FALSE
C100789,Sourav Singh,Female,53,Hyderabad,26-05-2025,Prepaid,1221.7,25655.7,21,Fiber,Monthly,UPI,10,Yes,,FALSE
C100790,Neha Dey,Male,57,Hyderabad,16-08-2025,Prepaid,475.25,25188.25,53,5G,1 Year,Card,3,No,,FALSE
C100791,Riya Das,Female,53,Bangalore,31-07-2025,Postpaid,493.65,24188.85,49,Fiber,1 Year,Card,8,No,,FALSE
C100792,Sourav Sen,Male,35,Bangalore,17-01-2025,Prepaid,821.57,27933.38,34,Fiber,Monthly,Bank Transfer,8,No,,FALSE
C100793,Sourav Sen,Female,39,Mumbai,12-11-2025,Postpaid,1929.57,42450.54,22,Fiber,2 Year,Cash,2,No,,FALSE
C100794,Ananya Dey,Male,64,Bangalore,29-04-2025,Prepaid,984.3,22638.9,23,DSL,2 Year,UPI,10,No,,FALSE
C100795,Amit Ghosh,Male,71,,17-02-2025,Prepaid,1722.47,58563.98,34,None,Monthly,Card,0,Yes,,FALSE
C100796,Amit Gupta,Female,54,Mumbai,03-05-2025,Prepaid,341.99,16757.51,49,5G,Monthly,Card,11,No,,FALSE
C100797,Rohit Das,Male,67,Hyderabad,12-01-2025,Prepaid,,48271.16,34,Fiber,1 Year,UPI,1,Yes,,FALSE
C100798,Priya Das,Female,36,Delhi,17-04-2025,Postpaid,1819.83,61874.22,34,Fiber,1 Year,UPI,6,Yes,,FALSE
C100799,Sourav Kapoor,Female,49,Hyderabad,19-08-2025,Prepaid,656.5,6565,10,DSL,1 Year,UPI,2,Yes,,FALSE
C100800,Riya Paul,Male,25,Mumbai,25-09-2025,Postpaid,1988.36,87487.84,44,Fiber,Monthly,UPI,8,Yes,,FALSE
C100801,Sneha Ghosh,Male,51,Mumbai,16-01-2025,Postpaid,1592.63,105113.58,66,DSL,Monthly,UPI,11,Yes,,FALSE
C100802,Priya Ghosh,Female,35,Bangalore,11-09-2025,Postpaid,1117.68,40236.48,36,None,Monthly,Bank Transfer,2,Yes,,FALSE
C100803,Priya Paul,Female,61,Mumbai,16-04-2025,Postpaid,1934.18,69630.48,36,None,1 Year,Cash,9,No,,FALSE
C100804,Neha Kapoor,Female,70,Mumbai,18-10-2025,Postpaid,1357.95,55675.95,41,5G,2 Year,,7,Yes,,FALSE
C100805,Rohit Paul,Female,74,Delhi,06-11-2025,Postpaid,1927.77,9638.85,5,None,Monthly,UPI,2,No,,FALSE
C100806,Priya Sen,Female,45,Delhi,16-03-2025,Postpaid,907.17,21772.08,24,Fiber,Monthly,Bank Transfer,11,Yes,,FALSE
C100807,Neha Ghosh,Male,63,Chennai,03-02-2025,Postpaid,662.41,28483.63,43,5G,2 Year,Card,8,Yes,,FALSE
C100808,Neha Das,Female,24,Hyderabad,11-08-2025,Postpaid,771.68,55560.96,72,5G,Monthly,Card,0,No,,FALSE
C100809,Sourav Das,Male,49,Bangalore,29-03-2025,Postpaid,1982.44,11894.64,6,None,Monthly,UPI,4,Yes,,FALSE
C100810,Rohit Roy,Female,59,Kolkata,01-10-2025,Prepaid,1848.79,1848.79,1,5G,2 Year,UPI,1,No,,FALSE
C100811,Rohit Ghosh,Female,24,Bangalore,10-02-2025,Postpaid,1528.53,82540.62,54,None,2 Year,UPI,6,No,,FALSE
C100812,Priya Ghosh,Male,62,Kolkata,25-04-2025,Prepaid,1137.67,67122.53,59,Fiber,Monthly,UPI,5,No,,FALSE
C100813,Ananya Dey,Male,32,Hyderabad,27-01-2025,Postpaid,448.63,9869.86,22,Fiber,Monthly,UPI,4,Yes,,FALSE
C100814,Sourav Singh,Male,34,Mumbai,26-10-2025,Postpaid,1468.47,63144.21,43,Fiber,Monthly,Bank Transfer,2,No,,FALSE
C100815,Vikram Dey,Male,58,Chennai,02-09-2025,Postpaid,1435,83230,58,5G,1 Year,Cash,3,Yes,,FALSE
C100816,Ananya Dey,Male,34,Hyderabad,28-11-2025,Prepaid,1508.35,57317.3,38,Fiber,Monthly,Cash,0,Yes,,FALSE
C100817,Sourav Sen,Female,18,Kolkata,24-06-2025,Prepaid,1094.86,30656.08,28,5G,1 Year,,10,Yes,,FALSE
C100818,Amit Sen,Female,72,Bangalore,20-08-2025,Prepaid,478.62,31110.3,65,None,Monthly,UPI,4,No,,FALSE
C100819,Neha Das,Male,28,Bangalore,24-02-2025,Prepaid,1916.54,76661.6,40,DSL,Monthly,Cash,2,No,,FALSE
C100820,Riya Ghosh,Female,19,Kolkata,09-10-2025,Prepaid,1424.21,86876.81,61,5G,1 Year,Card,2,No,,FALSE
C100821,Rahul Gupta,Female,50,Delhi,20-02-2025,Prepaid,1162.48,65098.88,56,None,2 Year,Cash,3,No,,FALSE
C100822,Rohit Dey,Female,30,Chennai,10-08-2025,Prepaid,599.3,31163.6,52,Fiber,2 Year,Card,1,Yes,,FALSE
C100823,Neha Singh,Male,25,Kolkata,30-09-2025,Prepaid,1820.6,12744.2,7,5G,Monthly,Cash,6,No,,FALSE
C100824,Rohit Gupta,Male,24,Mumbai,15-04-2025,Postpaid,1546.67,44853.43,29,5G,2 Year,Bank Transfer,11,Yes,,FALSE
C100825,Neha Gupta,Female,24,Hyderabad,03-05-2025,Prepaid,1154.51,27708.24,24,5G,2 Year,UPI,2,Yes,,FALSE
C100826,Rahul Gupta,Female,39,Delhi,11-01-2025,Prepaid,540.12,31867.08,59,5G,Monthly,Card,10,Yes,,FALSE
C100827,Neha Sharma,Female,56,Mumbai,30-08-2025,Prepaid,1947.22,89572.12,46,Fiber,Monthly,Bank Transfer,3,Yes,,FALSE
C100828,Priya Singh,Female,66,Bangalore,09-09-2025,Postpaid,1616.94,30721.86,19,5G,2 Year,Cash,4,No,,FALSE
C100829,Rohit Ghosh,Female,47,Kolkata,19-05-2025,Prepaid,1706.17,3412.34,2,DSL,1 Year,Card,,Yes,,FALSE
C100830,Neha Kapoor,Female,40,Mumbai,15-02-2025,Prepaid,351.54,22498.56,64,None,2 Year,UPI,4,No,,FALSE
C100831,Ananya Ghosh,Female,74,Chennai,02-08-2025,Postpaid,596.42,40556.56,68,5G,Monthly,UPI,9,No,,FALSE
C100832,Riya Paul,Female,71,Delhi,26-02-2025,Prepaid,1035.88,16574.08,16,None,2 Year,Card,7,Yes,,FALSE
C100833,Amit Singh,Female,51,Delhi,03-02-2025,Postpaid,1359.45,51659.1,38,Fiber,1 Year,UPI,3,No,,FALSE
C100834,Rohit Sharma,Female,70,Delhi,05-12-2025,Prepaid,389.43,6230.88,16,Fiber,1 Year,Card,5,No,,FALSE
C100835,Vikram Roy,Male,68,Hyderabad,19-05-2025,Prepaid,1430.05,92953.25,65,DSL,1 Year,UPI,4,Yes,,FALSE
C100836,Sneha Kapoor,Female,20,Bangalore,20-02-2025,Postpaid,1884.99,114984.39,61,5G,2 Year,Bank Transfer,2,No,,FALSE
C100837,Amit Sen,Female,61,Mumbai,02-08-2025,Prepaid,1666.45,69990.9,42,5G,1 Year,UPI,4,No,,FALSE
C100838,Sourav Das,Male,52,Chennai,15-08-2025,Postpaid,938.14,22515.36,24,5G,1 Year,Bank Transfer,6,No,,FALSE
C100839,Vikram Sharma,Female,44,,13-03-2025,Postpaid,1083.18,57408.54,53,DSL,2 Year,Bank Transfer,2,No,,FALSE
C100840,Rahul Gupta,Female,21,Kolkata,13-02-2025,Prepaid,513.09,26167.59,51,5G,2 Year,UPI,5,Yes,,FALSE
C100841,Ananya Sharma,Male,70,Hyderabad,27-10-2025,Prepaid,1260.25,47889.5,38,DSL,2 Year,Card,8,No,,FALSE
C100842,Amit Singh,Female,26,Hyderabad,04-01-2025,Postpaid,1820.59,52797.11,29,DSL,Monthly,UPI,0,Yes,,FALSE
C100843,Sneha Sen,Male,56,Bangalore,13-01-2025,Postpaid,1182.7,18923.2,16,None,Monthly,UPI,4,No,,FALSE
C100844,Vikram Singh,Female,48,Hyderabad,12-11-2025,Prepaid,1693.46,40643.04,24,None,Monthly,UPI,2,Yes,,FALSE
C100845,Vikram Sen,Female,70,Bangalore,29-05-2025,Postpaid,589.32,18268.92,31,Fiber,2 Year,Cash,5,No,,FALSE
C100846,Priya Gupta,Female,43,Bangalore,17-03-2025,Prepaid,1485.01,74250.5,50,5G,1 Year,UPI,9,No,,FALSE
C100847,Neha Gupta,Male,18,Delhi,13-03-2025,Postpaid,356.94,13920.66,39,None,1 Year,UPI,2,No,,FALSE
C100848,Vikram Kapoor,Male,50,Mumbai,02-12-2025,Prepaid,657.33,42726.45,65,5G,2 Year,Bank Transfer,7,Yes,,FALSE
C100849,Priya Gupta,Female,35,Bangalore,07-11-2025,Prepaid,1868.91,72887.49,39,5G,Monthly,Bank Transfer,9,No,,FALSE
C100850,Rahul Roy,Male,55,Kolkata,07-12-2025,Prepaid,413.87,21521.24,52,None,2 Year,Cash,5,Yes,,FALSE
C100851,Amit Kapoor,Female,67,Kolkata,01-02-2025,Postpaid,478.23,14825.13,31,Fiber,Monthly,UPI,7,No,,FALSE
C100852,Ananya Das,Female,56,Bangalore,10-03-2025,Prepaid,1869.04,7476.16,4,DSL,1 Year,Cash,7,No,,FALSE
C100853,Sourav Dey,Male,32,Kolkata,26-10-2025,Prepaid,1560.66,40577.16,26,Fiber,Monthly,UPI,12,Yes,,FALSE
C100854,Sourav Paul,Male,75,Delhi,05-04-2025,Postpaid,910.25,910.25,1,DSL,Monthly,Cash,8,No,,FALSE
C100855,Priya Gupta,Female,40,Hyderabad,12-07-2025,Prepaid,1749.82,125987.04,72,Fiber,Monthly,Bank Transfer,1,Yes,,FALSE
C100856,Vikram Ghosh,Male,49,Mumbai,29-05-2025,Postpaid,386.51,11595.3,30,None,2 Year,Bank Transfer,1,Yes,,FALSE
C100857,Sneha Dey,Female,36,Bangalore,13-11-2025,Prepaid,1207.52,12075.2,10,Fiber,2 Year,Cash,,Yes,,FALSE
C100858,Sneha Ghosh,Male,20,Mumbai,15-04-2025,Postpaid,1015.39,44677.16,44,Fiber,Monthly,Cash,1,Yes,,FALSE
C100859,Neha Paul,Male,40,Chennai,03-09-2025,Prepaid,1913.84,19138.4,10,5G,2 Year,UPI,1,Yes,,FALSE
C100860,Ananya Kapoor,Female,49,Delhi,27-04-2025,Prepaid,681.92,44324.8,65,Fiber,Monthly,Card,8,No,,FALSE
C100861,Rahul Kapoor,Female,61,Hyderabad,06-03-2025,Postpaid,1238.24,3714.72,3,None,2 Year,Card,1,No,,FALSE
C100862,Ananya Kapoor,Male,25,Mumbai,29-04-2025,Prepaid,897.04,43057.92,48,Fiber,Monthly,Cash,11,Yes,,FALSE
C100863,Sneha Sharma,Male,69,Kolkata,06-03-2025,Postpaid,1783.53,3567.06,2,DSL,1 Year,UPI,5,No,,FALSE
C100864,Amit Paul,Female,56,Bangalore,03-12-2025,Prepaid,1995.75,63864,32,Fiber,Monthly,Bank Transfer,8,Yes,,FALSE
C100865,Sneha Gupta,Female,49,Delhi,10-10-2025,Postpaid,1824.99,83949.54,46,DSL,2 Year,Bank Transfer,5,Yes,,FALSE
C100866,Neha Gupta,Female,21,Kolkata,15-04-2025,Prepaid,1829.72,82337.4,45,DSL,1 Year,Card,1,No,,FALSE
C100867,Sneha Gupta,Female,64,Kolkata,11-01-2025,Postpaid,359.98,6839.62,19,Fiber,1 Year,Bank Transfer,9,No,,FALSE
C100868,Neha Kapoor,Female,37,Kolkata,15-07-2025,Postpaid,400.52,4405.72,11,None,Monthly,Card,3,No,,FALSE
C100869,Rohit Sharma,Female,29,Kolkata,08-11-2025,Postpaid,1204.24,67437.44,56,5G,2 Year,Card,12,Yes,,FALSE
C100870,Rahul Das,Female,39,Hyderabad,14-12-2025,Postpaid,1770.76,99162.56,56,None,1 Year,Bank Transfer,2,No,,FALSE
C100871,Rahul Singh,Female,47,Kolkata,08-05-2025,Postpaid,523.18,16218.58,31,5G,2 Year,Cash,0,No,,FALSE
C100872,Neha Sharma,Male,41,Delhi,19-10-2025,Postpaid,1419.69,49689.15,35,5G,Monthly,Cash,7,Yes,,FALSE
C100873,Ananya Gupta,Male,46,Bangalore,30-01-2025,Prepaid,1091.95,2183.9,2,5G,2 Year,Bank Transfer,1,No,,FALSE
C100874,Rohit Singh,Female,29,Mumbai,27-04-2025,Prepaid,1601.16,54439.44,34,DSL,2 Year,UPI,3,Yes,,FALSE
C100875,Vikram Gupta,Female,59,Kolkata,11-10-2025,Prepaid,612.23,3061.15,5,Fiber,2 Year,Bank Transfer,4,Yes,,FALSE
C100876,Rahul Paul,Male,61,Delhi,25-02-2025,Prepaid,1217.75,56016.5,46,None,Monthly,UPI,3,Yes,,FALSE
C100877,Sourav Das,Female,38,Delhi,15-03-2025,Prepaid,1708.53,82009.44,48,5G,2 Year,Bank Transfer,5,No,,FALSE
C100878,Rohit Paul,Male,75,Mumbai,08-07-2025,Prepaid,1099.16,52759.68,48,5G,Monthly,UPI,1,Yes,,FALSE
C100879,Vikram Paul,Female,69,Mumbai,13-07-2025,Prepaid,1167.35,47861.35,41,DSL,1 Year,,1,Yes,,FALSE
C100880,Vikram Kapoor,Male,54,Chennai,27-01-2025,Postpaid,1995.28,129693.2,65,None,1 Year,Bank Transfer,3,No,,FALSE
C100881,Ananya Sen,Female,33,Delhi,01-03-2025,Prepaid,712.22,30625.46,43,None,2 Year,Cash,5,Yes,,FALSE
C100882,Ananya Gupta,Male,40,Bangalore,03-08-2025,Prepaid,1158.59,83418.48,72,DSL,2 Year,Card,12,No,,FALSE
C100883,Rohit Ghosh,Female,61,Kolkata,11-02-2025,Postpaid,1328.43,23911.74,18,None,2 Year,Card,9,No,,FALSE
C100884,Riya Sharma,Male,58,Kolkata,03-08-2025,Postpaid,1828.78,47548.28,26,None,2 Year,UPI,2,Yes,,FALSE
C100885,Amit Das,Male,71,Chennai,29-09-2025,Postpaid,339.68,19022.08,56,None,1 Year,Card,6,Yes,,FALSE
C100886,Ananya Paul,Male,63,Hyderabad,24-01-2025,Prepaid,501.35,19051.3,38,5G,1 Year,Cash,10,No,,FALSE
C100887,Riya Roy,Male,65,Hyderabad,29-10-2025,Prepaid,790.79,44284.24,56,DSL,Monthly,Bank Transfer,10,No,,FALSE
C100888,Vikram Paul,Female,42,Kolkata,29-04-2025,Postpaid,1044.6,43873.2,42,None,1 Year,UPI,9,No,,FALSE
C100889,Amit Roy,Male,36,Hyderabad,18-04-2025,Postpaid,951.92,39980.64,42,5G,2 Year,Bank Transfer,1,No,,FALSE
C100890,Rohit Gupta,Female,36,Mumbai,28-03-2025,Postpaid,500.54,11011.88,22,5G,2 Year,UPI,3,No,,FALSE
C100891,Vikram Roy,Male,27,Chennai,21-01-2025,Prepaid,650.63,8458.19,13,Fiber,1 Year,UPI,5,Yes,,FALSE
C100892,Vikram Roy,Female,36,Delhi,26-02-2025,Prepaid,1543.55,84895.25,55,None,1 Year,Cash,4,Yes,,FALSE
C100893,Priya Ghosh,Male,73,Hyderabad,24-04-2025,Prepaid,1987.23,35770.14,18,5G,Monthly,Bank Transfer,4,No,,FALSE
C100894,Priya Ghosh,Male,58,Bangalore,21-02-2025,Postpaid,1441.54,95141.64,66,DSL,2 Year,UPI,10,Yes,,FALSE
C100895,Sneha Sen,Female,33,Bangalore,19-03-2025,Postpaid,1295.78,23324.04,18,DSL,2 Year,Cash,4,Yes,,FALSE
C100896,Sneha Sharma,Female,30,Kolkata,09-09-2025,Prepaid,1915.42,22985.04,12,DSL,Monthly,Cash,11,No,,FALSE
C100897,Sneha Ghosh,Female,57,Chennai,03-12-2025,Prepaid,1371.74,67215.26,49,5G,Monthly,Bank Transfer,10,No,,FALSE
C100898,Vikram Gupta,Female,49,Kolkata,23-04-2025,Prepaid,1315.33,67081.83,51,5G,1 Year,Cash,5,Yes,,FALSE
C100899,Riya Ghosh,Male,60,Delhi,23-12-2025,Postpaid,495.89,27273.95,55,DSL,1 Year,Cash,9,No,,FALSE
C100900,Rohit Dey,Male,61,Bangalore,01-02-2025,Postpaid,348.24,10795.44,31,5G,2 Year,Bank Transfer,6,No,,FALSE
C100901,Rohit Sharma,Female,69,Bangalore,23-04-2025,Postpaid,1021.84,58244.88,57,Fiber,1 Year,Cash,6,Yes,,FALSE
C100902,Priya Paul,Female,54,Mumbai,06-11-2025,Prepaid,1210.22,26624.84,22,Fiber,1 Year,UPI,12,No,,FALSE
C100903,Rahul Dey,Male,40,Delhi,02-10-2025,Prepaid,,28889.19,71,DSL,2 Year,Cash,11,Yes,,FALSE
C100904,Ananya Kapoor,Male,36,Chennai,08-05-2025,Prepaid,1847.11,38789.31,21,Fiber,Monthly,,8,No,,FALSE
C100905,Rohit Singh,Male,68,Mumbai,20-11-2025,Prepaid,370.88,23365.44,63,Fiber,1 Year,UPI,12,No,,FALSE
C100906,Rohit Das,Male,59,Kolkata,16-09-2025,Postpaid,522.03,27145.56,52,Fiber,Monthly,Card,1,No,,FALSE
C100907,Sourav Dey,Male,30,Delhi,21-05-2025,Postpaid,1633.11,65324.4,40,DSL,Monthly,Bank Transfer,10,No,,FALSE
C100908,Sneha Kapoor,Female,42,Bangalore,26-05-2025,Prepaid,1029.21,39109.98,38,None,Monthly,Cash,11,No,,FALSE
C100909,Riya Sen,Male,41,Bangalore,29-04-2025,Postpaid,1513.78,105964.6,70,5G,1 Year,UPI,10,No,,FALSE
C100910,Priya Das,Male,39,Mumbai,08-09-2025,Prepaid,1675.46,31833.74,19,Fiber,Monthly,Cash,9,No,,FALSE
C100911,Riya Singh,Female,51,Delhi,22-06-2025,Prepaid,399.19,11975.7,30,Fiber,1 Year,Cash,0,No,,FALSE
C100912,Riya Dey,Female,62,Delhi,30-11-2025,Prepaid,1582.56,42729.12,27,5G,1 Year,Cash,8,Yes,,FALSE
C100913,Sourav Roy,Male,24,Mumbai,24-09-2025,Prepaid,1487.73,81825.15,55,DSL,Monthly,Cash,1,Yes,,FALSE
C100914,Vikram Gupta,Male,74,Hyderabad,08-10-2025,Postpaid,1140.81,62744.55,55,None,Monthly,Bank Transfer,1,No,,FALSE
C100915,Neha Ghosh,Male,36,Mumbai,29-05-2025,Prepaid,1187.22,41552.7,35,5G,2 Year,Bank Transfer,7,No,,FALSE
C100916,Amit Roy,Female,31,,12-06-2025,Postpaid,1875.04,80626.72,43,DSL,Monthly,Cash,1,Yes,,FALSE
C100917,Priya Dey,Female,37,Delhi,18-02-2025,Prepaid,637.75,15943.75,25,None,2 Year,Card,1,No,,FALSE
C100918,Ananya Sharma,Male,58,Delhi,26-05-2025,Postpaid,1800.68,129648.96,72,5G,1 Year,Cash,4,Yes,,FALSE
C100919,Sneha Singh,Male,22,Delhi,16-10-2025,Prepaid,474.06,9481.2,20,DSL,2 Year,Cash,5,No,,FALSE
C100920,Rahul Sen,Male,69,Kolkata,11-11-2025,Prepaid,654.82,39944.02,61,DSL,Monthly,Cash,0,No,,FALSE
C100921,Riya Kapoor,Female,22,Delhi,04-06-2025,Prepaid,531.86,3723.02,7,DSL,2 Year,Cash,6,No,,FALSE
C100922,Vikram Ghosh,Male,63,Chennai,20-04-2025,Prepaid,902.49,55051.89,61,5G,2 Year,Card,6,No,,FALSE
C100923,Vikram Kapoor,Female,49,Mumbai,13-01-2025,Postpaid,1464.12,48315.96,33,None,2 Year,Bank Transfer,11,No,,FALSE
C100924,Sneha Kapoor,Female,31,Mumbai,06-01-2025,Prepaid,1788.7,128786.4,72,None,1 Year,Card,0,No,,FALSE
C100925,Rohit Dey,Male,39,Chennai,20-05-2025,Prepaid,1847.77,24021.01,13,5G,2 Year,Cash,6,Yes,,FALSE
C100926,Rahul Paul,Male,62,Hyderabad,30-08-2025,Postpaid,765.1,25248.3,33,None,Monthly,Cash,11,Yes,,FALSE
C100927,Amit Roy,Male,20,,03-08-2025,Prepaid,348.02,16704.96,48,Fiber,1 Year,UPI,5,Yes,,FALSE
C100928,Sneha Paul,Male,72,Delhi,11-12-2025,Postpaid,770.71,53949.7,70,DSL,2 Year,Bank Transfer,8,Yes,,FALSE
C100929,Rahul Das,Male,60,Chennai,17-03-2025,Postpaid,1006.84,52355.68,52,Fiber,Monthly,Cash,0,No,,FALSE
C100930,Sourav Roy,Male,56,Delhi,21-05-2025,Postpaid,1469.82,38215.32,26,Fiber,1 Year,Cash,9,Yes,,FALSE
C100931,Priya Roy,Male,54,Mumbai,12-06-2025,Prepaid,448.88,26932.8,60,DSL,Monthly,Card,10,No,,FALSE
C100932,Sneha Singh,Male,47,,09-03-2025,Postpaid,1790.24,19692.64,11,Fiber,1 Year,Bank Transfer,2,No,,FALSE
C100933,Sneha Singh,Male,26,Mumbai,01-06-2025,Postpaid,1002.77,41113.57,41,None,1 Year,UPI,7,No,,FALSE
C100934,Vikram Gupta,Male,55,Kolkata,27-10-2025,Postpaid,892.06,41926.82,47,DSL,2 Year,Card,11,No,,FALSE
C100935,Vikram Dey,Female,40,Kolkata,20-09-2025,Prepaid,651.66,24111.42,37,5G,Monthly,Cash,4,Yes,,FALSE
C100936,Amit Gupta,Male,25,Bangalore,28-10-2025,Postpaid,1418.16,95016.72,67,5G,2 Year,Cash,10,Yes,,FALSE
C100937,Rahul Roy,Female,38,Bangalore,21-06-2025,Postpaid,1369.1,19167.4,14,Fiber,Monthly,Bank Transfer,4,Yes,,FALSE
C100938,Rahul Gupta,Female,47,Chennai,22-10-2025,Postpaid,615.47,43082.9,70,None,1 Year,Card,4,No,,FALSE
C100939,Sourav Singh,Male,56,Mumbai,17-09-2025,Prepaid,1119.35,49251.4,44,None,1 Year,Bank Transfer,9,No,,FALSE
C100940,Amit Singh,Male,55,Chennai,13-03-2025,Prepaid,577.84,2311.36,4,5G,Monthly,UPI,4,Yes,,FALSE
C100941,Amit Gupta,Male,69,Hyderabad,17-03-2025,Prepaid,1078.81,48546.45,45,DSL,1 Year,Bank Transfer,1,Yes,,FALSE
C100942,Sneha Roy,Female,33,Kolkata,02-09-2025,Prepaid,1041.13,28110.51,27,5G,Monthly,Cash,8,No,,FALSE
C100943,Sourav Gupta,Male,62,Kolkata,18-07-2025,Prepaid,1850.82,51822.96,28,5G,Monthly,Cash,12,No,,FALSE
C100944,Sourav Paul,Female,75,Chennai,06-02-2025,Postpaid,1692.64,62627.68,37,None,2 Year,UPI,3,Yes,,FALSE
C100945,Ananya Dey,Male,67,Chennai,03-11-2025,Postpaid,926.53,28722.43,31,Fiber,2 Year,Card,2,No,,FALSE
C100946,Sourav Das,Female,30,Bangalore,01-12-2025,Prepaid,658.09,3948.54,6,None,Monthly,Bank Transfer,4,No,,FALSE
C100947,Sourav Roy,Male,61,Bangalore,16-12-2025,Prepaid,358.21,22209.02,62,None,Monthly,Bank Transfer,10,Yes,,FALSE
C100948,Rahul Roy,Female,59,Mumbai,22-10-2025,Postpaid,1665.04,86582.08,52,None,Monthly,Cash,10,No,,FALSE
C100949,Rohit Das,Female,45,Chennai,10-07-2025,Postpaid,814.02,5698.14,7,5G,2 Year,Bank Transfer,1,Yes,,FALSE
C100950,Priya Roy,Male,45,Delhi,29-12-2025,Postpaid,1590.34,109733.46,69,DSL,2 Year,Cash,6,Yes,,FALSE
C100951,Riya Gupta,Female,47,Kolkata,03-11-2025,Postpaid,366.74,13569.38,37,5G,1 Year,Bank Transfer,10,No,,FALSE
C100952,Amit Singh,Female,67,Bangalore,09-01-2025,Postpaid,1221.67,4886.68,4,5G,1 Year,UPI,9,Yes,,FALSE
C100953,Sourav Sen,Male,40,Kolkata,01-10-2025,Prepaid,1202.16,6010.8,5,DSL,2 Year,Card,10,No,,FALSE
C100954,Riya Paul,Male,45,Hyderabad,26-09-2025,Postpaid,886.16,31901.76,36,Fiber,Monthly,Bank Transfer,5,Yes,,FALSE
C100955,Priya Ghosh,Female,27,Bangalore,25-07-2025,Prepaid,948.25,12327.25,13,DSL,2 Year,Bank Transfer,11,Yes,,FALSE
C100956,Sneha Paul,Female,71,Delhi,12-11-2025,Prepaid,1939.77,108627.12,56,Fiber,1 Year,Cash,3,No,,FALSE
C100957,Rahul Paul,Female,35,Mumbai,14-12-2025,Postpaid,769.65,18471.6,24,5G,Monthly,Cash,3,Yes,,FALSE
C100958,Rohit Singh,Female,68,Chennai,22-11-2025,Postpaid,1416.26,76478.04,54,Fiber,Monthly,Card,0,No,,FALSE
C100959,Neha Gupta,Female,32,Hyderabad,01-11-2025,Postpaid,1338.36,12045.24,9,None,1 Year,UPI,5,No,,FALSE
C100960,Amit Gupta,Female,38,Mumbai,30-09-2025,Prepaid,1697.47,76386.15,45,None,1 Year,Cash,0,Yes,,FALSE
C100961,Ananya Das,Male,58,Hyderabad,29-09-2025,Postpaid,1253.25,78954.75,63,5G,1 Year,Bank Transfer,7,No,,FALSE
C100962,Amit Paul,Female,19,Chennai,09-08-2025,Postpaid,1361.27,27225.4,20,Fiber,1 Year,Cash,3,No,,FALSE
C100963,Priya Das,Female,52,Mumbai,19-04-2025,Prepaid,942.33,16019.61,17,5G,Monthly,Card,12,No,,FALSE
C100964,Sneha Kapoor,Female,53,Delhi,05-07-2025,Prepaid,897.44,47564.32,53,5G,2 Year,Cash,3,No,,FALSE
C100965,Riya Roy,Male,49,,28-05-2025,Prepaid,785.68,47140.8,60,5G,1 Year,Card,10,Yes,,FALSE
C100966,Sourav Sen,Male,42,Chennai,25-04-2025,Prepaid,1955.22,105581.88,54,Fiber,2 Year,Cash,0,No,,FALSE
C100967,Riya Das,Female,57,Kolkata,04-11-2025,Postpaid,581.98,18623.36,32,DSL,Monthly,Cash,5,Yes,,FALSE
C100968,Sneha Ghosh,Male,29,Delhi,03-02-2025,Prepaid,1892.14,115420.54,61,DSL,2 Year,Cash,7,Yes,,FALSE
C100969,Amit Gupta,Male,61,Chennai,19-06-2025,Prepaid,1981.51,112946.07,57,DSL,1 Year,UPI,0,Yes,,FALSE
C100970,Riya Kapoor,Male,61,Bangalore,14-05-2025,Prepaid,1773.01,93969.53,53,Fiber,1 Year,Cash,11,Yes,,FALSE
C100971,Rahul Ghosh,Female,36,Hyderabad,19-09-2025,Postpaid,1707.12,87063.12,51,None,Monthly,UPI,2,No,,FALSE
C100972,Ananya Kapoor,Female,66,Mumbai,05-05-2025,Postpaid,1526.39,22895.85,15,DSL,1 Year,UPI,5,Yes,,FALSE
C100973,Rohit Ghosh,Female,47,Hyderabad,16-08-2025,Postpaid,1578.25,99429.75,63,None,2 Year,Bank Transfer,9,No,,FALSE
C100974,Amit Dey,Female,56,Kolkata,24-04-2025,Postpaid,1593.25,7966.25,5,5G,2 Year,Bank Transfer,4,Yes,,FALSE
C100975,Riya Singh,Male,54,Hyderabad,22-12-2025,Prepaid,1106.98,44279.2,40,DSL,2 Year,Bank Transfer,6,No,,FALSE
C100976,Sneha Paul,Female,58,Mumbai,27-10-2025,Prepaid,346.61,10398.3,30,5G,1 Year,Cash,7,Yes,,FALSE
C100977,Vikram Ghosh,Female,40,Bangalore,06-09-2025,Prepaid,1297.13,25942.6,20,None,Monthly,Cash,6,Yes,,FALSE
C100978,Rohit Sen,Male,60,Mumbai,23-05-2025,Prepaid,881.02,7929.18,9,DSL,1 Year,Cash,7,Yes,,FALSE
C100979,Sneha Ghosh,Male,71,Bangalore,17-11-2025,Prepaid,1825.83,124156.44,68,5G,2 Year,UPI,4,Yes,,FALSE
C100980,Vikram Sen,Male,69,Delhi,04-04-2025,Prepaid,1058.28,8466.24,8,DSL,2 Year,Cash,2,Yes,,FALSE
C100981,Priya Sen,Male,56,Mumbai,25-09-2025,Postpaid,,43307.6,35,Fiber,Monthly,Card,3,No,,FALSE
C100982,Rahul Ghosh,Male,47,Mumbai,02-09-2025,Prepaid,1211.79,15753.27,13,None,Monthly,Cash,3,Yes,,FALSE
C100983,Rohit Paul,Male,52,Chennai,09-08-2025,Prepaid,1316.1,36850.8,28,None,2 Year,Card,9,No,,FALSE
C100984,Neha Singh,Female,18,Hyderabad,01-04-2025,Postpaid,1581.75,52197.75,33,None,2 Year,Bank Transfer,10,No,,FALSE
C100985,Rohit Dey,Female,34,Hyderabad,14-08-2025,Prepaid,722.34,49841.46,69,DSL,1 Year,UPI,5,No,,FALSE
C100986,Sourav Singh,Male,49,Bangalore,25-06-2025,Prepaid,602.95,12661.95,21,DSL,Monthly,Card,3,No,,FALSE
C100987,Vikram Gupta,Male,50,Hyderabad,03-06-2025,Prepaid,843.03,33721.2,40,DSL,1 Year,Card,3,No,,FALSE
C100988,Neha Roy,Female,68,Chennai,31-08-2025,Postpaid,1748.01,38456.22,22,5G,Monthly,Bank Transfer,7,No,,FALSE
C100989,Ananya Ghosh,Female,41,Delhi,06-08-2025,Postpaid,819.6,15572.4,19,None,Monthly,Cash,0,No,,FALSE
C100990,Rohit Sharma,Male,40,Mumbai,05-12-2025,Postpaid,1956.48,35216.64,18,5G,1 Year,UPI,5,No,,FALSE
C100991,Vikram Sen,Male,68,Chennai,15-09-2025,Postpaid,852.66,41780.34,49,5G,Monthly,UPI,3,Yes,,FALSE
C100992,Neha Gupta,Male,38,Hyderabad,19-07-2025,Postpaid,1899.54,117771.48,62,DSL,1 Year,Cash,0,Yes,,FALSE
C100993,Ananya Gupta,Female,21,Kolkata,30-08-2025,Prepaid,768.28,33804.32,44,Fiber,1 Year,Cash,2,Yes,,FALSE
C100994,Vikram Das,Female,55,Mumbai,17-06-2025,Postpaid,1274.95,49723.05,39,5G,2 Year,UPI,2,Yes,,FALSE
C100995,Ananya Gupta,Male,73,Mumbai,14-06-2025,Postpaid,1926.24,78975.84,41,DSL,1 Year,Bank Transfer,5,Yes,,FALSE
C100996,Rahul Roy,Male,61,Hyderabad,30-07-2025,Postpaid,733.11,24925.74,34,None,1 Year,UPI,8,Yes,,FALSE
C100997,Sourav Sharma,Female,50,Chennai,09-09-2025,Postpaid,326.54,15673.92,48,5G,2 Year,UPI,11,Yes,,FALSE
C100998,Priya Dey,Male,54,Chennai,14-02-2025,Postpaid,1955.19,23462.28,12,DSL,Monthly,Cash,4,No,,FALSE
C100999,Priya Roy,Female,46,Bangalore,28-09-2025,Postpaid,1404.75,28095,20,Fiber,1 Year,Bank Transfer,0,No,,FALSE
C101000,Sourav Roy,Female,19,Mumbai,27-10-2025,Postpaid,681.89,1363.78,2,None,2 Year,Card,12,No,,FALSE
C101001,Amit Sen,Female,75,Mumbai,21-02-2025,Prepaid,620.04,12400.8,20,Fiber,Monthly,Bank Transfer,1,No,,FALSE
C101002,Sneha Sen,Female,73,,06-08-2025,Postpaid,1877.39,76972.99,41,DSL,Monthly,Bank Transfer,0,Yes,,FALSE
C101003,Sourav Sharma,Female,74,Hyderabad,17-04-2025,Postpaid,508.29,28972.53,57,Fiber,1 Year,Cash,6,Yes,,FALSE
C101004,Priya Das,Male,31,Chennai,24-10-2025,Prepaid,1302.37,63816.13,49,DSL,Monthly,UPI,7,No,,FALSE
C101005,Sneha Das,Female,65,Bangalore,11-05-2025,Prepaid,1004.72,41193.52,41,None,Monthly,UPI,6,No,,FALSE
C101006,Rohit Das,Female,43,Hyderabad,03-06-2025,Prepaid,901.96,11725.48,13,Fiber,2 Year,Cash,7,Yes,,FALSE
C101007,Sneha Roy,Male,35,Mumbai,23-09-2025,Prepaid,376.13,15797.46,42,DSL,2 Year,Cash,12,Yes,,FALSE
C101008,Rohit Ghosh,Female,21,Mumbai,03-08-2025,Prepaid,1771.79,47838.33,27,DSL,2 Year,Card,11,Yes,,FALSE
C101009,Rahul Gupta,Male,41,Delhi,26-07-2025,Postpaid,1636.15,24542.25,15,5G,2 Year,Bank Transfer,0,Yes,,FALSE
C101010,Rahul Roy,Female,39,Kolkata,04-10-2025,Postpaid,1809.99,7239.96,4,DSL,Monthly,UPI,0,No,,FALSE
C101011,Priya Das,Female,75,Bangalore,01-08-2025,Postpaid,455.61,13212.69,29,DSL,2 Year,UPI,4,No,,FALSE
C101012,Vikram Ghosh,Male,48,Bangalore,10-09-2025,Prepaid,516.94,17059.02,33,DSL,Monthly,Card,12,Yes,,FALSE
C101013,Sourav Singh,Male,32,Mumbai,26-04-2025,Postpaid,1562.41,17186.51,11,DSL,2 Year,Bank Transfer,5,No,,FALSE
C101014,Rohit Roy,Female,60,Bangalore,11-07-2025,Prepaid,1177.74,78908.58,67,Fiber,2 Year,Cash,10,Yes,,FALSE
C101015,Rahul Roy,Male,68,Mumbai,24-03-2025,Postpaid,1964.2,51069.2,26,5G,Monthly,Cash,7,No,,FALSE
C101016,Sneha Gupta,Female,30,Chennai,14-08-2025,Prepaid,1067.58,55514.16,52,5G,2 Year,Bank Transfer,5,Yes,,FALSE
C101017,Riya Dey,Female,34,Hyderabad,19-02-2025,Postpaid,1670.88,73518.72,44,5G,Monthly,Bank Transfer,6,Yes,,FALSE
C101018,Riya Das,Male,52,Chennai,31-12-2025,Postpaid,459.79,7816.43,17,DSL,1 Year,Bank Transfer,7,No,,FALSE
C101019,Vikram Roy,Female,53,Chennai,10-04-2025,Prepaid,1941.7,21358.7,11,DSL,Monthly,Card,11,No,,FALSE
C101020,Vikram Dey,Male,51,Chennai,05-07-2025,Prepaid,1255.9,25118,20,DSL,1 Year,Card,1,Yes,,FALSE
C101021,Amit Dey,Female,58,Mumbai,23-05-2025,Prepaid,1732.51,50242.79,29,None,1 Year,Cash,8,No,,FALSE
C101022,Amit Singh,Male,75,Kolkata,09-05-2025,Postpaid,1094.61,66771.21,61,DSL,2 Year,UPI,0,No,,FALSE
C101023,Amit Sen,Female,26,Mumbai,27-11-2025,Postpaid,1116.58,21215.02,19,None,2 Year,Card,3,No,,FALSE
C101024,Rohit Roy,Female,22,Kolkata,27-10-2025,Prepaid,1936.71,56164.59,29,DSL,1 Year,Card,10,No,,FALSE
C101025,Priya Dey,Female,66,Chennai,22-02-2025,Postpaid,317.31,13327.02,42,DSL,2 Year,Cash,4,Yes,,FALSE
C101026,Ananya Singh,Male,52,Bangalore,11-05-2025,Prepaid,560.25,33054.75,59,None,1 Year,Card,11,No,,FALSE
C101027,Priya Das,Female,66,Mumbai,07-12-2025,Postpaid,680.88,25873.44,38,None,1 Year,UPI,10,Yes,,FALSE
C101028,Rohit Singh,Female,73,Bangalore,08-12-2025,Postpaid,1730.95,62314.2,36,5G,Monthly,UPI,1,No,,FALSE
C101029,Sourav Singh,Male,33,Hyderabad,07-09-2025,Postpaid,675.36,43223.04,64,None,Monthly,UPI,9,Yes,,FALSE
C101030,Sneha Ghosh,Female,54,Bangalore,21-01-2025,Postpaid,498.7,6483.1,13,None,1 Year,UPI,6,No,,FALSE
C101031,Amit Sharma,Female,60,Kolkata,30-05-2025,Postpaid,666.27,2665.08,4,Fiber,2 Year,Cash,,No,,FALSE
C101032,Sneha Singh,Female,70,Kolkata,16-06-2025,Postpaid,898.04,40411.8,45,5G,Monthly,Card,8,No,,FALSE
C101033,Amit Gupta,Male,65,Delhi,30-06-2025,Prepaid,1579.64,82141.28,52,5G,1 Year,UPI,11,Yes,,FALSE
C101034,Riya Roy,Female,58,Mumbai,16-05-2025,Postpaid,830.97,43210.44,52,5G,1 Year,Cash,5,Yes,,FALSE
C101035,Sneha Paul,Female,28,Chennai,25-12-2025,Postpaid,326.08,13695.36,42,DSL,1 Year,UPI,,Yes,,FALSE
C101036,Amit Ghosh,Female,23,Bangalore,10-03-2025,Postpaid,1747.75,90883,52,Fiber,2 Year,Bank Transfer,9,Yes,,FALSE
C101037,Rahul Sen,Male,38,Hyderabad,21-05-2025,Prepaid,1051.31,30487.99,29,None,Monthly,Card,3,Yes,,FALSE
C101038,Rohit Sen,Male,46,Chennai,05-09-2025,Postpaid,546.14,15291.92,28,None,2 Year,Card,6,Yes,,FALSE
C101039,Neha Kapoor,Female,72,Hyderabad,06-07-2025,Postpaid,1286.52,86196.84,67,None,1 Year,Bank Transfer,3,No,,FALSE
C101040,Amit Ghosh,Male,52,Chennai,24-10-2025,Prepaid,429.97,19778.62,46,Fiber,2 Year,Cash,8,No,,FALSE
C101041,Vikram Sen,Female,24,Delhi,22-10-2025,Prepaid,1523.18,45695.4,30,None,2 Year,Cash,7,No,,FALSE
C101042,Riya Dey,Male,22,Delhi,02-09-2025,Prepaid,336.6,7405.2,22,Fiber,2 Year,Bank Transfer,1,No,,FALSE
C101043,Rahul Paul,Female,54,Bangalore,27-12-2025,Prepaid,1909.5,63013.5,33,None,Monthly,Cash,4,No,,FALSE
C101044,Vikram Kapoor,Male,39,Chennai,15-12-2025,Postpaid,1267.76,38032.8,30,Fiber,2 Year,UPI,11,No,,FALSE
C101045,Priya Paul,Male,55,Chennai,31-07-2025,Prepaid,1615.86,25853.76,16,DSL,Monthly,Card,2,Yes,,FALSE
C101046,Ananya Das,Male,59,Bangalore,21-10-2025,Postpaid,1537.73,98414.72,64,None,1 Year,Cash,2,No,,FALSE
C101047,Amit Kapoor,Female,29,Bangalore,16-02-2025,Prepaid,828.03,10764.39,13,5G,1 Year,Card,3,No,,FALSE
C101048,Priya Dey,Female,59,Kolkata,07-11-2025,Prepaid,876.52,9641.72,11,Fiber,2 Year,Bank Transfer,1,Yes,,FALSE
C101049,Ananya Kapoor,Female,18,Kolkata,18-10-2025,Postpaid,320.38,21785.84,68,Fiber,Monthly,Card,10,No,,FALSE
C101050,Ananya Das,Male,29,Chennai,11-07-2025,Prepaid,670.24,46246.56,69,None,2 Year,Card,8,Yes,,FALSE
C101051,Rahul Dey,Male,70,Delhi,30-05-2025,Prepaid,350.58,19983.06,57,5G,2 Year,Card,9,Yes,,FALSE
C101052,Neha Roy,Female,75,Bangalore,04-12-2025,Postpaid,1145.01,14885.13,13,None,Monthly,UPI,5,Yes,,FALSE
C101053,Riya Sen,Female,41,Kolkata,03-07-2025,Prepaid,706.07,13415.33,19,None,2 Year,UPI,8,Yes,,FALSE
C101054,Neha Paul,Female,60,Chennai,26-11-2025,Prepaid,1849.17,77665.14,42,5G,1 Year,Card,7,Yes,,FALSE
C101055,Sourav Das,Female,36,Kolkata,09-09-2025,Prepaid,986.2,54241,55,5G,2 Year,Cash,9,No,,FALSE
C101056,Rohit Sharma,Male,37,,15-02-2025,Postpaid,1985.89,127096.96,64,DSL,2 Year,Bank Transfer,11,Yes,,FALSE
C101057,Rohit Kapoor,Male,52,Delhi,03-10-2025,Prepaid,,1517,4,None,2 Year,Card,8,No,,FALSE
C101058,Priya Gupta,Male,61,,31-12-2025,Postpaid,1847.13,11082.78,6,Fiber,2 Year,Card,7,Yes,,FALSE
C101059,Sourav Sen,Male,54,Delhi,03-01-2025,Prepaid,375.9,751.8,2,5G,Monthly,Cash,3,No,,FALSE
C101060,Amit Paul,Male,71,Chennai,09-12-2025,Postpaid,375.09,19504.68,52,None,2 Year,Bank Transfer,3,No,,FALSE
C101061,Sourav Kapoor,Female,44,Mumbai,07-09-2025,Postpaid,1006.01,2012.02,2,Fiber,2 Year,Cash,0,No,,FALSE
C101062,Priya Das,Male,26,Bangalore,04-02-2025,Prepaid,418.89,12147.81,29,5G,Monthly,Bank Transfer,10,No,,FALSE
C101063,Neha Singh,Male,36,Kolkata,22-07-2025,Prepaid,785.95,54230.55,69,Fiber,2 Year,Cash,3,Yes,,FALSE
C101064,Priya Das,Male,51,Kolkata,18-07-2025,Prepaid,1096.23,5481.15,5,Fiber,2 Year,UPI,3,No,,FALSE
C101065,Amit Gupta,Male,57,Hyderabad,15-09-2025,Prepaid,1043.78,50101.44,48,DSL,2 Year,Bank Transfer,0,Yes,,FALSE
C101066,Rohit Roy,Female,27,Bangalore,13-04-2025,Prepaid,1760.13,77445.72,44,None,1 Year,Card,4,Yes,,FALSE
C101067,Ananya Gupta,Male,32,Bangalore,05-02-2025,Prepaid,1365.26,32766.24,24,5G,2 Year,Card,2,No,,FALSE
C101068,Sourav Dey,Male,21,Chennai,28-03-2025,Postpaid,1463.1,21946.5,15,5G,Monthly,Card,1,Yes,,FALSE
C101069,Rahul Kapoor,Male,18,Mumbai,18-11-2025,Prepaid,304.82,14936.18,49,Fiber,Monthly,Cash,9,No,,FALSE
C101070,Sneha Gupta,Female,36,Delhi,22-11-2025,Postpaid,1063.44,53172,50,None,Monthly,Cash,8,No,,FALSE
C101071,Amit Kapoor,Female,32,Mumbai,08-07-2025,Prepaid,786.67,14946.73,19,None,1 Year,Card,0,No,,FALSE
C101072,Sourav Roy,Female,44,Mumbai,27-07-2025,Postpaid,1746.86,122280.2,70,None,1 Year,Cash,7,No,,FALSE
C101073,Sourav Roy,Male,47,Mumbai,22-04-2025,Prepaid,873.26,41043.22,47,DSL,2 Year,Bank Transfer,7,No,,FALSE
C101074,Amit Gupta,Male,41,,30-11-2025,Postpaid,661.97,26478.8,40,5G,2 Year,Cash,0,Yes,,FALSE
C101075,Amit Kapoor,Female,31,Mumbai,15-08-2025,Prepaid,1236.88,54422.72,44,DSL,1 Year,Card,4,Yes,,FALSE
C101076,Sneha Roy,Female,59,Delhi,28-08-2025,Prepaid,1276.62,66384.24,52,DSL,1 Year,Bank Transfer,9,Yes,,FALSE
C101077,Priya Sharma,Male,61,Kolkata,19-06-2025,Prepaid,1636.84,21278.92,13,5G,1 Year,Card,11,Yes,,FALSE
C101078,Ananya Paul,Female,31,Chennai,17-08-2025,Postpaid,1728.15,69126,40,5G,2 Year,Card,4,No,,FALSE
C101079,Amit Roy,Female,24,Kolkata,30-09-2025,Postpaid,,41088.96,72,DSL,2 Year,Cash,11,No,,FALSE
C101080,Amit Gupta,Male,62,Kolkata,11-03-2025,Postpaid,1958.41,62669.12,32,None,1 Year,Cash,2,Yes,,FALSE
C101081,Neha Paul,Male,55,Bangalore,11-01-2025,Postpaid,1881.6,88435.2,47,5G,1 Year,UPI,5,Yes,,FALSE
C101082,Sourav Roy,Male,29,Hyderabad,11-04-2025,Postpaid,1359.85,24477.3,18,5G,2 Year,UPI,,No,,FALSE
C101083,Ananya Singh,Male,19,Chennai,24-05-2025,Prepaid,1984.89,107184.06,54,None,1 Year,Card,0,Yes,,FALSE
C101084,Sourav Ghosh,Male,62,Delhi,03-12-2025,Postpaid,746.29,29851.6,40,Fiber,1 Year,UPI,2,Yes,,FALSE
C101085,Sneha Gupta,Female,65,,19-01-2025,Postpaid,813.61,2440.83,3,None,1 Year,Bank Transfer,,No,,FALSE
C101086,Ananya Singh,Male,44,Bangalore,25-05-2025,Postpaid,523.98,23055.12,44,Fiber,1 Year,UPI,12,No,,FALSE
C101087,Rahul Roy,Male,73,Mumbai,08-02-2025,Prepaid,1821.89,120244.74,66,5G,Monthly,Card,9,Yes,,FALSE
C101088,Rahul Sharma,Female,67,Chennai,06-02-2025,Prepaid,1767.27,21207.24,12,None,2 Year,Bank Transfer,12,Yes,,FALSE
C101089,Amit Sen,Male,57,Mumbai,16-02-2025,Prepaid,394.48,6311.68,16,Fiber,1 Year,Card,3,Yes,,FALSE
C101090,Vikram Sen,Female,63,Mumbai,29-12-2025,Postpaid,956.73,10524.03,11,DSL,1 Year,Bank Transfer,11,Yes,,FALSE
C101091,Priya Roy,Male,46,,15-03-2025,Prepaid,1161.89,27885.36,24,Fiber,2 Year,UPI,3,Yes,,FALSE
C101092,Sneha Roy,Female,72,Hyderabad,31-10-2025,Postpaid,1584.69,66556.98,42,None,2 Year,Bank Transfer,3,No,,FALSE
C101093,Vikram Sharma,Female,34,Delhi,24-03-2025,Prepaid,1549.25,69716.25,45,Fiber,Monthly,Cash,5,Yes,,FALSE
C101094,Riya Sharma,Male,57,Delhi,29-10-2025,Postpaid,434.92,24355.52,56,Fiber,2 Year,Bank Transfer,11,No,,FALSE
C101095,Riya Ghosh,Female,46,Delhi,08-09-2025,Postpaid,1560.73,71793.58,46,DSL,Monthly,Card,0,No,,FALSE
C101096,Ananya Kapoor,Female,44,Bangalore,20-08-2025,Prepaid,1794.96,107697.6,60,DSL,2 Year,Cash,6,Yes,,FALSE
C101097,Sourav Roy,Female,73,Delhi,08-01-2025,Postpaid,1639.05,29502.9,18,DSL,Monthly,Card,3,Yes,,FALSE
C101098,Rohit Ghosh,Male,19,Kolkata,12-09-2025,Postpaid,1101.89,56196.39,51,DSL,1 Year,Bank Transfer,3,Yes,,FALSE
C101099,Amit Gupta,Male,49,Delhi,24-02-2025,Prepaid,1034.86,66231.04,64,5G,2 Year,Cash,9,No,,FALSE
C101100,Riya Sen,Female,27,Bangalore,07-01-2025,Postpaid,1180.9,36607.9,31,DSL,1 Year,Bank Transfer,10,No,,FALSE
C101101,Vikram Singh,Female,57,Hyderabad,11-07-2025,Prepaid,1317.5,21080,16,5G,2 Year,Cash,1,Yes,,FALSE
C101102,Sneha Ghosh,Male,46,Delhi,21-11-2025,Postpaid,1007.9,48379.2,48,5G,2 Year,Bank Transfer,9,No,,FALSE
C101103,Ananya Paul,Male,62,Hyderabad,31-10-2025,Prepaid,1832.15,45803.75,25,DSL,1 Year,Cash,0,No,,FALSE
C101104,Amit Paul,Female,50,,28-09-2025,Postpaid,952.04,12376.52,13,None,2 Year,Bank Transfer,1,No,,FALSE
C101105,Rohit Roy,Female,42,Kolkata,31-08-2025,Prepaid,1644.18,41104.5,25,DSL,2 Year,UPI,5,No,,FALSE
C101106,Rohit Ghosh,Female,70,Delhi,06-11-2025,Prepaid,1254.19,77759.78,62,DSL,2 Year,,4,Yes,,FALSE
C101107,Vikram Singh,Male,65,Bangalore,05-08-2025,Prepaid,1188.95,29723.75,25,5G,1 Year,Card,2,No,,FALSE
C101108,Sourav Das,Female,19,Bangalore,17-03-2025,Postpaid,1406.78,5627.12,4,None,2 Year,Card,9,No,,FALSE
C101109,Rohit Gupta,Female,66,Mumbai,28-12-2025,Postpaid,482.17,19768.97,41,5G,Monthly,Card,5,Yes,,FALSE
C101110,Vikram Gupta,Female,25,Mumbai,11-06-2025,Postpaid,1774.15,12419.05,7,Fiber,2 Year,Cash,10,No,,FALSE
C101111,Rahul Singh,Female,43,Chennai,19-10-2025,Prepaid,854.24,19647.52,23,Fiber,2 Year,Card,7,Yes,,FALSE
C101112,Vikram Roy,Male,22,Kolkata,04-07-2025,Postpaid,,10020.06,18,5G,Monthly,Cash,5,Yes,,FALSE
C101113,Vikram Kapoor,Female,49,Hyderabad,21-03-2025,Prepaid,1225.69,63735.88,52,DSL,1 Year,Card,1,No,,FALSE
C101114,Vikram Sharma,Male,32,Hyderabad,24-12-2025,Prepaid,395.07,12247.17,31,None,Monthly,UPI,3,Yes,,FALSE
C101115,Ananya Kapoor,Female,27,Kolkata,19-09-2025,Postpaid,1149.99,20699.82,18,None,Monthly,Cash,8,Yes,,FALSE
C101116,Sneha Sen,Female,20,Kolkata,28-06-2025,Prepaid,1301.44,33837.44,26,5G,2 Year,Card,6,Yes,,FALSE
C101117,Neha Singh,Female,27,Chennai,11-07-2025,Postpaid,311.49,21492.81,69,DSL,Monthly,Bank Transfer,5,Yes,,FALSE
C101118,Rohit Gupta,Male,38,,05-11-2025,Postpaid,966.48,32860.32,34,DSL,Monthly,UPI,,No,,FALSE
C101119,Sneha Sen,Female,69,Hyderabad,12-12-2025,Prepaid,1561.78,21864.92,14,5G,1 Year,Cash,0,Yes,,FALSE
C101120,Rahul Singh,Male,54,Mumbai,03-04-2025,Postpaid,667.57,22029.81,33,DSL,1 Year,Cash,11,No,,FALSE
C101121,Amit Gupta,Female,47,Chennai,02-11-2025,Postpaid,1322.08,67426.08,51,DSL,Monthly,UPI,0,Yes,,FALSE
C101122,Rohit Sharma,Female,57,Bangalore,15-07-2025,Prepaid,1756.18,12293.26,7,Fiber,Monthly,Bank Transfer,3,Yes,,FALSE
C101123,Sourav Sharma,Female,45,Kolkata,03-03-2025,Postpaid,428.37,20561.76,48,DSL,1 Year,Cash,12,Yes,,FALSE
C101124,Riya Roy,Male,25,Kolkata,14-02-2025,Prepaid,1795.49,7181.96,4,None,2 Year,Bank Transfer,4,Yes,,FALSE
C101125,Amit Sen,Male,62,Bangalore,14-12-2025,Postpaid,406.58,25207.96,62,Fiber,Monthly,Cash,,No,,FALSE
C101126,Neha Sharma,Male,44,Delhi,30-12-2025,Postpaid,1952.94,44917.62,23,None,Monthly,Bank Transfer,0,No,,FALSE
C101127,Riya Sharma,Male,73,Chennai,11-08-2025,Postpaid,698.19,17454.75,25,DSL,2 Year,UPI,4,No,,FALSE
C101128,Riya Dey,Male,23,Delhi,04-12-2025,Postpaid,1074.64,51582.72,48,DSL,1 Year,Bank Transfer,6,Yes,,FALSE
C101129,Ananya Singh,Male,55,Hyderabad,11-09-2025,Postpaid,931.59,48442.68,52,5G,1 Year,UPI,9,No,,FALSE
C101130,Ananya Gupta,Female,74,Chennai,15-12-2025,Prepaid,864.77,15565.86,18,Fiber,1 Year,Card,9,No,,FALSE
C101131,Neha Roy,Male,52,Hyderabad,22-07-2025,Prepaid,1745.87,36663.27,21,None,Monthly,UPI,8,Yes,,FALSE
C101132,Vikram Roy,Male,54,Hyderabad,30-12-2025,Postpaid,732.02,732.02,1,None,Monthly,Bank Transfer,11,No,,FALSE
C101133,Sourav Sen,Female,53,Hyderabad,28-07-2025,Prepaid,1188.31,60603.81,51,DSL,2 Year,Cash,2,Yes,,FALSE
C101134,Vikram Das,Female,63,Mumbai,06-02-2025,Postpaid,1817.41,1817.41,1,DSL,1 Year,Bank Transfer,3,Yes,,FALSE
C101135,Rahul Singh,Male,70,Mumbai,06-04-2025,Prepaid,338.96,8474,25,Fiber,1 Year,Cash,1,No,,FALSE
C101136,Neha Singh,Female,40,Bangalore,11-07-2025,Prepaid,316.97,16482.44,52,5G,1 Year,Cash,10,Yes,,FALSE
C101137,Riya Ghosh,Female,61,Kolkata,11-05-2025,Postpaid,1959.92,123474.96,63,None,2 Year,UPI,6,No,,FALSE
C101138,Sourav Sharma,Female,61,Kolkata,01-09-2025,Postpaid,1989.89,125363.07,63,Fiber,Monthly,Card,11,Yes,,FALSE
C101139,Sneha Paul,Female,47,Kolkata,15-06-2025,Postpaid,1572.39,77047.11,49,None,Monthly,Cash,1,Yes,,FALSE
C101140,Rahul Dey,Female,61,Kolkata,15-09-2025,Prepaid,1307.83,22233.11,17,None,1 Year,Cash,12,Yes,,FALSE
C101141,Riya Roy,Female,34,Delhi,25-03-2025,Prepaid,1485.97,23775.52,16,5G,2 Year,Bank Transfer,6,Yes,,FALSE
C101142,Priya Sen,Female,61,Bangalore,08-05-2025,Prepaid,1945.56,38911.2,20,None,2 Year,Card,12,No,,FALSE
C101143,Ananya Paul,Female,20,Mumbai,16-08-2025,Prepaid,609.55,23772.45,39,Fiber,Monthly,Card,2,Yes,,FALSE
C101144,Sourav Sharma,Female,46,Hyderabad,06-10-2025,Prepaid,922.35,59030.4,64,None,1 Year,UPI,4,No,,FALSE
C101145,Priya Singh,Female,53,,25-07-2025,Prepaid,412.8,22704,55,DSL,Monthly,UPI,2,Yes,,FALSE
C101146,Riya Dey,Female,54,Chennai,15-05-2025,Postpaid,1428.89,34293.36,24,Fiber,2 Year,Card,9,No,,FALSE
C101147,Sneha Roy,Female,25,Mumbai,26-12-2025,Postpaid,366.58,26393.76,72,Fiber,1 Year,UPI,8,Yes,,FALSE
C101148,Neha Dey,Male,25,Delhi,12-03-2025,Postpaid,1431.05,97311.4,68,DSL,1 Year,Card,3,No,,FALSE
C101149,Amit Kapoor,Male,48,Mumbai,08-12-2025,Prepaid,663.01,41106.62,62,DSL,Monthly,Cash,8,Yes,,FALSE
C101150,Sourav Ghosh,Male,54,Delhi,28-07-2025,Prepaid,719.02,15818.44,22,None,Monthly,Bank Transfer,12,No,,FALSE
C101151,Ananya Kapoor,Female,19,Chennai,26-04-2025,Prepaid,1440.82,36020.5,25,None,2 Year,Cash,10,Yes,,FALSE
C101152,Priya Kapoor,Male,33,Bangalore,03-02-2025,Prepaid,787.97,52793.99,67,DSL,2 Year,UPI,5,No,,FALSE
C101153,Ananya Singh,Female,43,Delhi,29-08-2025,Postpaid,1088.66,39191.76,36,None,2 Year,Card,7,No,,FALSE
C101154,Vikram Dey,Male,23,Delhi,19-11-2025,Postpaid,1956.89,123284.07,63,5G,1 Year,Card,5,No,,FALSE
C101155,Rohit Sen,Female,33,Chennai,13-12-2025,Postpaid,891.47,22286.75,25,5G,1 Year,Cash,10,Yes,,FALSE
C101156,Rohit Sen,Female,67,Hyderabad,05-10-2025,Postpaid,1662.82,29930.76,18,DSL,1 Year,Card,1,No,,FALSE
C101157,Ananya Roy,Female,58,Delhi,06-05-2025,Postpaid,,20760,32,None,2 Year,Bank Transfer,9,No,,FALSE
C101158,Neha Das,Female,52,Kolkata,12-07-2025,Postpaid,547.78,24102.32,44,Fiber,Monthly,Card,12,No,,FALSE
C101159,Vikram Paul,Female,49,Chennai,18-10-2025,Postpaid,1888.08,111396.72,59,DSL,1 Year,UPI,6,No,,FALSE
C101160,Sourav Ghosh,Male,56,Mumbai,03-04-2025,Prepaid,1108.83,15523.62,14,5G,Monthly,UPI,1,No,,FALSE
C101161,Amit Das,Female,24,Mumbai,21-01-2025,Prepaid,1208.88,85830.48,71,Fiber,Monthly,Bank Transfer,9,No,,FALSE
C101162,Sneha Paul,Female,36,Chennai,01-07-2025,Prepaid,708.16,39656.96,56,DSL,Monthly,Bank Transfer,12,Yes,,FALSE
C101163,Neha Sharma,Male,28,Kolkata,20-10-2025,Postpaid,644.34,32217,50,None,Monthly,UPI,3,No,,FALSE
C101164,Amit Roy,Male,32,Delhi,24-02-2025,Prepaid,1080.16,33484.96,31,DSL,2 Year,Bank Transfer,6,No,,FALSE
C101165,Priya Kapoor,Female,46,Bangalore,18-03-2025,Postpaid,693.71,19423.88,28,None,Monthly,Bank Transfer,3,No,,FALSE
C101166,Rahul Gupta,Female,45,Bangalore,07-11-2025,Prepaid,880.89,59900.52,68,5G,Monthly,UPI,9,No,,FALSE
C101167,Ananya Ghosh,Female,28,Delhi,08-05-2025,Postpaid,651.12,33858.24,52,DSL,1 Year,Cash,0,Yes,,FALSE
C101168,Rahul Kapoor,Female,59,Delhi,15-07-2025,Prepaid,1067.82,9610.38,9,None,1 Year,Cash,6,Yes,,FALSE
C101169,Rohit Ghosh,Female,45,Bangalore,22-03-2025,Prepaid,890.99,29402.67,33,DSL,2 Year,Card,0,No,,FALSE
C101170,Priya Roy,Male,41,Chennai,23-12-2025,Prepaid,1592.21,11145.47,7,5G,Monthly,Bank Transfer,7,Yes,,FALSE
C101171,Rohit Roy,Male,36,Bangalore,09-06-2025,Prepaid,1758.45,33410.55,19,Fiber,Monthly,UPI,9,Yes,,FALSE
C101172,Riya Kapoor,Male,54,Mumbai,09-01-2025,Prepaid,789.01,18147.23,23,Fiber,Monthly,UPI,4,Yes,,FALSE
C101173,Vikram Ghosh,Male,52,Mumbai,01-10-2025,Prepaid,1623.4,25974.4,16,DSL,Monthly,Bank Transfer,2,No,,FALSE
C101174,Rahul Kapoor,Male,50,Mumbai,25-01-2025,Postpaid,1150.55,3451.65,3,DSL,Monthly,Card,9,No,,FALSE
C101175,Riya Roy,Male,54,Hyderabad,08-05-2025,Prepaid,1085.09,39063.24,36,Fiber,Monthly,Cash,2,Yes,,FALSE
C101176,Riya Kapoor,Female,36,Chennai,27-08-2025,Postpaid,1198.12,70689.08,59,None,1 Year,Cash,2,No,,FALSE
C101177,Neha Ghosh,Female,26,Kolkata,06-11-2025,Postpaid,650.72,3253.6,5,None,1 Year,,5,Yes,,FALSE
C101178,Rahul Sen,Female,38,Hyderabad,17-03-2025,Postpaid,636.79,40117.77,63,DSL,2 Year,Bank Transfer,6,Yes,,FALSE
C101179,Riya Singh,Female,27,Bangalore,27-08-2025,Postpaid,1829.86,5489.58,3,5G,Monthly,Cash,2,No,,FALSE
C101180,Priya Singh,Female,21,Kolkata,29-06-2025,Postpaid,1910.13,61124.16,32,None,2 Year,Cash,1,No,,FALSE
C101181,Rahul Gupta,Male,40,Delhi,19-06-2025,Prepaid,1236.73,81624.18,66,5G,2 Year,,0,Yes,,FALSE
C101182,Rahul Dey,Male,27,Hyderabad,24-09-2025,Postpaid,757.33,54527.76,72,Fiber,1 Year,Cash,5,No,,FALSE
C101183,Rahul Dey,Male,40,Bangalore,07-09-2025,Postpaid,783.38,32901.96,42,Fiber,2 Year,UPI,2,No,,FALSE
C101184,Rohit Roy,Male,39,Mumbai,17-02-2025,Postpaid,,87920.22,57,5G,1 Year,Card,0,Yes,,FALSE
C101185,Sneha Kapoor,Male,37,Bangalore,19-03-2025,Postpaid,1920.05,3840.1,2,5G,Monthly,UPI,1,Yes,,FALSE
C101186,Riya Das,Male,72,Bangalore,26-03-2025,Postpaid,750.36,3751.8,5,Fiber,Monthly,Cash,12,No,,FALSE
C101187,Rohit Paul,Female,57,Hyderabad,07-12-2025,Postpaid,1745.01,83760.48,48,DSL,2 Year,Bank Transfer,12,Yes,,FALSE
C101188,Rohit Ghosh,Female,32,Bangalore,27-07-2025,Prepaid,1036.58,3109.74,3,5G,1 Year,UPI,2,Yes,,FALSE
C101189,Sneha Gupta,Male,72,Kolkata,24-12-2025,Postpaid,1796.27,52091.83,29,None,2 Year,Cash,6,No,,FALSE
C101190,Neha Gupta,Male,37,Delhi,30-01-2025,Postpaid,711.24,7823.64,11,None,1 Year,Card,6,No,,FALSE
C101191,Priya Singh,Male,19,Bangalore,09-09-2025,Postpaid,1892.91,81395.13,43,DSL,1 Year,Cash,3,No,,FALSE
C101192,Neha Ghosh,Female,33,Kolkata,21-02-2025,Prepaid,870.39,19148.58,22,Fiber,2 Year,UPI,2,No,,FALSE
C101193,Amit Sharma,Male,49,Bangalore,01-04-2025,Prepaid,1887.44,22649.28,12,DSL,1 Year,Bank Transfer,10,No,,FALSE
C101194,Rohit Ghosh,Male,60,Kolkata,26-10-2025,Prepaid,367.73,4412.76,12,Fiber,2 Year,UPI,3,Yes,,FALSE
C101195,Riya Das,Female,75,Chennai,30-05-2025,Prepaid,1700.12,86706.12,51,5G,Monthly,UPI,7,No,,FALSE
C101196,Neha Sen,Female,28,Kolkata,21-07-2025,Postpaid,462.4,30518.4,66,DSL,2 Year,Cash,12,No,,FALSE
C101197,Sourav Kapoor,Male,40,Delhi,08-12-2025,Postpaid,819.88,54112.08,66,DSL,Monthly,Cash,2,Yes,,FALSE
C101198,Priya Roy,Male,20,Bangalore,06-03-2025,Prepaid,398.87,4387.57,11,Fiber,1 Year,Bank Transfer,11,No,,FALSE
C101199,Sourav Kapoor,Male,55,Hyderabad,09-12-2025,Postpaid,1520.69,47141.39,31,DSL,1 Year,UPI,5,Yes,,FALSE
C101200,Rahul Sharma,Female,43,Bangalore,06-04-2025,Postpaid,885.65,22141.25,25,None,2 Year,Cash,12,No,,FALSE
C101201,Sourav Ghosh,Male,46,Kolkata,26-03-2025,Postpaid,1685.83,30344.94,18,None,Monthly,Cash,5,Yes,,FALSE
C101202,Neha Gupta,Female,20,Mumbai,03-04-2025,Postpaid,707.04,12726.72,18,Fiber,Monthly,Bank Transfer,11,No,,FALSE
C101203,Priya Gupta,Male,69,Mumbai,17-03-2025,Postpaid,872.21,41866.08,48,5G,2 Year,Cash,,Yes,,FALSE
C101204,Neha Dey,Female,45,Chennai,22-08-2025,Prepaid,1072.42,6434.52,6,5G,1 Year,UPI,6,Yes,,FALSE
C101205,Neha Paul,Male,48,Delhi,30-10-2025,Prepaid,1878.38,101432.52,54,None,1 Year,Bank Transfer,10,Yes,,FALSE
C101206,Neha Singh,Female,70,Delhi,03-01-2025,Prepaid,1435.33,43059.9,30,Fiber,Monthly,Cash,3,No,,FALSE
C101207,Priya Singh,Female,18,Kolkata,14-09-2025,Postpaid,380.2,21291.2,56,Fiber,1 Year,Card,8,No,,FALSE
C101208,Sourav Dey,Female,67,Mumbai,07-10-2025,Prepaid,1752.9,26293.5,15,Fiber,2 Year,Cash,1,No,,FALSE
C101209,Rahul Das,Male,59,Hyderabad,13-05-2025,Prepaid,1908.18,61061.76,32,5G,2 Year,Bank Transfer,6,Yes,,FALSE
C101210,Amit Ghosh,Male,75,Delhi,08-06-2025,Prepaid,645.96,35527.8,55,Fiber,Monthly,UPI,0,Yes,,FALSE
C101211,Priya Gupta,Female,22,Kolkata,14-09-2025,Postpaid,1939.74,67890.9,35,Fiber,1 Year,Bank Transfer,12,Yes,,FALSE
C101212,Sourav Sen,Female,40,Hyderabad,10-01-2025,Prepaid,899.51,10794.12,12,Fiber,Monthly,Card,5,Yes,,FALSE
C101213,Ananya Sharma,Female,51,Bangalore,10-08-2025,Prepaid,629.09,43407.21,69,None,Monthly,Card,3,No,,FALSE
C101214,Sneha Gupta,Female,67,Bangalore,14-06-2025,Postpaid,1958.43,17625.87,9,DSL,Monthly,UPI,7,Yes,,FALSE
C101215,Ananya Ghosh,Female,18,Hyderabad,04-01-2025,Postpaid,328.11,15093.06,46,None,Monthly,Card,1,Yes,,FALSE
C101216,Vikram Dey,Female,55,Kolkata,16-11-2025,Prepaid,1103.83,19868.94,18,5G,Monthly,Bank Transfer,8,No,,FALSE
C101217,Rahul Singh,Male,36,Hyderabad,13-05-2025,Postpaid,1758.72,8793.6,5,DSL,1 Year,Bank Transfer,6,Yes,,FALSE
C101218,Rohit Singh,Female,51,Kolkata,14-01-2025,Postpaid,426.69,20054.43,47,5G,Monthly,UPI,2,Yes,,FALSE
C101219,Rohit Ghosh,Female,41,Kolkata,04-04-2025,Prepaid,460.77,6911.55,15,Fiber,Monthly,UPI,4,No,,FALSE
C101220,Priya Dey,Female,71,Chennai,03-12-2025,Postpaid,1582.23,112338.33,71,Fiber,1 Year,UPI,4,No,,FALSE
C101221,Rahul Roy,Male,23,Kolkata,29-10-2025,Prepaid,756.38,32524.34,43,Fiber,1 Year,UPI,7,No,,FALSE
C101222,Amit Paul,Male,43,Kolkata,21-06-2025,Prepaid,480.71,33649.7,70,DSL,2 Year,UPI,10,Yes,,FALSE
C101223,Amit Roy,Male,48,Bangalore,03-01-2025,Postpaid,1537.87,43060.36,28,DSL,1 Year,Card,0,No,,FALSE
C101224,Vikram Singh,Female,31,Mumbai,27-07-2025,Postpaid,626.2,31310,50,5G,1 Year,Card,9,Yes,,FALSE
C101225,Neha Gupta,Male,63,Kolkata,27-07-2025,Prepaid,732.5,39555,54,5G,2 Year,Card,9,Yes,,FALSE
C101226,Sneha Roy,Male,70,Mumbai,08-05-2025,Prepaid,1943.2,31091.2,16,Fiber,2 Year,Cash,2,Yes,,FALSE
C101227,Sneha Das,Male,35,Bangalore,24-02-2025,Postpaid,1275.78,19136.7,15,DSL,1 Year,Card,2,Yes,,FALSE
C101228,Sourav Kapoor,Female,73,Bangalore,06-12-2025,Prepaid,851.69,40881.12,48,DSL,Monthly,Cash,5,Yes,,FALSE
C101229,Rohit Kapoor,Male,73,Delhi,02-01-2025,Postpaid,1131.85,36219.2,32,None,Monthly,UPI,12,Yes,,FALSE
C101230,Sneha Kapoor,Male,65,Delhi,14-03-2025,Postpaid,1190.28,70226.52,59,5G,Monthly,Cash,12,Yes,,FALSE
C101231,Riya Ghosh,Female,48,Hyderabad,25-04-2025,Postpaid,410,27880,68,DSL,2 Year,Bank Transfer,7,No,,FALSE
C101232,Riya Roy,Male,35,Mumbai,27-11-2025,Postpaid,1115.6,23427.6,21,None,Monthly,Card,1,No,,FALSE
C101233,Priya Singh,Female,64,Hyderabad,26-07-2025,Prepaid,1186.45,56949.6,48,Fiber,2 Year,UPI,3,No,,FALSE
C101234,Vikram Paul,Male,34,Hyderabad,12-09-2025,Prepaid,1587.15,50788.8,32,DSL,Monthly,Bank Transfer,12,No,,FALSE
C101235,Sneha Roy,Male,54,Hyderabad,06-06-2025,Postpaid,301.48,13265.12,44,5G,2 Year,Bank Transfer,9,Yes,,FALSE
C101236,Neha Paul,Female,58,Kolkata,14-07-2025,Postpaid,1437.72,74761.44,52,DSL,Monthly,Bank Transfer,0,No,,FALSE
C101237,Vikram Ghosh,Female,40,Mumbai,09-08-2025,Prepaid,1589.18,96939.98,61,Fiber,Monthly,Card,3,No,,FALSE
C101238,Sourav Dey,Male,73,Kolkata,15-12-2025,Postpaid,647.43,3884.58,6,DSL,Monthly,Card,3,No,,FALSE
C101239,Neha Kapoor,Male,24,Delhi,26-11-2025,Postpaid,734.98,3674.9,5,DSL,Monthly,Bank Transfer,3,Yes,,FALSE
C101240,Vikram Sen,Male,23,Bangalore,19-12-2025,Postpaid,1643.87,54247.71,33,DSL,2 Year,UPI,7,Yes,,FALSE
C101241,Priya Das,Male,68,Chennai,23-05-2025,Prepaid,1807.7,95808.1,53,None,2 Year,Bank Transfer,5,No,,FALSE
C101242,Priya Paul,Male,53,Hyderabad,21-05-2025,Prepaid,344.73,7584.06,22,DSL,Monthly,Card,11,Yes,,FALSE
C101243,Sneha Sen,Male,64,Delhi,24-08-2025,Prepaid,631.96,14535.08,23,None,Monthly,Card,0,Yes,,FALSE
C101244,Rohit Kapoor,Male,64,Hyderabad,02-02-2025,Prepaid,922.29,24901.83,27,None,1 Year,UPI,2,No,,FALSE
C101245,Sourav Das,Male,20,Mumbai,19-04-2025,Prepaid,596.66,41169.54,69,DSL,1 Year,UPI,6,Yes,,FALSE
C101246,Vikram Dey,Female,62,Bangalore,22-03-2025,Prepaid,751.44,16531.68,22,None,1 Year,Card,9,No,,FALSE
C101247,Sneha Sharma,Male,35,Bangalore,01-06-2025,Postpaid,,30396.99,41,None,Monthly,UPI,12,Yes,,FALSE
C101248,Vikram Das,Female,75,Bangalore,29-11-2025,Prepaid,689.55,4826.85,7,Fiber,2 Year,Card,8,Yes,,FALSE
C101249,Rahul Dey,Male,69,Mumbai,03-10-2025,Prepaid,707.82,12032.94,17,5G,2 Year,UPI,4,No,,FALSE
C101250,Amit Sharma,Female,39,Bangalore,16-04-2025,Prepaid,530.51,37666.21,71,DSL,2 Year,UPI,,Yes,,FALSE
C101251,Vikram Das,Female,57,Bangalore,26-03-2025,Postpaid,420.44,23965.08,57,5G,Monthly,UPI,12,Yes,,FALSE
C101252,Rahul Sharma,Male,67,Delhi,26-03-2025,Prepaid,1617.02,6468.08,4,Fiber,2 Year,Card,7,Yes,,FALSE
C101253,Rahul Paul,Male,46,Hyderabad,18-03-2025,Postpaid,1399.83,96588.27,69,5G,1 Year,UPI,12,No,,FALSE
C101254,Priya Dey,Male,66,Chennai,09-12-2025,Postpaid,,28210.06,38,5G,1 Year,UPI,2,Yes,,FALSE
C101255,Rahul Ghosh,Female,70,Bangalore,21-01-2025,Postpaid,,42602.17,37,None,Monthly,UPI,9,Yes,,FALSE
C101256,Sourav Ghosh,Female,18,Kolkata,05-07-2025,Postpaid,1804.85,61364.9,34,DSL,1 Year,Cash,9,Yes,,FALSE
C101257,Rohit Dey,Male,33,Delhi,09-07-2025,Prepaid,552.76,29296.28,53,5G,1 Year,Card,12,No,,FALSE
C101258,Rahul Gupta,Male,64,Bangalore,17-04-2025,Prepaid,1238.32,7429.92,6,None,2 Year,Cash,9,No,,FALSE
C101259,Vikram Roy,Male,68,Kolkata,01-02-2025,Postpaid,1612.02,4836.06,3,Fiber,Monthly,Cash,4,Yes,,FALSE
C101260,Rahul Singh,Female,74,Hyderabad,01-04-2025,Postpaid,1854.9,133552.8,72,None,Monthly,Card,6,Yes,,FALSE
C101261,Sneha Roy,Male,51,Mumbai,23-12-2025,Postpaid,978.5,8806.5,9,5G,2 Year,Card,8,No,,FALSE
C101262,Sneha Kapoor,Male,44,Delhi,28-09-2025,Postpaid,568.61,22175.79,39,DSL,Monthly,Bank Transfer,12,No,,FALSE
C101263,Sourav Singh,Female,23,Mumbai,01-07-2025,Postpaid,1783.86,107031.6,60,5G,Monthly,Card,6,Yes,,FALSE
C101264,Amit Singh,Male,64,Hyderabad,12-01-2025,Prepaid,876.88,42090.24,48,None,1 Year,,6,No,,FALSE
C101265,Vikram Dey,Male,73,Mumbai,25-02-2025,Postpaid,1171.07,44500.66,38,DSL,2 Year,Card,4,No,,FALSE
C101266,Rahul Ghosh,Male,64,Delhi,18-12-2025,Prepaid,1090.66,19631.88,18,5G,Monthly,Card,3,Yes,,FALSE
C101267,Vikram Singh,Female,66,Hyderabad,04-03-2025,Postpaid,629.36,28950.56,46,DSL,Monthly,UPI,1,Yes,,FALSE
C101268,Priya Dey,Male,63,Chennai,12-04-2025,Prepaid,1193.56,70420.04,59,Fiber,2 Year,Card,7,Yes,,FALSE
C101269,Sneha Sharma,Female,26,Kolkata,09-02-2025,Prepaid,1393.85,72480.2,52,None,1 Year,Cash,1,No,,FALSE
C101270,Vikram Sharma,Male,50,Mumbai,17-04-2025,Prepaid,1623.15,86026.95,53,Fiber,2 Year,UPI,5,No,,FALSE
C101271,Neha Dey,Male,25,Mumbai,19-12-2025,Postpaid,516.44,36667.24,71,5G,1 Year,Cash,4,No,,FALSE
C101272,Sourav Sharma,Male,70,Bangalore,08-07-2025,Postpaid,1931.63,30906.08,16,DSL,Monthly,UPI,4,Yes,,FALSE
C101273,Neha Singh,Male,69,Chennai,30-05-2025,Prepaid,1779.43,28470.88,16,DSL,1 Year,Cash,5,Yes,,FALSE
C101274,Sourav Sen,Male,55,Hyderabad,22-03-2025,Prepaid,1585.09,28531.62,18,DSL,Monthly,Card,7,No,,FALSE
C101275,Priya Singh,Male,39,Hyderabad,31-05-2025,Prepaid,1010.06,44442.64,44,None,2 Year,UPI,5,Yes,,FALSE
C101276,Sourav Kapoor,Female,67,Hyderabad,24-01-2025,Prepaid,703,30932,44,Fiber,2 Year,Card,6,Yes,,FALSE
C101277,Rahul Dey,Male,20,Delhi,19-07-2025,Postpaid,1786.21,44655.25,25,Fiber,Monthly,Cash,2,No,,FALSE
C101278,Sneha Das,Male,22,Mumbai,11-05-2025,Postpaid,1897.53,79696.26,42,5G,Monthly,Cash,8,Yes,,FALSE
C101279,Riya Kapoor,Male,45,Chennai,18-04-2025,Postpaid,1124.16,15738.24,14,5G,2 Year,UPI,1,Yes,,FALSE
C101280,Vikram Gupta,Male,37,Delhi,02-06-2025,Prepaid,307.43,21827.53,71,None,2 Year,Card,6,Yes,,FALSE
C101281,Neha Das,Male,31,Kolkata,08-12-2025,Postpaid,1395.73,41871.9,30,None,2 Year,UPI,9,Yes,,FALSE
C101282,Neha Das,Female,50,Delhi,21-10-2025,Prepaid,1987.42,95396.16,48,Fiber,2 Year,Cash,4,Yes,,FALSE
C101283,Neha Kapoor,Female,43,Chennai,25-11-2025,Postpaid,1602.27,86522.58,54,Fiber,2 Year,Bank Transfer,2,No,,FALSE
C101284,Neha Sen,Male,55,Delhi,17-10-2025,Prepaid,1381.52,69076,50,5G,Monthly,Bank Transfer,9,Yes,,FALSE
C101285,Sneha Singh,Male,29,Bangalore,26-07-2025,Prepaid,483.2,12080,25,None,2 Year,UPI,8,No,,FALSE
C101286,Riya Kapoor,Male,27,Hyderabad,15-08-2025,Prepaid,1387.41,70757.91,51,DSL,1 Year,Card,8,Yes,,FALSE
C101287,Vikram Roy,Male,38,Delhi,02-01-2025,Postpaid,1404.32,66003.04,47,None,2 Year,UPI,2,No,,FALSE
C101288,Amit Kapoor,Female,39,Chennai,13-12-2025,Prepaid,1232.73,4930.92,4,None,2 Year,Bank Transfer,1,No,,FALSE
C101289,Priya Sen,Male,54,Chennai,04-09-2025,Postpaid,885.02,43365.98,49,Fiber,2 Year,Card,12,Yes,,FALSE
C101290,Ananya Das,Female,69,Mumbai,17-05-2025,Postpaid,832.28,56595.04,68,DSL,Monthly,Bank Transfer,8,No,,FALSE
C101291,Amit Gupta,Male,58,Kolkata,04-01-2025,Postpaid,1751.88,10511.28,6,None,1 Year,UPI,0,Yes,,FALSE
C101292,Priya Das,Male,71,Chennai,21-06-2025,Prepaid,1155.63,57781.5,50,Fiber,Monthly,Cash,8,Yes,,FALSE
C101293,Neha Das,Female,57,Kolkata,21-08-2025,Postpaid,435.18,15666.48,36,DSL,2 Year,Card,9,No,,FALSE
C101294,Rahul Ghosh,Male,59,Hyderabad,24-05-2025,Postpaid,1364.86,72337.58,53,Fiber,1 Year,,7,No,,FALSE
C101295,Riya Roy,Female,43,Bangalore,10-12-2025,Prepaid,397.91,8356.11,21,DSL,1 Year,UPI,8,Yes,,FALSE
C101296,Riya Kapoor,Male,65,,17-10-2025,Prepaid,1531.48,96483.24,63,5G,Monthly,Cash,8,No,,FALSE
C101297,Riya Sen,Male,22,Mumbai,10-06-2025,Postpaid,636.35,15908.75,25,DSL,Monthly,Bank Transfer,6,Yes,,FALSE
C101298,Riya Sharma,Male,47,Mumbai,14-12-2025,Prepaid,1875.18,131262.6,70,Fiber,2 Year,Card,,No,,FALSE
C101299,Sneha Dey,Female,25,Mumbai,28-08-2025,Postpaid,1574.57,45662.53,29,5G,1 Year,UPI,3,Yes,,FALSE
C101300,Vikram Singh,Female,46,Delhi,31-10-2025,Prepaid,1814.38,18143.8,10,DSL,2 Year,Bank Transfer,0,Yes,,FALSE
C101301,Rahul Das,Female,73,Delhi,26-05-2025,Prepaid,798.83,40740.33,51,DSL,1 Year,Card,10,No,,FALSE
C101302,Vikram Das,Male,71,Bangalore,13-09-2025,Prepaid,976.21,13666.94,14,DSL,Monthly,UPI,2,Yes,,FALSE
C101303,Neha Dey,Male,74,Kolkata,18-11-2025,Prepaid,1819.25,114612.75,63,5G,2 Year,Cash,2,No,,FALSE
C101304,Neha Gupta,Male,65,Bangalore,29-04-2025,Prepaid,1632.47,102845.61,63,Fiber,2 Year,Card,8,No,,FALSE
C101305,Neha Gupta,Male,44,Bangalore,26-12-2025,Postpaid,874.4,3497.6,4,None,2 Year,UPI,7,No,,FALSE
C101306,Riya Sen,Female,62,Chennai,17-03-2025,Prepaid,983.52,7868.16,8,5G,Monthly,Cash,8,Yes,,FALSE
C101307,Ananya Ghosh,Male,23,Kolkata,21-07-2025,Postpaid,605.76,13326.72,22,Fiber,1 Year,Cash,1,No,,FALSE
C101308,Vikram Roy,Male,43,Chennai,13-03-2025,Postpaid,1544.23,30884.6,20,None,1 Year,UPI,8,No,,FALSE
C101309,Vikram Singh,Male,33,Mumbai,06-03-2025,Prepaid,1358.84,76095.04,56,5G,Monthly,Card,10,No,,FALSE
C101310,Rohit Roy,Female,64,Chennai,22-06-2025,Prepaid,1161.51,38329.83,33,Fiber,1 Year,Bank Transfer,7,No,,FALSE
C101311,Riya Das,Female,69,Mumbai,01-05-2025,Postpaid,1480.98,7404.9,5,None,1 Year,Cash,3,Yes,,FALSE
C101312,Priya Paul,Male,19,Hyderabad,18-11-2025,Postpaid,766.33,44447.14,58,None,2 Year,Cash,6,Yes,,FALSE
C101313,Amit Roy,Female,72,Chennai,23-10-2025,Prepaid,1158.87,64896.72,56,None,2 Year,UPI,12,No,,FALSE
C101314,Amit Sen,Female,61,Kolkata,23-12-2025,Postpaid,300.11,20407.48,68,Fiber,2 Year,Bank Transfer,12,No,,FALSE
C101315,Neha Sharma,Male,42,Hyderabad,05-03-2025,Prepaid,1464.54,62975.22,43,5G,2 Year,Card,12,No,,FALSE
C101316,Amit Dey,Female,72,Bangalore,31-10-2025,Postpaid,755.15,36247.2,48,DSL,Monthly,Bank Transfer,9,No,,FALSE
C101317,Amit Dey,Female,29,Bangalore,24-04-2025,Prepaid,1376.71,44054.72,32,Fiber,1 Year,Cash,2,No,,FALSE
C101318,Ananya Gupta,Male,23,Delhi,19-07-2025,Prepaid,616.22,25881.24,42,DSL,1 Year,Card,11,Yes,,FALSE
C101319,Ananya Das,Male,39,Chennai,24-02-2025,Postpaid,1332.49,90609.32,68,5G,1 Year,UPI,10,No,,FALSE
C101320,Vikram Ghosh,Male,51,Chennai,14-06-2025,Postpaid,1924.64,65437.76,34,5G,1 Year,Card,0,Yes,,FALSE
C101321,Vikram Paul,Male,37,Kolkata,04-09-2025,Postpaid,1791.18,28658.88,16,DSL,Monthly,Card,8,No,,FALSE
C101322,Rahul Das,Female,55,Mumbai,21-07-2025,Postpaid,756.53,23452.43,31,Fiber,1 Year,Bank Transfer,7,Yes,,FALSE
C101323,Sneha Roy,Female,38,Chennai,20-04-2025,Postpaid,642.91,27002.22,42,None,2 Year,UPI,3,No,,FALSE
C101324,Neha Singh,Male,46,Hyderabad,26-11-2025,Prepaid,376.85,15450.85,41,5G,Monthly,UPI,12,No,,FALSE
C101325,Vikram Das,Female,29,Chennai,31-01-2025,Prepaid,949.99,56049.41,59,None,Monthly,Bank Transfer,5,Yes,,FALSE
C101326,Ananya Kapoor,Male,33,Mumbai,19-06-2025,Postpaid,1194.53,78838.98,66,None,Monthly,Bank Transfer,12,No,,FALSE
C101327,Rohit Singh,Male,68,Mumbai,10-09-2025,Postpaid,1215.16,70479.28,58,5G,2 Year,Bank Transfer,8,No,,FALSE
C101328,Ananya Paul,Female,64,Mumbai,15-09-2025,Prepaid,1938.71,106629.05,55,5G,2 Year,UPI,1,No,,FALSE
C101329,Rahul Sharma,Male,39,Mumbai,07-06-2025,Postpaid,530.41,2121.64,4,DSL,2 Year,Card,1,Yes,,FALSE
C101330,Ananya Das,Male,26,Kolkata,15-06-2025,Postpaid,1657.83,24867.45,15,None,Monthly,Card,10,No,,FALSE
C101331,Rohit Singh,Female,53,Chennai,26-09-2025,Postpaid,1458.39,35001.36,24,None,2 Year,Cash,2,No,,FALSE
C101332,Riya Singh,Female,72,Mumbai,04-01-2025,Prepaid,1018.22,29528.38,29,5G,2 Year,Card,5,No,,FALSE
C101333,Amit Dey,Male,31,Hyderabad,10-03-2025,Prepaid,1192.91,10736.19,9,Fiber,Monthly,Card,9,Yes,,FALSE
C101334,Neha Das,Male,74,Bangalore,05-01-2025,Prepaid,1364.75,1364.75,1,DSL,1 Year,Bank Transfer,7,Yes,,FALSE
C101335,Rahul Dey,Male,31,Bangalore,26-07-2025,Prepaid,1086.42,77135.82,71,None,Monthly,Card,5,No,,FALSE
C101336,Ananya Dey,Female,47,,11-03-2025,Postpaid,741.58,31146.36,42,DSL,2 Year,UPI,5,Yes,,FALSE
C101337,Riya Kapoor,Male,57,Hyderabad,22-02-2025,Postpaid,1167.58,14010.96,12,Fiber,2 Year,Card,11,No,,FALSE
C101338,Riya Sen,Male,25,Bangalore,22-04-2025,Prepaid,597.43,36443.23,61,Fiber,1 Year,Card,2,Yes,,FALSE
C101339,Amit Das,Female,54,,03-12-2025,Prepaid,1558.69,43643.32,28,5G,Monthly,Card,3,Yes,,FALSE
C101340,Sneha Paul,Male,38,Delhi,12-10-2025,Postpaid,1493.2,70180.4,47,5G,1 Year,UPI,7,No,,FALSE
C101341,Sourav Singh,Male,65,Kolkata,20-10-2025,Postpaid,671.07,42948.48,64,5G,1 Year,Cash,9,Yes,,FALSE
C101342,Neha Gupta,Male,29,Mumbai,20-10-2025,Prepaid,1325.13,76857.54,58,None,Monthly,Card,0,No,,FALSE
C101343,Riya Das,Male,33,Bangalore,29-12-2025,Postpaid,1590.57,95434.2,60,DSL,2 Year,Card,2,Yes,,FALSE
C101344,Ananya Kapoor,Male,19,Chennai,07-04-2025,Prepaid,528.02,6864.26,13,Fiber,Monthly,Bank Transfer,12,No,,FALSE
C101345,Vikram Paul,Female,56,Delhi,17-12-2025,Prepaid,1180.66,70839.6,60,5G,2 Year,Bank Transfer,2,Yes,,FALSE
C101346,Rahul Sharma,Male,58,Kolkata,23-05-2025,Postpaid,969.39,66887.91,69,DSL,1 Year,UPI,9,No,,FALSE
C101347,Amit Sen,Male,25,Kolkata,18-03-2025,Prepaid,411.89,24301.51,59,5G,2 Year,UPI,1,No,,FALSE
C101348,Vikram Sen,Male,30,Chennai,11-04-2025,Prepaid,770.21,47753.02,62,None,1 Year,UPI,3,No,,FALSE
C101349,Rahul Roy,Male,23,Kolkata,17-04-2025,Prepaid,545.81,8187.15,15,Fiber,2 Year,Cash,6,No,,FALSE
C101350,Neha Das,Male,66,Kolkata,15-07-2025,Postpaid,389.96,7019.28,18,Fiber,Monthly,Card,0,Yes,,FALSE
C101351,Ananya Dey,Female,57,Mumbai,12-04-2025,Prepaid,1058.03,5290.15,5,Fiber,1 Year,Card,6,No,,FALSE
C101352,Amit Gupta,Female,39,Chennai,23-02-2025,Prepaid,1210.45,32682.15,27,5G,Monthly,UPI,1,No,,FALSE
C101353,Vikram Roy,Female,19,Kolkata,23-10-2025,Postpaid,1460.17,105132.24,72,DSL,Monthly,Bank Transfer,6,Yes,,FALSE
C101354,Ananya Ghosh,Female,19,Kolkata,02-12-2025,Prepaid,1490.06,37251.5,25,DSL,2 Year,Bank Transfer,2,No,,FALSE
C101355,Sneha Gupta,Male,70,Mumbai,22-05-2025,Prepaid,1618.82,4856.46,3,None,1 Year,Bank Transfer,8,No,,FALSE
C101356,Amit Sen,Male,42,Delhi,08-02-2025,Prepaid,1595.37,63814.8,40,Fiber,Monthly,Cash,0,No,,FALSE
C101357,Riya Sen,Female,25,Delhi,31-01-2025,Prepaid,1343.23,63131.81,47,Fiber,1 Year,UPI,6,No,,FALSE
C101358,Amit Roy,Female,73,Chennai,29-11-2025,Prepaid,999.98,2999.94,3,5G,1 Year,Bank Transfer,2,Yes,,FALSE
C101359,Rahul Das,Male,32,Chennai,05-07-2025,Postpaid,354.05,13099.85,37,None,2 Year,Cash,5,No,,FALSE
C101360,Ananya Gupta,Female,75,Delhi,26-05-2025,Postpaid,1357.94,54317.6,40,DSL,Monthly,Bank Transfer,7,Yes,,FALSE
C101361,Rahul Das,Male,26,Chennai,31-01-2025,Prepaid,1083.97,35771.01,33,Fiber,Monthly,Card,0,No,,FALSE
C101362,Sourav Singh,Male,53,Bangalore,24-03-2025,Postpaid,469.64,14089.2,30,Fiber,2 Year,UPI,8,Yes,,FALSE
C101363,Amit Paul,Male,69,Hyderabad,25-02-2025,Postpaid,1060.19,49828.93,47,Fiber,1 Year,UPI,3,Yes,,FALSE
C101364,Rahul Gupta,Male,44,Delhi,10-02-2025,Prepaid,471.83,27366.14,58,5G,1 Year,Bank Transfer,7,No,,FALSE
C101365,Sneha Sharma,Male,30,Chennai,11-08-2025,Prepaid,596.47,31016.44,52,5G,2 Year,Bank Transfer,7,No,,FALSE
C101366,Riya Sharma,Male,63,Kolkata,15-10-2025,Prepaid,1312.47,72185.85,55,5G,Monthly,Card,9,No,,FALSE
C101367,Sourav Kapoor,Female,28,Mumbai,10-02-2025,Postpaid,1866.35,106381.95,57,Fiber,2 Year,Card,2,No,,FALSE
C101368,Rohit Kapoor,Female,19,Bangalore,21-02-2025,Postpaid,396.89,1984.45,5,5G,2 Year,UPI,12,Yes,,FALSE
C101369,Neha Gupta,Female,68,Kolkata,10-05-2025,Prepaid,384.98,5774.7,15,Fiber,2 Year,Bank Transfer,9,Yes,,FALSE
C101370,Neha Singh,Male,52,Delhi,08-05-2025,Prepaid,414.51,29430.21,71,5G,Monthly,UPI,4,Yes,,FALSE
C101371,Neha Gupta,Female,69,,28-09-2025,Postpaid,1398.19,54529.41,39,DSL,2 Year,UPI,3,No,,FALSE
C101372,Sourav Kapoor,Female,55,Kolkata,30-07-2025,Postpaid,1463.76,83434.32,57,Fiber,Monthly,Card,7,No,,FALSE
C101373,Rohit Sen,Male,21,Mumbai,15-06-2025,Postpaid,1114.82,70233.66,63,DSL,Monthly,Bank Transfer,9,Yes,,FALSE
C101374,Priya Singh,Male,57,Bangalore,05-12-2025,Prepaid,1670.92,96913.36,58,Fiber,Monthly,,0,No,,FALSE
C101375,Priya Das,Female,70,Kolkata,23-03-2025,Prepaid,1734.23,121396.1,70,5G,Monthly,UPI,3,No,,FALSE
C101376,Neha Gupta,Male,61,,12-02-2025,Postpaid,1311.31,86546.46,66,Fiber,2 Year,Bank Transfer,10,Yes,,FALSE
C101377,Sourav Singh,Female,70,Chennai,12-03-2025,Prepaid,,19488.6,10,Fiber,1 Year,Bank Transfer,8,Yes,,FALSE
C101378,Ananya Gupta,Male,54,Chennai,30-03-2025,Prepaid,1952.28,111279.96,57,Fiber,1 Year,UPI,6,No,,FALSE
C101379,Amit Sen,Female,38,Chennai,13-02-2025,Postpaid,1432.19,87363.59,61,None,Monthly,UPI,2,No,,FALSE
C101380,Neha Kapoor,Male,61,Bangalore,20-07-2025,Postpaid,1644.49,57557.15,35,Fiber,1 Year,UPI,9,No,,FALSE
C101381,Priya Paul,Female,32,Kolkata,01-07-2025,Postpaid,738.71,11819.36,16,Fiber,1 Year,Card,2,No,,FALSE
C101382,Ananya Kapoor,Female,36,Kolkata,24-08-2025,Postpaid,1247.92,88602.32,71,DSL,1 Year,UPI,9,No,,FALSE
C101383,Sourav Kapoor,Male,62,Hyderabad,16-05-2025,Postpaid,1718.65,63590.05,37,Fiber,1 Year,Cash,8,No,,FALSE
C101384,Amit Dey,Female,27,Kolkata,17-07-2025,Prepaid,1053.71,9483.39,9,DSL,1 Year,Card,10,No,,FALSE
C101385,Rahul Dey,Male,35,Delhi,01-10-2025,Postpaid,1228.41,85988.7,70,DSL,2 Year,UPI,6,Yes,,FALSE
C101386,Vikram Gupta,Male,34,Bangalore,12-01-2025,Prepaid,1114.19,56823.69,51,Fiber,1 Year,UPI,3,Yes,,FALSE
C101387,Neha Roy,Male,55,Hyderabad,28-07-2025,Prepaid,907.17,29029.44,32,DSL,Monthly,Cash,11,No,,FALSE
C101388,Sneha Sharma,Female,75,Delhi,12-10-2025,Prepaid,879.94,879.94,1,None,1 Year,UPI,2,No,,FALSE
C101389,Rohit Das,Male,35,Bangalore,12-06-2025,Prepaid,1141.51,44518.89,39,DSL,2 Year,Bank Transfer,4,Yes,,FALSE
C101390,Priya Gupta,Female,68,Hyderabad,03-02-2025,Prepaid,982.51,53055.54,54,5G,2 Year,UPI,8,Yes,,FALSE
C101391,Vikram Roy,Male,73,Delhi,10-02-2025,Postpaid,1083.93,56364.36,52,5G,1 Year,UPI,12,Yes,,FALSE
C101392,Sourav Kapoor,Female,71,Chennai,05-08-2025,Prepaid,1357.33,57007.86,42,None,2 Year,Cash,4,No,,FALSE
C101393,Priya Ghosh,Female,54,Chennai,14-05-2025,Postpaid,1469.77,58790.8,40,Fiber,Monthly,UPI,9,Yes,,FALSE
C101394,Riya Ghosh,Male,64,Hyderabad,15-07-2025,Prepaid,398.6,9566.4,24,5G,Monthly,UPI,7,Yes,,FALSE
C101395,Neha Dey,Female,45,Mumbai,04-08-2025,Postpaid,685.02,5480.16,8,DSL,1 Year,Card,1,No,,FALSE
C101396,Sourav Gupta,Male,38,Kolkata,13-01-2025,Postpaid,1318.14,63270.72,48,DSL,1 Year,,2,Yes,,FALSE
C101397,Rohit Dey,Female,36,Bangalore,12-09-2025,Postpaid,1996.69,97837.81,49,Fiber,1 Year,Cash,4,Yes,,FALSE
C101398,Ananya Gupta,Female,18,Delhi,03-10-2025,Prepaid,834.07,33362.8,40,None,1 Year,Bank Transfer,3,Yes,,FALSE
C101399,Rahul Kapoor,Male,68,Mumbai,09-07-2025,Postpaid,1667.95,108416.75,65,None,1 Year,Card,10,Yes,,FALSE
C101400,Rohit Sharma,Male,67,Bangalore,20-11-2025,Postpaid,871.06,47037.24,54,5G,Monthly,UPI,0,No,,FALSE
C101401,Amit Singh,Male,28,Bangalore,08-08-2025,Postpaid,500.3,12007.2,24,None,1 Year,Cash,2,No,,FALSE
C101402,Priya Das,Male,57,Delhi,30-12-2025,Prepaid,962.24,8660.16,9,Fiber,1 Year,Bank Transfer,8,No,,FALSE
C101403,Vikram Sharma,Male,21,Bangalore,29-10-2025,Postpaid,1591.84,1591.84,1,None,2 Year,Cash,8,Yes,,FALSE
C101404,Neha Ghosh,Female,30,Kolkata,20-05-2025,Postpaid,592.91,6522.01,11,DSL,2 Year,Cash,12,No,,FALSE
C101405,Sourav Das,Male,72,Hyderabad,26-02-2025,Prepaid,1384.61,30461.42,22,Fiber,Monthly,Bank Transfer,3,No,,FALSE
C101406,Neha Kapoor,Male,39,Bangalore,11-10-2025,Postpaid,1030.14,30904.2,30,DSL,1 Year,Bank Transfer,8,Yes,,FALSE
C101407,Vikram Sen,Female,37,,05-07-2025,Postpaid,508.79,8649.43,17,Fiber,Monthly,Cash,4,No,,FALSE
C101408,Riya Ghosh,Male,59,Mumbai,09-02-2025,Prepaid,783.85,37624.8,48,DSL,Monthly,,11,No,,FALSE
C101409,Riya Paul,Male,36,Bangalore,13-08-2025,Postpaid,1344.12,92744.28,69,DSL,Monthly,Bank Transfer,10,Yes,,FALSE
C101410,Vikram Dey,Female,49,Hyderabad,28-03-2025,Prepaid,351.2,7726.4,22,None,1 Year,UPI,10,Yes,,FALSE
C101411,Sourav Sen,Male,69,Delhi,18-06-2025,Prepaid,1330.46,11974.14,9,Fiber,1 Year,Card,5,Yes,,FALSE
C101412,Sneha Singh,Male,35,Kolkata,25-12-2025,Prepaid,861.74,25852.2,30,Fiber,2 Year,Cash,7,No,,FALSE
C101413,Priya Kapoor,Female,50,Mumbai,23-05-2025,Postpaid,1173.12,43405.44,37,5G,2 Year,Bank Transfer,4,No,,FALSE
C101414,Sneha Dey,Female,45,,03-02-2025,Postpaid,1702.95,11920.65,7,DSL,1 Year,UPI,0,No,,FALSE
C101415,Riya Dey,Female,33,Chennai,17-07-2025,Postpaid,549.04,8784.64,16,DSL,2 Year,UPI,4,No,,FALSE
C101416,Priya Singh,Female,48,Hyderabad,12-03-2025,Postpaid,1722.77,31009.86,18,None,Monthly,UPI,12,Yes,,FALSE
C101417,Sourav Singh,Male,73,Delhi,09-03-2025,Prepaid,1570.09,109906.3,70,DSL,2 Year,Cash,2,Yes,,FALSE
C101418,Priya Dey,Female,33,Kolkata,20-07-2025,Prepaid,555.61,7778.54,14,DSL,Monthly,UPI,11,Yes,,FALSE
C101419,Priya Sharma,Male,28,Mumbai,31-03-2025,Prepaid,504.92,9593.48,19,Fiber,Monthly,Cash,7,No,,FALSE
C101420,Rahul Dey,Female,42,Hyderabad,17-07-2025,Prepaid,376.03,5640.45,15,Fiber,2 Year,UPI,4,Yes,,FALSE
C101421,Rohit Sharma,Male,41,Chennai,29-05-2025,Postpaid,1653.66,82683,50,DSL,2 Year,UPI,9,Yes,,FALSE
C101422,Vikram Roy,Male,68,Delhi,08-06-2025,Postpaid,768.82,47666.84,62,5G,2 Year,UPI,0,Yes,,FALSE
C101423,Sourav Roy,Male,30,Delhi,23-05-2025,Postpaid,1075.97,3227.91,3,None,1 Year,UPI,5,Yes,,FALSE
C101424,Sourav Kapoor,Female,75,Kolkata,07-02-2025,Prepaid,1040.05,6240.3,6,None,1 Year,Bank Transfer,1,Yes,,FALSE
C101425,Rahul Gupta,Female,63,Kolkata,24-07-2025,Postpaid,1976.53,57319.37,29,None,Monthly,UPI,5,Yes,,FALSE
C101426,Rohit Dey,Male,45,Bangalore,01-10-2025,Postpaid,1231,66474,54,DSL,1 Year,Cash,12,Yes,,FALSE
C101427,Vikram Dey,Male,51,Bangalore,28-09-2025,Postpaid,1216.89,36506.7,30,Fiber,1 Year,UPI,5,No,,FALSE
C101428,Priya Paul,Female,29,Bangalore,12-01-2025,Prepaid,1070.01,50290.47,47,DSL,Monthly,UPI,2,No,,FALSE
C101429,Vikram Paul,Male,74,Bangalore,08-01-2025,Postpaid,1071.74,49300.04,46,Fiber,2 Year,UPI,12,No,,FALSE
C101430,Ananya Ghosh,Female,26,Kolkata,24-08-2025,Postpaid,1631.74,16317.4,10,None,1 Year,UPI,10,Yes,,FALSE
C101431,Amit Das,Male,49,Chennai,11-12-2025,Prepaid,953.66,36239.08,38,5G,Monthly,Cash,2,No,,FALSE
C101432,Neha Gupta,Female,35,Chennai,28-10-2025,Prepaid,575.62,13239.26,23,None,Monthly,Bank Transfer,11,No,,FALSE
C101433,Vikram Ghosh,Female,35,Delhi,06-09-2025,Prepaid,477.9,8124.3,17,5G,1 Year,Card,0,Yes,,FALSE
C101434,Rahul Paul,Male,26,Hyderabad,26-01-2025,Prepaid,1143.81,53759.07,47,None,Monthly,Bank Transfer,6,No,,FALSE
C101435,Amit Singh,Female,21,Mumbai,15-09-2025,Prepaid,590.85,34860.15,59,5G,2 Year,Bank Transfer,0,Yes,,FALSE
C101436,Vikram Roy,Male,23,Hyderabad,15-05-2025,Postpaid,1183.29,74547.27,63,DSL,Monthly,Card,6,Yes,,FALSE
C101437,Ananya Sharma,Female,42,Kolkata,31-01-2025,Postpaid,1870.13,130909.1,70,Fiber,Monthly,UPI,9,No,,FALSE
C101438,Priya Das,Female,18,Mumbai,07-08-2025,Prepaid,1733.53,39871.19,23,Fiber,2 Year,Bank Transfer,3,No,,FALSE
C101439,Rahul Gupta,Male,21,Bangalore,31-10-2025,Postpaid,638.34,11490.12,18,Fiber,Monthly,Cash,4,Yes,,FALSE
C101440,Rohit Dey,Female,74,Hyderabad,31-05-2025,Prepaid,1274.8,82862,65,DSL,2 Year,Cash,6,Yes,,FALSE
C101441,Neha Singh,Female,73,Bangalore,01-03-2025,Postpaid,884.84,46896.52,53,Fiber,2 Year,Card,7,Yes,,FALSE
C101442,Priya Sen,Male,69,Kolkata,13-05-2025,Postpaid,1677.59,67103.6,40,Fiber,Monthly,,12,No,,FALSE
C101443,Rohit Sen,Female,32,Bangalore,12-05-2025,Prepaid,415.83,9979.92,24,5G,Monthly,Cash,8,Yes,,FALSE
C101444,Sourav Sharma,Female,43,Bangalore,10-04-2025,Prepaid,1963.32,68716.2,35,5G,1 Year,Card,8,No,,FALSE
C101445,Sourav Singh,Female,29,Mumbai,04-10-2025,Prepaid,1659.34,68032.94,41,5G,1 Year,UPI,7,No,,FALSE
C101446,Riya Paul,Female,35,Delhi,10-02-2025,Postpaid,967.91,6775.37,7,None,Monthly,Card,9,Yes,,FALSE
C101447,Vikram Ghosh,Female,64,Kolkata,22-01-2025,Postpaid,1308.91,2617.82,2,5G,2 Year,UPI,10,Yes,,FALSE
C101448,Priya Das,Female,74,Chennai,18-07-2025,Prepaid,468.54,14056.2,30,Fiber,Monthly,Bank Transfer,12,No,,FALSE
C101449,Rahul Roy,Male,63,Hyderabad,13-01-2025,Postpaid,1458.36,83126.52,57,5G,Monthly,Bank Transfer,4,Yes,,FALSE
C101450,Priya Roy,Male,61,Bangalore,10-06-2025,Postpaid,1995.96,45907.08,23,Fiber,Monthly,Card,6,Yes,,FALSE
C101451,Sneha Roy,Female,23,Hyderabad,18-12-2025,Postpaid,487.69,19995.29,41,None,2 Year,Bank Transfer,0,No,,FALSE
C101452,Riya Das,Female,36,Hyderabad,08-04-2025,Prepaid,1923.96,11543.76,6,None,2 Year,UPI,5,No,,FALSE
C101453,Priya Sharma,Male,59,Bangalore,28-05-2025,Prepaid,1851.87,7407.48,4,5G,2 Year,UPI,3,Yes,,FALSE
C101454,Rahul Sen,Female,18,Kolkata,17-09-2025,Postpaid,890.96,32074.56,36,Fiber,Monthly,Bank Transfer,10,Yes,,FALSE
C101455,Neha Roy,Female,32,Delhi,05-05-2025,Postpaid,1795.85,79017.4,44,5G,Monthly,UPI,5,No,,FALSE
C101456,Riya Paul,Male,22,Hyderabad,10-01-2025,Postpaid,399.85,1999.25,5,None,2 Year,UPI,1,No,,FALSE
C101457,Rahul Sen,Female,63,Chennai,17-05-2025,Prepaid,1110.75,63312.75,57,DSL,2 Year,Card,9,No,,FALSE
C101458,Rahul Sharma,Female,37,Bangalore,23-08-2025,Postpaid,1764.21,84682.08,48,DSL,1 Year,Bank Transfer,0,Yes,,FALSE
C101459,Priya Gupta,Male,28,Bangalore,10-06-2025,Postpaid,1707.35,76830.75,45,DSL,1 Year,Card,4,Yes,,FALSE
C101460,Neha Sharma,Male,47,Hyderabad,21-10-2025,Prepaid,732.11,50515.59,69,DSL,Monthly,Bank Transfer,5,Yes,,FALSE
C101461,Rahul Paul,Male,22,Hyderabad,04-08-2025,Prepaid,1552.29,3104.58,2,5G,Monthly,UPI,10,No,,FALSE
C101462,Amit Das,Male,50,Bangalore,21-07-2025,Postpaid,712.06,23497.98,33,DSL,Monthly,UPI,4,No,,FALSE
C101463,Neha Dey,Female,47,Delhi,17-10-2025,Prepaid,1581.2,67991.6,43,Fiber,Monthly,Cash,4,Yes,,FALSE
C101464,Sneha Kapoor,Male,43,Kolkata,22-12-2025,Prepaid,691.61,4149.66,6,None,1 Year,Bank Transfer,8,Yes,,FALSE
C101465,Riya Sharma,Male,22,Kolkata,16-08-2025,Prepaid,1084.3,35781.9,33,Fiber,1 Year,Card,3,Yes,,FALSE
C101466,Amit Das,Male,29,Kolkata,30-06-2025,Prepaid,1032.46,25811.5,25,None,2 Year,UPI,10,No,,FALSE
C101467,Priya Dey,Female,54,Mumbai,02-10-2025,Postpaid,1036.35,13472.55,13,5G,2 Year,UPI,11,No,,FALSE
C101468,Riya Roy,Male,54,Bangalore,12-10-2025,Prepaid,1472.45,88347,60,Fiber,1 Year,Card,7,Yes,,FALSE
C101469,Neha Roy,Female,22,Mumbai,18-09-2025,Postpaid,1963.45,139404.95,71,5G,1 Year,UPI,10,Yes,,FALSE
C101470,Riya Roy,Male,50,Kolkata,01-04-2025,Prepaid,584.81,10526.58,18,5G,2 Year,Card,10,Yes,,FALSE
C101471,Priya Singh,Female,26,Bangalore,23-05-2025,Prepaid,399.57,7991.4,20,DSL,2 Year,UPI,1,No,,FALSE
C101472,Amit Sharma,Male,41,Kolkata,21-11-2025,Prepaid,1490.87,38762.62,26,Fiber,1 Year,Card,3,Yes,,FALSE
C101473,Amit Das,Male,26,Delhi,10-04-2025,Prepaid,1145.65,65302.05,57,DSL,2 Year,UPI,6,No,,FALSE
C101474,Sourav Sen,Male,74,Hyderabad,30-01-2025,Postpaid,991.17,6938.19,7,DSL,1 Year,Cash,7,No,,FALSE
C101475,Sneha Roy,Male,43,Hyderabad,12-01-2025,Prepaid,1337.88,17392.44,13,Fiber,1 Year,UPI,7,No,,FALSE
C101476,Amit Paul,Male,42,Kolkata,15-01-2025,Postpaid,1762.02,10572.12,6,DSL,2 Year,Bank Transfer,1,No,,FALSE
C101477,Priya Sen,Male,43,Bangalore,07-09-2025,Prepaid,555.42,11663.82,21,Fiber,1 Year,Cash,8,No,,FALSE
C101478,Sourav Gupta,Male,71,Bangalore,30-04-2025,Postpaid,1729.44,93389.76,54,DSL,Monthly,Cash,5,No,,FALSE
C101479,Rohit Singh,Male,21,Bangalore,09-08-2025,Postpaid,1287.06,50195.34,39,DSL,2 Year,Bank Transfer,9,Yes,,FALSE
C101480,Ananya Sharma,Female,63,Hyderabad,06-11-2025,Postpaid,1263.84,36651.36,29,DSL,1 Year,Card,2,Yes,,FALSE
C101481,Priya Das,Female,42,Mumbai,11-05-2025,Prepaid,1036.53,18657.54,18,None,2 Year,Card,11,No,,FALSE
C101482,Rohit Roy,Male,59,Hyderabad,21-09-2025,Prepaid,1481.22,106647.84,72,None,2 Year,UPI,11,No,,FALSE
C101483,Priya Paul,Female,27,Delhi,23-04-2025,Prepaid,1530.4,47442.4,31,5G,Monthly,Card,11,No,,FALSE
C101484,Rahul Ghosh,Male,47,Mumbai,06-05-2025,Postpaid,1810.24,43445.76,24,DSL,Monthly,Card,1,Yes,,FALSE
C101485,Vikram Gupta,Female,63,Kolkata,11-07-2025,Postpaid,1741.18,81835.46,47,5G,1 Year,Cash,11,No,,FALSE
C101486,Sourav Paul,Female,49,Hyderabad,22-11-2025,Postpaid,1652.31,71049.33,43,DSL,1 Year,Card,6,No,,FALSE
C101487,Rohit Kapoor,Female,54,Hyderabad,01-11-2025,Postpaid,1983.92,121019.12,61,Fiber,1 Year,Card,4,Yes,,FALSE
C101488,Ananya Sharma,Male,23,Chennai,20-06-2025,Postpaid,882.54,20298.42,23,Fiber,1 Year,Card,12,No,,FALSE
C101489,Ananya Paul,Female,56,Bangalore,04-06-2025,Postpaid,848.26,16116.94,19,DSL,Monthly,,0,No,,FALSE
C101490,Ananya Paul,Male,73,Delhi,03-04-2025,Postpaid,531.41,19130.76,36,Fiber,1 Year,UPI,10,No,,FALSE
C101491,Sneha Roy,Female,59,Kolkata,04-06-2025,Postpaid,1290.99,90369.3,70,5G,Monthly,UPI,7,No,,FALSE
C101492,Rahul Sharma,Male,32,Bangalore,29-09-2025,Postpaid,683.21,40309.39,59,DSL,Monthly,UPI,1,No,,FALSE
C101493,Vikram Singh,Female,64,Mumbai,18-04-2025,Postpaid,1058.28,75137.88,71,5G,2 Year,Card,6,No,,FALSE
C101494,Riya Sharma,Male,34,Bangalore,10-04-2025,Prepaid,1734.04,60691.4,35,Fiber,2 Year,Cash,12,No,,FALSE
C101495,Riya Gupta,Female,74,Mumbai,23-10-2025,Postpaid,677.36,12869.84,19,None,2 Year,Bank Transfer,6,Yes,,FALSE
C101496,Rohit Sharma,Male,30,Hyderabad,25-12-2025,Postpaid,304.79,18287.4,60,DSL,1 Year,UPI,0,No,,FALSE
C101497,Rahul Sharma,Male,38,Mumbai,05-09-2025,Prepaid,1418.09,95012.03,67,DSL,Monthly,Bank Transfer,2,No,,FALSE
C101498,Rahul Paul,Female,47,Mumbai,21-10-2025,Prepaid,502.86,12571.5,25,DSL,1 Year,UPI,7,Yes,,FALSE
C101499,Sourav Paul,Female,20,Delhi,30-12-2025,Prepaid,505.76,13149.76,26,None,Monthly,UPI,9,Yes,,FALSE
C101500,Ananya Roy,Female,54,Chennai,30-06-2025,Prepaid,1631.96,102813.48,63,DSL,Monthly,Card,2,No,,FALSE
C101501,Neha Paul,Male,32,Kolkata,28-05-2025,Postpaid,1818.16,45454,25,None,2 Year,Card,12,No,,FALSE
C101502,Sourav Das,Female,32,,29-08-2025,Postpaid,,11632.76,17,Fiber,Monthly,Cash,0,Yes,,FALSE
C101503,Priya Dey,Male,42,Mumbai,15-07-2025,Prepaid,1638.45,104860.8,64,Fiber,Monthly,Cash,1,Yes,,FALSE
C101504,Vikram Sen,Male,43,Hyderabad,15-02-2025,Postpaid,901.18,11715.34,13,None,2 Year,Bank Transfer,8,No,,FALSE
C101505,Ananya Gupta,Female,67,Mumbai,16-03-2025,Prepaid,1112.41,57845.32,52,DSL,2 Year,Card,2,Yes,,FALSE
C101506,Priya Paul,Female,63,Delhi,20-03-2025,Postpaid,327.71,21628.86,66,DSL,2 Year,Card,2,No,,FALSE
C101507,Neha Ghosh,Male,43,Delhi,02-12-2025,Prepaid,939.95,7519.6,8,None,Monthly,Cash,12,Yes,,FALSE
C101508,Rohit Kapoor,Female,22,Delhi,23-02-2025,Prepaid,1202.67,18040.05,15,Fiber,1 Year,Bank Transfer,3,No,,FALSE
C101509,Ananya Roy,Male,67,Hyderabad,06-02-2025,Prepaid,1409.44,22551.04,16,None,Monthly,Cash,10,Yes,,FALSE
C101510,Sneha Paul,Female,50,Hyderabad,07-07-2025,Postpaid,1427.75,52826.75,37,Fiber,1 Year,Bank Transfer,12,No,,FALSE
C101511,Neha Das,Male,20,Hyderabad,04-12-2025,Prepaid,840.31,39494.57,47,5G,Monthly,Cash,11,No,,FALSE
C101512,Ananya Ghosh,Female,22,Delhi,09-01-2025,Prepaid,1261.58,12615.8,10,None,2 Year,Card,9,No,,FALSE
C101513,Amit Sharma,Female,46,Kolkata,12-03-2025,Prepaid,1143.31,81175.01,71,5G,Monthly,Cash,2,Yes,,FALSE
C101514,Priya Roy,Female,22,Kolkata,14-04-2025,Prepaid,462.36,29591.04,64,None,2 Year,Cash,7,No,,FALSE
C101515,Vikram Gupta,Male,43,Kolkata,26-03-2025,Postpaid,1261.87,6309.35,5,None,1 Year,Card,1,Yes,,FALSE
C101516,Rahul Gupta,Female,26,Hyderabad,23-10-2025,Postpaid,1407.46,80225.22,57,None,1 Year,Card,10,Yes,,FALSE
C101517,Neha Das,Female,58,Delhi,08-06-2025,Prepaid,644.13,25765.2,40,Fiber,2 Year,Bank Transfer,2,Yes,,FALSE
C101518,Priya Paul,Male,25,Delhi,13-01-2025,Postpaid,376.66,7156.54,19,None,1 Year,Bank Transfer,4,No,,FALSE
C101519,Rahul Sharma,Male,69,Bangalore,15-10-2025,Postpaid,1114.89,41250.93,37,None,1 Year,Bank Transfer,8,No,,FALSE
C101520,Riya Paul,Female,49,Delhi,15-02-2025,Postpaid,805.16,41868.32,52,DSL,1 Year,Bank Transfer,6,Yes,,FALSE
C101521,Sourav Sen,Female,34,Delhi,24-12-2025,Prepaid,355.14,15271.02,43,None,Monthly,UPI,9,No,,FALSE
C101522,Riya Gupta,Male,35,Kolkata,22-11-2025,Postpaid,1346.98,74083.9,55,DSL,2 Year,Cash,3,No,,FALSE
C101523,Neha Gupta,Male,31,Mumbai,08-07-2025,Postpaid,1480.03,10360.21,7,Fiber,Monthly,Card,7,No,,FALSE
C101524,Sneha Das,Female,61,Chennai,29-05-2025,Postpaid,1024.16,27652.32,27,None,1 Year,Bank Transfer,6,No,,FALSE
C101525,Rohit Singh,Male,33,Delhi,30-12-2025,Postpaid,1952.04,76129.56,39,Fiber,1 Year,UPI,6,Yes,,FALSE
C101526,Rohit Singh,Female,66,Delhi,26-04-2025,Postpaid,1716.43,54925.76,32,None,1 Year,UPI,8,Yes,,FALSE
C101527,Ananya Dey,Female,27,Mumbai,06-11-2025,Postpaid,380.17,11024.93,29,DSL,2 Year,Bank Transfer,1,Yes,,FALSE
C101528,Neha Gupta,Male,28,Kolkata,20-12-2025,Prepaid,1943.47,27208.58,14,Fiber,1 Year,UPI,7,No,,FALSE
C101529,Rohit Kapoor,Female,37,Delhi,30-08-2025,Prepaid,890.17,59641.39,67,DSL,Monthly,Card,0,Yes,,FALSE
C101530,Rohit Kapoor,Male,37,Mumbai,09-11-2025,Prepaid,1262.36,45444.96,36,Fiber,Monthly,Card,,No,,FALSE
C101531,Sneha Gupta,Female,24,Bangalore,02-07-2025,Postpaid,1622.93,29212.74,18,DSL,1 Year,Bank Transfer,,No,,FALSE
C101532,Priya Paul,Male,18,Kolkata,14-05-2025,Postpaid,,136573.92,72,5G,Monthly,Bank Transfer,11,No,,FALSE
C101533,Priya Sen,Female,43,Kolkata,15-04-2025,Postpaid,675.19,33759.5,50,DSL,Monthly,Cash,2,Yes,,FALSE
C101534,Riya Singh,Male,20,Delhi,28-07-2025,Prepaid,630.33,20170.56,32,Fiber,Monthly,Bank Transfer,3,No,,FALSE
C101535,Sourav Dey,Male,63,Kolkata,10-10-2025,Postpaid,1156.54,62453.16,54,DSL,2 Year,Bank Transfer,6,Yes,,FALSE
C101536,Riya Gupta,Female,27,Kolkata,27-08-2025,Postpaid,1398.28,16779.36,12,DSL,Monthly,Bank Transfer,3,No,,FALSE
C101537,Ananya Sharma,Male,21,Mumbai,14-10-2025,Postpaid,687.25,13745,20,None,1 Year,Bank Transfer,2,No,,FALSE
C101538,Amit Sen,Male,66,Mumbai,24-09-2025,Prepaid,1539.72,67747.68,44,DSL,Monthly,Card,0,Yes,,FALSE
C101539,Priya Sen,Male,39,Kolkata,28-04-2025,Prepaid,1274.15,66255.8,52,DSL,Monthly,Bank Transfer,6,No,,FALSE
C101540,Priya Kapoor,Female,46,Delhi,06-01-2025,Postpaid,1546.91,13922.19,9,None,Monthly,Cash,9,No,,FALSE
C101541,Rahul Roy,Female,66,Hyderabad,09-07-2025,Prepaid,722.51,29622.91,41,Fiber,Monthly,Card,3,No,,FALSE
C101542,Rahul Sen,Female,70,Hyderabad,09-03-2025,Prepaid,589.07,37111.41,63,DSL,2 Year,Bank Transfer,7,Yes,,FALSE
C101543,Amit Roy,Male,69,Delhi,27-01-2025,Postpaid,453.47,1360.41,3,Fiber,1 Year,Cash,4,No,,FALSE
C101544,Riya Gupta,Female,64,Delhi,31-07-2025,Prepaid,1712.88,23980.32,14,DSL,1 Year,UPI,6,No,,FALSE
C101545,Riya Roy,Female,58,Hyderabad,17-03-2025,Postpaid,685.56,47989.2,70,Fiber,Monthly,Card,5,Yes,,FALSE
C101546,Vikram Singh,Female,69,Chennai,17-03-2025,Prepaid,953.97,41974.68,44,None,Monthly,Card,7,Yes,,FALSE
C101547,Priya Das,Male,68,Kolkata,29-09-2025,Postpaid,468.54,11244.96,24,Fiber,Monthly,Bank Transfer,11,No,,FALSE
C101548,Priya Gupta,Male,69,Bangalore,30-05-2025,Prepaid,1437.34,10061.38,7,DSL,2 Year,Card,5,Yes,,FALSE
C101549,Amit Paul,Female,55,Hyderabad,26-02-2025,Postpaid,1479.56,48825.48,33,Fiber,Monthly,Card,2,No,,FALSE
C101550,Vikram Gupta,Male,42,Mumbai,11-01-2025,Postpaid,723.61,23879.13,33,5G,Monthly,Card,1,No,,FALSE
C101551,Rohit Paul,Female,29,Mumbai,10-04-2025,Prepaid,1453.52,71222.48,49,DSL,Monthly,Bank Transfer,4,No,,FALSE
C101552,Vikram Gupta,Female,46,Kolkata,19-05-2025,Postpaid,817.05,2451.15,3,Fiber,Monthly,UPI,5,No,,FALSE
C101553,Priya Paul,Female,67,Mumbai,16-12-2025,Postpaid,1462.4,95056,65,None,1 Year,Card,6,No,,FALSE
C101554,Neha Ghosh,Female,58,,18-05-2025,Prepaid,570.93,15415.11,27,None,1 Year,Cash,5,Yes,,FALSE
C101555,Rahul Kapoor,Male,28,Bangalore,28-06-2025,Prepaid,1263.31,58112.26,46,DSL,2 Year,Card,0,No,,FALSE
C101556,Rohit Das,Male,54,Delhi,30-07-2025,Prepaid,555.55,11666.55,21,Fiber,Monthly,Bank Transfer,5,No,,FALSE
C101557,Amit Kapoor,Male,32,Chennai,01-06-2025,Prepaid,714.42,40007.52,56,Fiber,1 Year,Cash,1,No,,FALSE
C101558,Rahul Dey,Female,60,Kolkata,10-04-2025,Prepaid,1358.95,46204.3,34,Fiber,Monthly,UPI,0,No,,FALSE
C101559,Sneha Roy,Male,54,Hyderabad,12-02-2025,Prepaid,1746.84,120531.96,69,DSL,Monthly,Card,12,Yes,,FALSE
C101560,Priya Ghosh,Male,41,Bangalore,06-10-2025,Postpaid,1168.32,44396.16,38,None,1 Year,Bank Transfer,0,Yes,,FALSE
C101561,Rohit Dey,Male,66,Bangalore,08-06-2025,Postpaid,1201.43,18021.45,15,DSL,2 Year,UPI,0,No,,FALSE
C101562,Riya Gupta,Female,29,Mumbai,10-06-2025,Postpaid,1855.46,120604.9,65,None,2 Year,Cash,4,No,,FALSE
C101563,Priya Paul,Female,65,Hyderabad,08-03-2025,Prepaid,1616.62,64664.8,40,5G,2 Year,,1,Yes,,FALSE
C101564,Amit Das,Male,63,Mumbai,09-01-2025,Postpaid,1673.73,93728.88,56,Fiber,Monthly,Bank Transfer,2,No,,FALSE
C101565,Priya Singh,Female,52,Chennai,18-10-2025,Prepaid,1651.92,46253.76,28,Fiber,1 Year,Cash,2,No,,FALSE
C101566,Vikram Das,Male,55,Chennai,24-12-2025,Prepaid,1277.12,45976.32,36,Fiber,2 Year,UPI,0,Yes,,FALSE
C101567,Rahul Roy,Male,74,Kolkata,03-01-2025,Postpaid,1016.82,56941.92,56,DSL,2 Year,Card,8,No,,FALSE
C101568,Priya Sharma,Female,30,Hyderabad,24-01-2025,Postpaid,972.25,68057.5,70,DSL,1 Year,Card,8,Yes,,FALSE
C101569,Vikram Roy,Female,53,Chennai,29-03-2025,Prepaid,1889.04,1889.04,1,Fiber,1 Year,Cash,8,No,,FALSE
C101570,Sneha Sen,Male,28,Chennai,16-04-2025,Postpaid,1584.69,93496.71,59,DSL,Monthly,Cash,6,Yes,,FALSE
C101571,Vikram Kapoor,Male,50,Bangalore,21-08-2025,Prepaid,1378.5,60654,44,DSL,1 Year,Bank Transfer,12,Yes,,FALSE
C101572,Vikram Roy,Male,18,Mumbai,08-11-2025,Prepaid,621.78,6217.8,10,Fiber,2 Year,Card,5,Yes,,FALSE
C101573,Ananya Sharma,Female,47,Bangalore,10-09-2025,Postpaid,1197.2,10774.8,9,Fiber,2 Year,UPI,6,No,,FALSE
C101574,Vikram Dey,Male,70,Hyderabad,17-05-2025,Prepaid,309.67,6812.74,22,Fiber,2 Year,Card,7,No,,FALSE
C101575,Vikram Das,Female,44,Chennai,03-08-2025,Prepaid,1082.1,16231.5,15,5G,1 Year,Cash,2,Yes,,FALSE
C101576,Sourav Ghosh,Female,63,Chennai,16-07-2025,Prepaid,1491.54,29830.8,20,5G,2 Year,UPI,2,No,,FALSE
C101577,Vikram Paul,Male,46,Delhi,16-06-2025,Prepaid,822.68,22212.36,27,5G,2 Year,Cash,10,Yes,,FALSE
C101578,Amit Paul,Male,66,Bangalore,18-05-2025,Postpaid,1553.9,88572.3,57,DSL,2 Year,Cash,6,No,,FALSE
C101579,Sourav Gupta,Male,22,Chennai,02-01-2025,Postpaid,1274.96,72672.72,57,5G,2 Year,Cash,4,No,,FALSE
C101580,Priya Dey,Male,61,Chennai,16-09-2025,Postpaid,988.57,36577.09,37,Fiber,1 Year,Cash,3,No,,FALSE
C101581,Ananya Sen,Female,71,Hyderabad,25-10-2025,Prepaid,1181.28,69695.52,59,None,1 Year,UPI,4,No,,FALSE
C101582,Amit Dey,Female,38,Kolkata,17-06-2025,Prepaid,1645.97,3291.94,2,Fiber,Monthly,Card,6,Yes,,FALSE
C101583,Rohit Dey,Male,47,Kolkata,06-10-2025,Prepaid,973.4,5840.4,6,5G,2 Year,Bank Transfer,5,Yes,,FALSE
C101584,Vikram Paul,Male,67,Hyderabad,22-01-2025,Postpaid,299.93,8697.97,29,None,1 Year,Card,9,No,,FALSE
C101585,Sourav Sen,Male,34,Mumbai,17-08-2025,Postpaid,1239.66,17355.24,14,Fiber,Monthly,UPI,3,Yes,,FALSE
C101586,Sourav Das,Female,61,Hyderabad,15-04-2025,Prepaid,,68550.75,45,5G,1 Year,Bank Transfer,1,No,,FALSE
C101587,Vikram Singh,Female,67,Bangalore,19-10-2025,Prepaid,1702.3,42557.5,25,None,2 Year,UPI,10,Yes,,FALSE
C101588,Rahul Sharma,Male,51,Hyderabad,15-04-2025,Postpaid,574.39,35037.79,61,5G,2 Year,UPI,0,Yes,,FALSE
C101589,Rohit Roy,Male,35,Bangalore,05-09-2025,Postpaid,814.13,30936.94,38,5G,1 Year,Cash,5,Yes,,FALSE
C101590,Amit Das,Female,37,Delhi,09-11-2025,Postpaid,941.31,4706.55,5,None,Monthly,Bank Transfer,6,Yes,,FALSE
C101591,Rahul Ghosh,Male,29,Mumbai,22-11-2025,Postpaid,511.3,12271.2,24,None,Monthly,Bank Transfer,7,No,,FALSE
C101592,Rohit Ghosh,Female,48,Chennai,25-04-2025,Postpaid,815.08,40754,50,5G,Monthly,UPI,3,Yes,,FALSE
C101593,Priya Roy,Female,38,Delhi,28-06-2025,Prepaid,1130.47,1130.47,1,Fiber,Monthly,UPI,0,Yes,,FALSE
C101594,Priya Das,Female,43,Mumbai,24-11-2025,Prepaid,1418.3,24111.1,17,None,1 Year,Card,6,No,,FALSE
C101595,Neha Ghosh,Female,52,Hyderabad,12-12-2025,Postpaid,1542.56,107979.2,70,5G,Monthly,Card,9,No,,FALSE
C101596,Ananya Das,Female,28,Kolkata,15-09-2025,Postpaid,536.9,24160.5,45,None,1 Year,UPI,7,Yes,,FALSE
C101597,Vikram Sharma,Female,21,Delhi,03-11-2025,Prepaid,1856.6,81690.4,44,5G,1 Year,Cash,4,No,,FALSE
C101598,Sneha Ghosh,Male,48,Delhi,13-08-2025,Postpaid,1598.97,47969.1,30,Fiber,1 Year,UPI,5,No,,FALSE
C101599,Rohit Paul,Male,62,Kolkata,20-06-2025,Prepaid,638.05,37644.95,59,None,2 Year,UPI,3,Yes,,FALSE
C101600,Priya Das,Male,25,Mumbai,26-11-2025,Prepaid,669.21,45506.28,68,None,Monthly,Cash,8,Yes,,FALSE
C101601,Amit Gupta,Female,69,,05-01-2025,Postpaid,415.14,29890.08,72,None,Monthly,Bank Transfer,10,Yes,,FALSE
C101602,Rohit Kapoor,Female,38,Hyderabad,19-04-2025,Postpaid,506.79,12162.96,24,DSL,1 Year,UPI,1,Yes,,FALSE
C101603,Sneha Singh,Female,40,Bangalore,12-09-2025,Prepaid,1464.45,80544.75,55,None,1 Year,Cash,2,No,,FALSE
C101604,Sneha Sen,Female,55,Mumbai,28-10-2025,Postpaid,1976.79,17791.11,9,None,2 Year,Cash,4,No,,FALSE
C101605,Priya Sharma,Female,21,Bangalore,27-04-2025,Prepaid,1471.14,5884.56,4,DSL,2 Year,Bank Transfer,2,Yes,,FALSE
C101606,Sourav Dey,Female,63,Delhi,29-03-2025,Postpaid,1217.51,13392.61,11,None,1 Year,Bank Transfer,9,No,,FALSE
C101607,Vikram Ghosh,Female,55,Delhi,22-11-2025,Postpaid,1043.67,50096.16,48,DSL,2 Year,UPI,9,Yes,,FALSE
C101608,Neha Gupta,Male,29,Mumbai,03-06-2025,Prepaid,420.48,7989.12,19,None,Monthly,Cash,0,No,,FALSE
C101609,Rohit Ghosh,Male,66,Delhi,16-04-2025,Postpaid,807.72,54924.96,68,None,Monthly,Cash,8,Yes,,FALSE
C101610,Rahul Sen,Female,23,Bangalore,02-10-2025,Prepaid,1533.4,36801.6,24,Fiber,2 Year,Card,9,No,,FALSE
C101611,Ananya Paul,Male,71,Kolkata,13-11-2025,Prepaid,434.64,29990.16,69,Fiber,1 Year,Cash,9,Yes,,FALSE
C101612,Sourav Kapoor,Male,41,Mumbai,11-07-2025,Prepaid,550.27,22561.07,41,5G,2 Year,UPI,12,No,,FALSE
C101613,Ananya Sen,Male,65,Hyderabad,22-07-2025,Prepaid,1605.96,3211.92,2,Fiber,Monthly,Card,12,Yes,,FALSE
C101614,Vikram Roy,Female,18,Delhi,10-03-2025,Postpaid,1928.49,61711.68,32,5G,Monthly,Card,11,No,,FALSE
C101615,Ananya Dey,Male,20,Chennai,04-03-2025,Prepaid,1472.14,11777.12,8,5G,1 Year,UPI,2,No,,FALSE
C101616,Priya Ghosh,Female,31,,14-07-2025,Postpaid,650.19,39011.4,60,DSL,1 Year,UPI,3,No,,FALSE
C101617,Sneha Ghosh,Male,50,Chennai,31-01-2025,Prepaid,1265.19,65789.88,52,5G,2 Year,Bank Transfer,12,No,,FALSE
C101618,Rohit Gupta,Male,23,Kolkata,30-11-2025,Postpaid,1374.88,64619.36,47,None,1 Year,Card,9,No,,FALSE
C101619,Priya Das,Female,54,Delhi,07-05-2025,Postpaid,906.02,21744.48,24,Fiber,2 Year,Card,8,Yes,,FALSE
C101620,Rahul Roy,Female,48,Hyderabad,13-07-2025,Postpaid,607.91,38298.33,63,Fiber,1 Year,Card,4,Yes,,FALSE
C101621,Rohit Singh,Male,51,Hyderabad,16-12-2025,Postpaid,941.11,10352.21,11,Fiber,Monthly,UPI,9,No,,FALSE
C101622,Rohit Kapoor,Female,38,Kolkata,11-07-2025,Prepaid,868.1,23438.7,27,Fiber,Monthly,UPI,2,No,,FALSE
C101623,Riya Kapoor,Male,31,Bangalore,10-03-2025,Prepaid,747.9,1495.8,2,5G,2 Year,Bank Transfer,10,No,,FALSE
C101624,Neha Sen,Female,47,Mumbai,12-01-2025,Postpaid,1198.08,17971.2,15,Fiber,1 Year,Cash,6,No,,FALSE
C101625,Amit Dey,Female,62,Chennai,18-09-2025,Postpaid,1267.44,1267.44,1,5G,1 Year,Bank Transfer,,Yes,,FALSE
C101626,Riya Roy,Female,71,Kolkata,21-08-2025,Postpaid,1212.98,52158.14,43,DSL,Monthly,Cash,12,Yes,,FALSE
C101627,Rohit Sharma,Male,68,Delhi,17-04-2025,Prepaid,1586.85,22215.9,14,None,Monthly,Cash,7,No,,FALSE
C101628,Sneha Kapoor,Female,50,Bangalore,19-08-2025,Prepaid,1543.91,44773.39,29,5G,Monthly,Card,11,Yes,,FALSE
C101629,Priya Ghosh,Male,56,Chennai,23-11-2025,Postpaid,1357.57,2715.14,2,Fiber,Monthly,Card,6,Yes,,FALSE
C101630,Rahul Singh,Male,40,Hyderabad,29-03-2025,Prepaid,1637.79,55684.86,34,Fiber,2 Year,UPI,11,No,,FALSE
C101631,Rohit Singh,Male,46,Kolkata,29-01-2025,Postpaid,526.72,31603.2,60,5G,Monthly,Card,2,No,,FALSE
C101632,Priya Sharma,Female,41,Hyderabad,12-11-2025,Postpaid,1727.32,53546.92,31,Fiber,2 Year,Card,2,No,,FALSE
C101633,Vikram Gupta,Male,52,Hyderabad,19-07-2025,Postpaid,346.87,20812.2,60,None,Monthly,Card,2,No,,FALSE
C101634,Amit Roy,Female,23,Kolkata,16-05-2025,Prepaid,1730.37,110743.68,64,DSL,1 Year,UPI,1,Yes,,FALSE
C101635,Vikram Kapoor,Male,20,Hyderabad,15-07-2025,Prepaid,818.31,20457.75,25,Fiber,1 Year,UPI,2,No,,FALSE
C101636,Amit Sharma,Male,46,Chennai,21-06-2025,Prepaid,394.35,8675.7,22,None,1 Year,Card,1,No,,FALSE
C101637,Neha Sharma,Male,30,Delhi,27-08-2025,Postpaid,1928.34,102202.02,53,5G,Monthly,UPI,1,No,,FALSE
C101638,Neha Sharma,Male,33,Bangalore,21-04-2025,Postpaid,866.02,15588.36,18,Fiber,Monthly,UPI,10,No,,FALSE
C101639,Sneha Dey,Female,28,Chennai,22-01-2025,Postpaid,457.99,9617.79,21,Fiber,2 Year,Cash,7,Yes,,FALSE
C101640,Rohit Ghosh,Female,29,Hyderabad,28-07-2025,Prepaid,341.42,5462.72,16,None,Monthly,Card,8,Yes,,FALSE
C101641,Rohit Sen,Female,48,Kolkata,16-03-2025,Prepaid,1072.14,1072.14,1,5G,1 Year,Card,2,No,,FALSE
C101642,Rahul Roy,Female,27,Mumbai,20-04-2025,Postpaid,1400.51,16806.12,12,Fiber,Monthly,UPI,9,No,,FALSE
C101643,Riya Roy,Female,37,Chennai,12-01-2025,Prepaid,1655.32,96008.56,58,DSL,1 Year,Bank Transfer,5,Yes,,FALSE
C101644,Priya Gupta,Female,32,Hyderabad,13-10-2025,Prepaid,1098.55,18675.35,17,DSL,1 Year,Bank Transfer,11,No,,FALSE
C101645,Sourav Sharma,Male,55,Kolkata,24-02-2025,Prepaid,895.28,62669.6,70,5G,2 Year,UPI,2,No,,FALSE
C101646,Rohit Paul,Female,52,Delhi,03-09-2025,Postpaid,1987.73,103361.96,52,None,Monthly,Card,7,No,,FALSE
C101647,Rohit Singh,Female,21,Delhi,13-01-2025,Prepaid,1149.34,2298.68,2,None,2 Year,UPI,9,Yes,,FALSE
C101648,Neha Paul,Male,54,Kolkata,12-08-2025,Postpaid,1133.18,5665.9,5,Fiber,Monthly,Cash,9,Yes,,FALSE
C101649,Ananya Sen,Female,43,Chennai,18-05-2025,Postpaid,1716.13,29174.21,17,5G,1 Year,UPI,8,Yes,,FALSE
C101650,Vikram Kapoor,Female,25,Delhi,10-08-2025,Prepaid,1274.94,36973.26,29,DSL,2 Year,UPI,2,Yes,,FALSE
C101651,Riya Roy,Male,28,Delhi,18-06-2025,Prepaid,1562.92,40635.92,26,DSL,Monthly,UPI,0,Yes,,FALSE
C101652,Sneha Singh,Female,19,Bangalore,03-05-2025,Prepaid,1181.3,83872.3,71,Fiber,Monthly,UPI,1,No,,FALSE
C101653,Rahul Paul,Male,25,Bangalore,18-10-2025,Prepaid,1656.15,86119.8,52,DSL,Monthly,Cash,3,No,,FALSE
C101654,Neha Gupta,Male,65,Bangalore,05-01-2025,Postpaid,1905.62,131487.78,69,5G,2 Year,UPI,8,No,,FALSE
C101655,Rahul Sharma,Male,48,Chennai,29-10-2025,Postpaid,959.46,32621.64,34,DSL,Monthly,Cash,1,Yes,,FALSE
C101656,Priya Das,Male,64,Delhi,17-02-2025,Postpaid,1919.26,61416.32,32,5G,1 Year,Card,12,No,,FALSE
C101657,Rohit Sharma,Male,27,Delhi,15-04-2025,Postpaid,620.49,1861.47,3,DSL,1 Year,Cash,6,Yes,,FALSE
C101658,Neha Paul,Female,46,Delhi,25-10-2025,Postpaid,936.61,39337.62,42,None,1 Year,Cash,2,Yes,,FALSE
C101659,Rohit Sharma,Male,24,Hyderabad,04-10-2025,Prepaid,1234.91,9879.28,8,DSL,Monthly,Card,8,No,,FALSE
C101660,Amit Kapoor,Male,56,Kolkata,29-09-2025,Postpaid,1944.85,71959.45,37,Fiber,1 Year,Bank Transfer,11,No,,FALSE
C101661,Ananya Sen,Female,75,Delhi,23-03-2025,Prepaid,1093.87,19689.66,18,5G,1 Year,UPI,0,No,,FALSE
C101662,Vikram Roy,Female,23,Kolkata,09-10-2025,Prepaid,1352.58,28404.18,21,None,Monthly,Card,12,No,,FALSE
C101663,Sourav Das,Male,40,Kolkata,26-08-2025,Prepaid,786.67,2360.01,3,DSL,Monthly,Bank Transfer,6,No,,FALSE
C101664,Vikram Sen,Male,19,Bangalore,14-02-2025,Prepaid,443.93,3107.51,7,Fiber,2 Year,Card,3,Yes,,FALSE
C101665,Priya Roy,Male,54,Hyderabad,16-05-2025,Postpaid,415.69,22862.95,55,Fiber,1 Year,Cash,6,No,,FALSE
C101666,Rahul Singh,Male,32,Mumbai,14-08-2025,Postpaid,829.5,28203,34,DSL,2 Year,Bank Transfer,6,Yes,,FALSE
C101667,Rahul Ghosh,Female,24,Hyderabad,17-11-2025,Prepaid,864.92,10379.04,12,5G,1 Year,Card,4,Yes,,FALSE
C101668,Priya Gupta,Female,40,Chennai,28-03-2025,Prepaid,1932.87,139166.64,72,5G,Monthly,Card,7,Yes,,FALSE
C101669,Vikram Kapoor,Female,43,Hyderabad,18-07-2025,Postpaid,1976.67,114646.86,58,None,Monthly,Card,4,Yes,,FALSE
C101670,Sourav Dey,Female,57,,19-05-2025,Postpaid,1801.59,102690.63,57,None,1 Year,UPI,10,Yes,,FALSE
C101671,Ananya Sharma,Male,55,,25-02-2025,Postpaid,1385.49,11083.92,8,None,1 Year,Card,2,Yes,,FALSE
C101672,Rohit Sharma,Female,38,Hyderabad,03-08-2025,Postpaid,1678.88,58760.8,35,DSL,Monthly,Card,1,No,,FALSE
C101673,Neha Ghosh,Male,68,Delhi,12-05-2025,Prepaid,1732.91,97042.96,56,Fiber,1 Year,Bank Transfer,12,No,,FALSE
C101674,Priya Paul,Female,59,Mumbai,07-10-2025,Prepaid,1601.91,19222.92,12,DSL,1 Year,Card,0,No,,FALSE
C101675,Neha Singh,Male,32,Hyderabad,03-02-2025,Postpaid,682.09,27283.6,40,None,2 Year,UPI,6,No,,FALSE
C101676,Priya Das,Male,34,Mumbai,16-02-2025,Prepaid,889.44,2668.32,3,5G,1 Year,Card,10,No,,FALSE
C101677,Rahul Das,Female,23,Kolkata,09-06-2025,Postpaid,719.13,17259.12,24,Fiber,Monthly,Cash,2,Yes,,FALSE
C101678,Rahul Sen,Male,63,Kolkata,24-12-2025,Prepaid,953.59,61983.35,65,Fiber,2 Year,Cash,8,Yes,,FALSE
C101679,Rahul Sharma,Male,23,Delhi,01-09-2025,Prepaid,,20062.8,12,DSL,Monthly,Cash,11,Yes,,FALSE
C101680,Vikram Kapoor,Male,55,Hyderabad,23-02-2025,Postpaid,1594.28,95656.8,60,DSL,1 Year,UPI,11,No,,FALSE
C101681,Riya Dey,Female,24,Delhi,05-01-2025,Prepaid,1736.18,64238.66,37,Fiber,Monthly,Cash,5,Yes,,FALSE
C101682,Priya Sharma,Female,39,Mumbai,13-10-2025,Postpaid,580.6,39480.8,68,Fiber,1 Year,Card,12,No,,FALSE
C101683,Riya Das,Female,56,Kolkata,07-08-2025,Prepaid,1514.6,12116.8,8,Fiber,2 Year,Cash,2,Yes,,FALSE
C101684,Neha Kapoor,Female,75,Bangalore,09-09-2025,Prepaid,1449.64,37690.64,26,DSL,1 Year,Bank Transfer,3,Yes,,FALSE
C101685,Priya Sharma,Male,46,Delhi,08-10-2025,Prepaid,,67522.68,54,5G,1 Year,Cash,8,Yes,,FALSE
C101686,Rohit Sen,Male,18,Mumbai,22-07-2025,Prepaid,1406.26,30937.72,22,DSL,Monthly,Cash,9,Yes,,FALSE
C101687,Sourav Dey,Female,68,Bangalore,13-05-2025,Postpaid,1323.19,66159.5,50,None,Monthly,Cash,12,No,,FALSE
C101688,Neha Das,Male,61,Chennai,06-07-2025,Prepaid,411.7,18938.2,46,Fiber,1 Year,UPI,11,Yes,,FALSE
C101689,Amit Kapoor,Male,71,Kolkata,03-09-2025,Prepaid,1819.9,96454.7,53,DSL,Monthly,Bank Transfer,0,No,,FALSE
C101690,Sneha Das,Male,75,Chennai,12-03-2025,Postpaid,778.52,16348.92,21,5G,2 Year,UPI,3,Yes,,FALSE
C101691,Sourav Paul,Male,18,Kolkata,11-06-2025,Prepaid,1850.89,72184.71,39,Fiber,Monthly,UPI,5,Yes,,FALSE
C101692,Vikram Kapoor,Female,42,Bangalore,06-05-2025,Prepaid,1522.48,92871.28,61,5G,Monthly,Bank Transfer,8,Yes,,FALSE
C101693,Priya Singh,Female,23,Bangalore,13-05-2025,Prepaid,852.95,852.95,1,None,2 Year,Cash,1,No,,FALSE
C101694,Ananya Das,Male,48,Chennai,09-02-2025,Postpaid,1237.08,39586.56,32,None,1 Year,UPI,2,Yes,,FALSE
C101695,Riya Dey,Male,55,Delhi,05-07-2025,Postpaid,1599.63,76782.24,48,DSL,1 Year,UPI,12,No,,FALSE
C101696,Rahul Roy,Female,28,Delhi,11-08-2025,Postpaid,1547.4,46422,30,5G,1 Year,Cash,7,Yes,,FALSE
C101697,Priya Sharma,Female,20,Mumbai,01-02-2025,Postpaid,408.92,18810.32,46,Fiber,1 Year,Cash,,No,,FALSE
C101698,Sneha Gupta,Male,66,Mumbai,20-02-2025,Postpaid,1202.65,74564.3,62,5G,1 Year,Card,8,Yes,,FALSE
C101699,Rohit Das,Female,67,Chennai,16-06-2025,Postpaid,1809.73,43433.52,24,DSL,1 Year,UPI,2,Yes,,FALSE
C101700,Sourav Dey,Female,39,Mumbai,19-08-2025,Prepaid,1608.98,54705.32,34,5G,Monthly,Cash,6,No,,FALSE
C101701,Sourav Sen,Male,34,Bangalore,04-02-2025,Prepaid,316.49,5696.82,18,5G,Monthly,Cash,7,No,,FALSE
C101702,Amit Sen,Female,62,Hyderabad,16-09-2025,Postpaid,907.83,16340.94,18,Fiber,1 Year,UPI,12,No,,FALSE
C101703,Neha Sen,Male,51,Kolkata,22-12-2025,Postpaid,1988.2,133209.4,67,5G,Monthly,Bank Transfer,0,No,,FALSE
C101704,Neha Roy,Female,68,Mumbai,23-10-2025,Postpaid,1467.42,5869.68,4,Fiber,1 Year,Cash,6,No,,FALSE
C101705,Ananya Kapoor,Female,67,Kolkata,31-08-2025,Postpaid,833.26,1666.52,2,None,2 Year,Bank Transfer,5,No,,FALSE
C101706,Neha Sharma,Male,28,Chennai,13-05-2025,Prepaid,1744.92,97715.52,56,DSL,1 Year,Card,6,Yes,,FALSE
C101707,Amit Roy,Male,47,Bangalore,22-02-2025,Prepaid,605.45,16347.15,27,Fiber,1 Year,Bank Transfer,10,No,,FALSE
C101708,Priya Kapoor,Male,45,Kolkata,31-05-2025,Prepaid,1945.81,31132.96,16,5G,Monthly,Bank Transfer,4,No,,FALSE
C101709,Ananya Roy,Male,54,Bangalore,24-10-2025,Prepaid,694.57,49314.47,71,DSL,2 Year,Card,2,Yes,,FALSE
C101710,Neha Dey,Male,75,Kolkata,17-05-2025,Prepaid,1568.69,37648.56,24,None,1 Year,Cash,1,Yes,,FALSE
C101711,Priya Gupta,Female,45,Kolkata,21-04-2025,Prepaid,341.96,23937.2,70,None,Monthly,Cash,12,Yes,,FALSE
C101712,Rahul Singh,Male,74,Mumbai,05-04-2025,Postpaid,1463.93,64412.92,44,None,Monthly,Bank Transfer,4,No,,FALSE
C101713,Riya Roy,Female,54,Bangalore,10-08-2025,Prepaid,,50714.62,29,Fiber,2 Year,Card,9,Yes,,FALSE
C101714,Ananya Singh,Male,65,Mumbai,29-06-2025,Postpaid,1584.59,80814.09,51,Fiber,2 Year,Card,11,Yes,,FALSE
C101715,Riya Roy,Male,26,Mumbai,21-10-2025,Prepaid,1490.21,89412.6,60,None,Monthly,Bank Transfer,10,Yes,,FALSE
C101716,Sourav Kapoor,Female,37,Bangalore,27-11-2025,Postpaid,400.15,22008.25,55,DSL,1 Year,Card,8,No,,FALSE
C101717,Rohit Paul,Female,40,Kolkata,20-08-2025,Prepaid,1298.79,35067.33,27,None,1 Year,UPI,6,No,,FALSE
C101718,Rahul Roy,Male,41,Chennai,06-01-2025,Prepaid,1738.03,92115.59,53,DSL,2 Year,UPI,2,Yes,,FALSE
C101719,Rohit Sen,Male,67,Delhi,13-05-2025,Prepaid,1836,18360,10,DSL,Monthly,Card,5,Yes,,FALSE
C101720,Amit Sen,Female,33,Kolkata,21-01-2025,Prepaid,593.63,16028.01,27,5G,2 Year,Bank Transfer,,Yes,,FALSE
C101721,Rohit Ghosh,Male,25,Mumbai,27-07-2025,Postpaid,1980.83,57444.07,29,DSL,2 Year,Card,12,Yes,,FALSE
C101722,Sneha Kapoor,Male,30,Chennai,07-08-2025,Prepaid,799.72,16794.12,21,Fiber,2 Year,UPI,5,Yes,,FALSE
C101723,Rohit Singh,Male,25,Mumbai,24-10-2025,Prepaid,1712.81,29117.77,17,None,1 Year,Cash,5,Yes,,FALSE
C101724,Riya Kapoor,Male,21,Kolkata,04-09-2025,Postpaid,541.49,8663.84,16,5G,2 Year,Bank Transfer,4,Yes,,FALSE
C101725,Neha Singh,Male,22,Chennai,15-04-2025,Postpaid,951.68,1903.36,2,5G,2 Year,UPI,9,Yes,,FALSE
C101726,Sneha Das,Female,29,Delhi,29-04-2025,Postpaid,1057.78,53946.78,51,DSL,1 Year,Bank Transfer,7,No,,FALSE
C101727,Sourav Singh,Female,27,Kolkata,14-03-2025,Prepaid,1369.24,90369.84,66,None,Monthly,Cash,12,Yes,,FALSE
C101728,Amit Dey,Female,19,Delhi,12-03-2025,Postpaid,1269.84,1269.84,1,Fiber,Monthly,Card,11,Yes,,FALSE
C101729,Ananya Ghosh,Male,22,Delhi,18-02-2025,Postpaid,1473.84,67796.64,46,DSL,2 Year,Card,1,Yes,,FALSE
C101730,Rahul Dey,Female,37,Bangalore,30-10-2025,Postpaid,1431.52,44377.12,31,DSL,1 Year,Cash,9,Yes,,FALSE
C101731,Amit Das,Male,41,Hyderabad,11-05-2025,Postpaid,1760.95,58111.35,33,Fiber,2 Year,Card,11,Yes,,FALSE
C101732,Rahul Kapoor,Female,37,Hyderabad,15-07-2025,Prepaid,1120.27,78418.9,70,DSL,Monthly,Card,9,No,,FALSE
C101733,Neha Sharma,Male,40,Delhi,28-08-2025,Postpaid,907.55,11798.15,13,None,1 Year,UPI,,No,,FALSE
C101734,Ananya Dey,Male,58,Hyderabad,05-10-2025,Prepaid,1634.54,106245.1,65,5G,2 Year,Cash,11,No,,FALSE
C101735,Rahul Dey,Female,26,Bangalore,04-09-2025,Prepaid,1639.51,85254.52,52,DSL,1 Year,Bank Transfer,3,No,,FALSE
C101736,Neha Kapoor,Male,65,Chennai,23-03-2025,Prepaid,435.26,20892.48,48,DSL,1 Year,UPI,12,Yes,,FALSE
C101737,Sourav Roy,Female,52,Bangalore,30-03-2025,Postpaid,898.54,21564.96,24,DSL,2 Year,Bank Transfer,2,Yes,,FALSE
C101738,Sneha Singh,Male,23,Delhi,19-10-2025,Prepaid,1646.96,36233.12,22,Fiber,Monthly,Cash,6,Yes,,FALSE
C101739,Sourav Kapoor,Male,71,Delhi,25-06-2025,Prepaid,366.59,20895.63,57,5G,1 Year,Card,2,Yes,,FALSE
C101740,Rahul Sen,Male,48,Kolkata,13-02-2025,Prepaid,1398.93,51760.41,37,DSL,1 Year,Card,8,Yes,,FALSE
C101741,Riya Das,Male,26,Chennai,24-04-2025,Postpaid,805.39,16913.19,21,Fiber,2 Year,UPI,6,Yes,,FALSE
C101742,Rahul Ghosh,Female,51,Delhi,24-07-2025,Prepaid,1083.39,20584.41,19,None,Monthly,Cash,6,Yes,,FALSE
C101743,Vikram Ghosh,Male,43,Kolkata,21-10-2025,Postpaid,670.26,24799.62,37,DSL,1 Year,Card,3,No,,FALSE
C101744,Sourav Roy,Male,45,Hyderabad,26-02-2025,Prepaid,1054.98,12659.76,12,DSL,1 Year,UPI,,No,,FALSE
C101745,Rohit Roy,Male,36,,20-02-2025,Postpaid,1939.5,23274,12,5G,1 Year,Bank Transfer,1,Yes,,FALSE
C101746,Sourav Dey,Female,47,Bangalore,04-08-2025,Prepaid,1087.67,25016.41,23,None,2 Year,Card,12,No,,FALSE
C101747,Rahul Singh,Female,56,Kolkata,31-08-2025,Postpaid,605.1,22993.8,38,5G,Monthly,Cash,0,Yes,,FALSE
C101748,Neha Sen,Male,71,Delhi,24-12-2025,Prepaid,1352.53,86561.92,64,Fiber,Monthly,Bank Transfer,8,Yes,,FALSE
C101749,Rohit Das,Female,46,Mumbai,23-04-2025,Postpaid,752.23,30089.2,40,5G,1 Year,Bank Transfer,12,Yes,,FALSE
C101750,Riya Paul,Male,50,Mumbai,03-07-2025,Postpaid,1272.42,63621,50,5G,2 Year,Card,6,Yes,,FALSE
C101751,Rohit Gupta,Male,44,Mumbai,22-09-2025,Postpaid,1264.29,91028.88,72,5G,Monthly,UPI,0,No,,FALSE
C101752,Ananya Gupta,Female,32,Mumbai,16-02-2025,Postpaid,1785.47,116055.55,65,5G,Monthly,Bank Transfer,12,Yes,,FALSE
C101753,Sneha Gupta,Male,71,Delhi,11-12-2025,Postpaid,1287.64,6438.2,5,Fiber,1 Year,Cash,10,No,,FALSE
C101754,Riya Dey,Female,65,Delhi,19-04-2025,Postpaid,798.12,10375.56,13,Fiber,1 Year,Cash,1,No,,FALSE
C101755,Rohit Kapoor,Female,71,Mumbai,14-12-2025,Postpaid,1792.4,80658,45,DSL,1 Year,UPI,5,No,,FALSE
C101756,Vikram Paul,Male,74,,18-03-2025,Postpaid,1182.09,14185.08,12,None,2 Year,Card,9,Yes,,FALSE
C101757,Rahul Gupta,Female,18,Kolkata,29-05-2025,Prepaid,822.71,55121.57,67,5G,1 Year,Cash,0,No,,FALSE
C101758,Sneha Gupta,Female,75,Bangalore,31-10-2025,Prepaid,686.42,3432.1,5,DSL,Monthly,Cash,7,No,,FALSE
C101759,Sourav Gupta,Male,60,Chennai,11-03-2025,Prepaid,336.83,9431.24,28,DSL,1 Year,Cash,7,No,,FALSE
C101760,Vikram Gupta,Female,67,Delhi,22-04-2025,Postpaid,1343.32,14776.52,11,Fiber,1 Year,Cash,12,Yes,,FALSE
C101761,Amit Dey,Female,54,Bangalore,13-01-2025,Postpaid,646.4,34905.6,54,5G,Monthly,Bank Transfer,9,Yes,,FALSE
C101762,Rahul Singh,Female,26,Hyderabad,09-02-2025,Postpaid,1479.6,23673.6,16,None,Monthly,Cash,6,Yes,,FALSE
C101763,Sourav Roy,Male,29,Bangalore,09-04-2025,Prepaid,1595.31,12762.48,8,Fiber,2 Year,Card,7,Yes,,FALSE
C101764,Ananya Sen,Male,53,Bangalore,16-02-2025,Postpaid,1010.76,20215.2,20,Fiber,2 Year,Cash,4,No,,FALSE
C101765,Amit Sharma,Male,28,Hyderabad,23-12-2025,Prepaid,1297.43,67466.36,52,Fiber,2 Year,Card,5,No,,FALSE
C101766,Ananya Paul,Female,61,Bangalore,14-01-2025,Postpaid,491.02,1473.06,3,DSL,Monthly,Bank Transfer,8,No,,FALSE
C101767,Neha Dey,Male,30,Delhi,29-04-2025,Postpaid,924.37,924.37,1,DSL,Monthly,Card,,Yes,,FALSE
C101768,Riya Dey,Male,47,Bangalore,21-11-2025,Postpaid,488.8,33727.2,69,5G,2 Year,Card,10,Yes,,FALSE
C101769,Rahul Das,Female,39,Hyderabad,10-05-2025,Prepaid,1284.83,87368.44,68,Fiber,1 Year,UPI,3,No,,FALSE
C101770,Rahul Paul,Male,67,Bangalore,19-11-2025,Postpaid,493.54,2961.24,6,Fiber,1 Year,UPI,3,Yes,,FALSE
C101771,Priya Gupta,Male,50,Bangalore,18-03-2025,Prepaid,352.46,24672.2,70,None,2 Year,Card,10,No,,FALSE
C101772,Ananya Sharma,Male,71,Bangalore,17-03-2025,Postpaid,1731.16,67515.24,39,DSL,2 Year,Cash,10,No,,FALSE
C101773,Rahul Kapoor,Male,23,Hyderabad,04-11-2025,Postpaid,1011.21,10112.1,10,Fiber,Monthly,Cash,6,No,,FALSE
C101774,Vikram Roy,Male,26,Mumbai,16-11-2025,Prepaid,1246.7,2493.4,2,None,Monthly,Card,6,Yes,,FALSE
C101775,Sneha Ghosh,Female,61,Hyderabad,30-11-2025,Prepaid,776.04,26385.36,34,5G,1 Year,Cash,0,Yes,,FALSE
C101776,Rohit Roy,Female,29,Mumbai,03-12-2025,Postpaid,1549.83,3099.66,2,DSL,1 Year,UPI,9,Yes,,FALSE
C101777,Sneha Sharma,Male,27,Chennai,17-05-2025,Postpaid,1078.5,31276.5,29,None,2 Year,UPI,3,No,,FALSE
C101778,Rohit Sen,Female,59,Delhi,10-03-2025,Postpaid,300.31,17417.98,58,Fiber,1 Year,Bank Transfer,3,No,,FALSE
C101779,Vikram Gupta,Female,34,Delhi,14-12-2025,Prepaid,1580.63,102740.95,65,DSL,1 Year,Bank Transfer,8,Yes,,FALSE
C101780,Neha Gupta,Female,25,Mumbai,23-09-2025,Postpaid,1785.27,82122.42,46,5G,2 Year,Cash,6,Yes,,FALSE
C101781,Rahul Kapoor,Female,30,Bangalore,06-11-2025,Postpaid,691.4,11753.8,17,5G,2 Year,UPI,2,No,,FALSE
C101782,Riya Roy,Male,55,Hyderabad,26-01-2025,Postpaid,1262.81,50512.4,40,DSL,2 Year,Cash,2,Yes,,FALSE
C101783,Sourav Kapoor,Male,44,Bangalore,19-10-2025,Postpaid,317.84,5403.28,17,DSL,Monthly,Bank Transfer,6,Yes,,FALSE
C101784,Ananya Dey,Female,55,Bangalore,12-10-2025,Postpaid,720.51,51156.21,71,None,1 Year,Card,5,No,,FALSE
C101785,Rohit Dey,Male,18,Kolkata,25-09-2025,Postpaid,505.41,19710.99,39,DSL,Monthly,Bank Transfer,3,Yes,,FALSE
C101786,Amit Kapoor,Male,66,Kolkata,03-01-2025,Prepaid,562.09,6182.99,11,5G,1 Year,UPI,10,No,,FALSE
C101787,Priya Singh,Male,43,Kolkata,26-05-2025,Prepaid,1727.13,32815.47,19,DSL,1 Year,UPI,0,Yes,,FALSE
C101788,Vikram Gupta,Male,51,Kolkata,30-10-2025,Postpaid,845.38,54104.32,64,5G,2 Year,Cash,4,Yes,,FALSE
C101789,Rahul Ghosh,Male,65,Kolkata,23-09-2025,Prepaid,803.65,14465.7,18,DSL,1 Year,,0,No,,FALSE
C101790,Priya Paul,Female,45,Chennai,14-11-2025,Postpaid,1333.67,73351.85,55,DSL,2 Year,UPI,10,No,,FALSE
C101791,Rahul Das,Female,43,Hyderabad,06-07-2025,Prepaid,522.9,36080.1,69,Fiber,1 Year,Cash,6,Yes,,FALSE
C101792,Riya Roy,Female,51,Kolkata,08-06-2025,Prepaid,1271.18,71186.08,56,5G,1 Year,Bank Transfer,1,Yes,,FALSE
C101793,Sneha Gupta,Female,38,Bangalore,19-02-2025,Prepaid,1938.42,56214.18,29,Fiber,1 Year,Cash,7,Yes,,FALSE
C101794,Ananya Sharma,Male,59,Bangalore,14-02-2025,Prepaid,423.57,9318.54,22,Fiber,Monthly,Bank Transfer,9,Yes,,FALSE
C101795,Sneha Sen,Female,55,Kolkata,08-04-2025,Postpaid,1175.58,30565.08,26,DSL,1 Year,,4,No,,FALSE
C101796,Rohit Gupta,Female,36,Kolkata,16-08-2025,Postpaid,,94727.49,71,DSL,Monthly,Bank Transfer,1,Yes,,FALSE
C101797,Priya Paul,Male,62,Bangalore,19-11-2025,Prepaid,1002.02,61123.22,61,5G,Monthly,Cash,11,Yes,,FALSE
C101798,Neha Ghosh,Male,60,Delhi,30-06-2025,Postpaid,1767.59,38886.98,22,DSL,1 Year,UPI,9,Yes,,FALSE
C101799,Ananya Ghosh,Male,53,Hyderabad,18-02-2025,Postpaid,1164.1,53548.6,46,None,1 Year,Bank Transfer,11,No,,FALSE
C101800,Priya Kapoor,Male,60,Hyderabad,09-09-2025,Postpaid,722.09,33938.23,47,Fiber,Monthly,Bank Transfer,0,Yes,,FALSE
C101801,Ananya Singh,Male,75,Chennai,22-05-2025,Prepaid,1517.6,3035.2,2,DSL,2 Year,Card,2,Yes,,FALSE
C101802,Sneha Paul,Female,69,Bangalore,24-03-2025,Prepaid,340.03,23802.1,70,DSL,2 Year,Bank Transfer,8,No,,FALSE
C101803,Rahul Gupta,Male,61,Mumbai,20-07-2025,Postpaid,1367.18,49218.48,36,DSL,2 Year,Bank Transfer,1,No,,FALSE
C101804,Sneha Sen,Male,36,Delhi,02-08-2025,Prepaid,1504.8,84268.8,56,DSL,Monthly,Card,9,No,,FALSE
C101805,Vikram Dey,Male,37,Bangalore,07-09-2025,Prepaid,1744.01,59296.34,34,None,Monthly,Card,0,Yes,,FALSE
C101806,Rohit Sen,Male,56,Kolkata,13-04-2025,Prepaid,,14621.4,12,None,1 Year,UPI,1,No,,FALSE
C101807,Vikram Sharma,Female,52,Mumbai,24-07-2025,Prepaid,1240.03,44641.08,36,DSL,2 Year,UPI,1,No,,FALSE
C101808,Amit Roy,Male,20,Delhi,26-04-2025,Postpaid,,75586.94,38,Fiber,1 Year,Cash,4,No,,FALSE
C101809,Rahul Dey,Male,63,Hyderabad,11-04-2025,Prepaid,802.65,28895.4,36,None,Monthly,Bank Transfer,6,Yes,,FALSE
C101810,Neha Singh,Female,70,Bangalore,18-07-2025,Postpaid,1538.63,67699.72,44,DSL,1 Year,Card,3,No,,FALSE
C101811,Ananya Sen,Male,62,Mumbai,16-07-2025,Prepaid,1867.84,91524.16,49,5G,Monthly,Card,5,No,,FALSE
C101812,Rahul Sen,Female,70,Chennai,25-07-2025,Prepaid,1841.27,132571.44,72,5G,Monthly,Cash,3,Yes,,FALSE
C101813,Rahul Ghosh,Male,43,Mumbai,29-09-2025,Prepaid,704.8,35944.8,51,None,1 Year,UPI,9,Yes,,FALSE
C101814,Neha Das,Male,18,Kolkata,02-05-2025,Prepaid,1296.29,36296.12,28,DSL,1 Year,Card,0,No,,FALSE
C101815,Riya Ghosh,Female,39,Hyderabad,02-11-2025,Postpaid,1469.55,30860.55,21,DSL,Monthly,Card,6,Yes,,FALSE
C101816,Amit Gupta,Female,21,Bangalore,01-06-2025,Postpaid,1030.65,71114.85,69,5G,1 Year,Card,0,No,,FALSE
C101817,Rohit Singh,Female,36,Mumbai,21-09-2025,Prepaid,1935.5,139356,72,Fiber,2 Year,UPI,10,Yes,,FALSE
C101818,Ananya Ghosh,Male,63,Delhi,25-05-2025,Postpaid,1310.91,93074.61,71,None,1 Year,Card,2,No,,FALSE
C101819,Riya Sharma,Female,27,Hyderabad,28-07-2025,Postpaid,1137.65,18202.4,16,Fiber,Monthly,Cash,1,No,,FALSE
C101820,Sourav Sharma,Female,71,Kolkata,01-06-2025,Postpaid,825.31,14855.58,18,DSL,1 Year,Cash,0,Yes,,FALSE
C101821,Priya Ghosh,Female,30,Kolkata,06-02-2025,Postpaid,1658.62,76296.52,46,DSL,2 Year,UPI,1,No,,FALSE
C101822,Priya Ghosh,Female,32,Kolkata,27-06-2025,Postpaid,1018.37,12220.44,12,Fiber,1 Year,Card,2,No,,FALSE
C101823,Neha Ghosh,Female,37,Bangalore,18-10-2025,Postpaid,654.62,6546.2,10,Fiber,2 Year,Cash,4,No,,FALSE
C101824,Ananya Gupta,Male,31,Delhi,24-08-2025,Prepaid,1455.02,18915.26,13,Fiber,2 Year,Cash,6,No,,FALSE
C101825,Sourav Ghosh,Female,72,Kolkata,11-10-2025,Prepaid,1286.25,66885,52,DSL,1 Year,Cash,4,No,,FALSE
C101826,Ananya Gupta,Male,43,Mumbai,05-05-2025,Postpaid,1922.24,136479.04,71,None,2 Year,UPI,8,No,,FALSE
C101827,Priya Paul,Male,33,Mumbai,14-01-2025,Postpaid,1668.71,1668.71,1,None,1 Year,Card,3,Yes,,FALSE
C101828,Neha Gupta,Male,72,Hyderabad,10-03-2025,Prepaid,1472.35,27974.65,19,None,1 Year,Bank Transfer,,Yes,,FALSE
C101829,Ananya Sen,Male,73,Bangalore,24-08-2025,Postpaid,1865.65,134326.8,72,DSL,1 Year,Card,7,No,,FALSE
C101830,Vikram Ghosh,Male,33,Kolkata,11-03-2025,Prepaid,679.52,14269.92,21,DSL,Monthly,UPI,4,Yes,,FALSE
C101831,Sneha Roy,Female,22,Delhi,12-03-2025,Prepaid,,74120.2,55,5G,1 Year,UPI,9,Yes,,FALSE
C101832,Riya Ghosh,Female,74,Kolkata,18-06-2025,Postpaid,1658.48,3316.96,2,5G,Monthly,Cash,0,No,,FALSE
C101833,Neha Paul,Male,38,Mumbai,10-10-2025,Prepaid,1265.27,70855.12,56,Fiber,Monthly,UPI,11,No,,FALSE
C101834,Sneha Roy,Male,68,Bangalore,17-11-2025,Prepaid,1972.96,72999.52,37,DSL,1 Year,Cash,7,No,,FALSE
C101835,Sourav Dey,Male,31,Bangalore,25-07-2025,Postpaid,1895.7,51183.9,27,None,Monthly,Cash,0,Yes,,FALSE
C101836,Sourav Sharma,Female,53,Chennai,10-06-2025,Prepaid,388.01,18236.47,47,5G,Monthly,Bank Transfer,1,Yes,,FALSE
C101837,Rohit Sharma,Male,58,Bangalore,19-05-2025,Prepaid,1643.85,100274.85,61,None,1 Year,Bank Transfer,8,Yes,,FALSE
C101838,Ananya Paul,Male,45,Bangalore,23-03-2025,Prepaid,1013.42,59791.78,59,Fiber,Monthly,Cash,3,No,,FALSE
C101839,Rohit Kapoor,Male,58,Delhi,21-10-2025,Postpaid,1800.16,93608.32,52,5G,1 Year,Cash,10,Yes,,FALSE
C101840,Neha Paul,Female,24,Hyderabad,22-10-2025,Postpaid,1872.03,125426.01,67,Fiber,1 Year,Cash,0,No,,FALSE
C101841,Rohit Paul,Male,70,Mumbai,02-08-2025,Postpaid,323.15,13249.15,41,5G,Monthly,Card,2,Yes,,FALSE
C101842,Priya Roy,Male,55,Mumbai,08-10-2025,Prepaid,1817.42,59974.86,33,Fiber,1 Year,Bank Transfer,8,No,,FALSE
C101843,Priya Roy,Female,32,Bangalore,24-12-2025,Prepaid,326.68,10780.44,33,DSL,Monthly,Bank Transfer,7,No,,FALSE
C101844,Riya Dey,Female,29,Kolkata,20-09-2025,Prepaid,878.71,18452.91,21,DSL,Monthly,Cash,8,No,,FALSE
C101845,Rohit Das,Female,21,Chennai,26-01-2025,Postpaid,1416.35,60903.05,43,Fiber,2 Year,Card,11,No,,FALSE
C101846,Riya Paul,Female,54,Bangalore,13-01-2025,Postpaid,980.38,47058.24,48,None,2 Year,Cash,9,No,,FALSE
C101847,Vikram Sen,Male,54,Chennai,16-08-2025,Prepaid,626.76,31338,50,DSL,1 Year,UPI,0,Yes,,FALSE
C101848,Sourav Kapoor,Male,54,Kolkata,20-02-2025,Postpaid,1008.21,19155.99,19,5G,1 Year,Bank Transfer,11,No,,FALSE
C101849,Rohit Ghosh,Female,61,Hyderabad,25-09-2025,Postpaid,989.8,64337,65,5G,1 Year,Bank Transfer,7,No,,FALSE
C101850,Sourav Singh,Male,24,Kolkata,27-01-2025,Postpaid,732.1,16838.3,23,None,1 Year,Cash,12,Yes,,FALSE
C101851,Sourav Kapoor,Female,36,Delhi,16-06-2025,Prepaid,906.6,7252.8,8,DSL,Monthly,Bank Transfer,4,No,,FALSE
C101852,Riya Singh,Male,22,Mumbai,14-04-2025,Prepaid,1299.84,85789.44,66,None,2 Year,Cash,0,Yes,,FALSE
C101853,Rahul Das,Female,71,Kolkata,06-05-2025,Postpaid,1693.99,69453.59,41,DSL,Monthly,Bank Transfer,12,No,,FALSE
C101854,Sourav Sharma,Male,27,Kolkata,22-12-2025,Postpaid,1170.58,32776.24,28,Fiber,2 Year,Card,0,No,,FALSE
C101855,Neha Sharma,Female,65,Hyderabad,03-02-2025,Postpaid,660.4,5943.6,9,None,2 Year,Cash,2,No,,FALSE
C101856,Priya Sen,Female,39,Bangalore,09-11-2025,Postpaid,1242.91,24858.2,20,Fiber,1 Year,Bank Transfer,0,No,,FALSE
C101857,Sourav Gupta,Female,31,Chennai,08-01-2025,Postpaid,1579.97,72678.62,46,None,2 Year,Card,9,No,,FALSE
C101858,Neha Dey,Male,61,Mumbai,03-12-2025,Postpaid,1809.06,5427.18,3,Fiber,Monthly,Bank Transfer,4,Yes,,FALSE
C101859,Priya Ghosh,Male,59,Delhi,24-09-2025,Postpaid,1661.43,9968.58,6,Fiber,1 Year,Card,4,Yes,,FALSE
C101860,Riya Gupta,Female,20,Delhi,30-09-2025,Postpaid,462.83,13884.9,30,None,1 Year,Bank Transfer,1,No,,FALSE
C101861,Rohit Dey,Male,22,Mumbai,02-01-2025,Prepaid,1827.9,120641.4,66,5G,2 Year,Cash,11,No,,FALSE
C101862,Sneha Roy,Female,24,Kolkata,26-11-2025,Postpaid,569.59,30757.86,54,None,2 Year,Bank Transfer,2,No,,FALSE
C101863,Vikram Sen,Male,44,Bangalore,09-04-2025,Prepaid,796.31,49371.22,62,None,1 Year,Card,9,Yes,,FALSE
C101864,Vikram Das,Female,60,Chennai,14-09-2025,Prepaid,930.6,11167.2,12,5G,Monthly,Cash,5,No,,FALSE
C101865,Vikram Paul,Male,54,Bangalore,20-03-2025,Prepaid,1003.34,40133.6,40,DSL,1 Year,Card,3,No,,FALSE
C101866,Neha Sharma,Male,25,Mumbai,27-04-2025,Postpaid,1360.95,78935.1,58,Fiber,Monthly,Cash,5,No,,FALSE
C101867,Riya Sharma,Female,73,Bangalore,17-08-2025,Postpaid,1366.07,95624.9,70,5G,Monthly,Cash,6,No,,FALSE
C101868,Vikram Das,Male,38,Bangalore,18-04-2025,Postpaid,643.29,26374.89,41,Fiber,1 Year,UPI,5,No,,FALSE
C101869,Rohit Ghosh,Female,56,Mumbai,27-07-2025,Prepaid,1247.3,9978.4,8,5G,2 Year,Cash,6,Yes,,FALSE
C101870,Rahul Gupta,Female,51,Kolkata,19-03-2025,Prepaid,1763.12,5289.36,3,None,2 Year,UPI,2,Yes,,FALSE
C101871,Ananya Das,Male,58,Mumbai,18-10-2025,Postpaid,1373.46,5493.84,4,Fiber,2 Year,Card,12,Yes,,FALSE
C101872,Sourav Kapoor,Male,59,Kolkata,25-01-2025,Postpaid,310.97,19591.11,63,DSL,Monthly,Cash,12,Yes,,FALSE
C101873,Vikram Paul,Male,55,Mumbai,21-05-2025,Postpaid,543.76,39150.72,72,5G,2 Year,Cash,0,Yes,,FALSE
C101874,Riya Ghosh,Female,63,Chennai,11-11-2025,Postpaid,374.21,15342.61,41,DSL,Monthly,Bank Transfer,5,No,,FALSE
C101875,Priya Roy,Male,18,Kolkata,15-06-2025,Postpaid,1050.84,66202.92,63,5G,2 Year,UPI,10,No,,FALSE
C101876,Priya Dey,Female,46,Chennai,05-11-2025,Prepaid,906.71,4533.55,5,5G,2 Year,Bank Transfer,4,Yes,,FALSE
C101877,Vikram Sen,Male,37,Kolkata,09-06-2025,Prepaid,1968.15,94471.2,48,5G,1 Year,UPI,10,Yes,,FALSE
C101878,Ananya Sharma,Male,66,Bangalore,02-10-2025,Postpaid,1890.56,37811.2,20,Fiber,1 Year,Cash,12,Yes,,FALSE
C101879,Riya Gupta,Female,65,Chennai,28-01-2025,Prepaid,1289.72,6448.6,5,DSL,2 Year,Bank Transfer,12,No,,FALSE
C101880,Rohit Kapoor,Female,40,Chennai,31-05-2025,Prepaid,1170.04,64352.2,55,DSL,1 Year,Cash,4,Yes,,FALSE
C101881,Amit Paul,Female,22,Bangalore,22-04-2025,Postpaid,669.48,37490.88,56,DSL,Monthly,Bank Transfer,9,No,,FALSE
C101882,Amit Paul,Male,41,Hyderabad,13-08-2025,Prepaid,1499.91,86994.78,58,Fiber,2 Year,Cash,8,Yes,,FALSE
C101883,Priya Ghosh,Female,63,Hyderabad,05-12-2025,Postpaid,531.4,2657,5,DSL,Monthly,Card,,No,,FALSE
C101884,Ananya Das,Female,23,Hyderabad,11-05-2025,Prepaid,1751.71,85833.79,49,None,1 Year,UPI,7,Yes,,FALSE
C101885,Riya Singh,Female,37,Mumbai,04-03-2025,Postpaid,1650.01,62700.38,38,5G,2 Year,Bank Transfer,10,Yes,,FALSE
C101886,Neha Das,Female,58,Kolkata,15-08-2025,Prepaid,754.15,47511.45,63,5G,Monthly,Card,2,Yes,,FALSE
C101887,Vikram Das,Female,50,Kolkata,27-04-2025,Postpaid,986.63,12826.19,13,5G,2 Year,Cash,6,Yes,,FALSE
C101888,Sneha Gupta,Female,63,Delhi,14-01-2025,Prepaid,1688.41,55717.53,33,DSL,2 Year,Cash,4,Yes,,FALSE
C101889,Sourav Ghosh,Male,30,Chennai,27-11-2025,Postpaid,1679.24,6716.96,4,DSL,Monthly,Card,6,No,,FALSE
C101890,Sourav Kapoor,Female,46,Bangalore,09-02-2025,Prepaid,508.29,29989.11,59,DSL,1 Year,Cash,3,No,,FALSE
C101891,Amit Roy,Male,29,Delhi,11-11-2025,Prepaid,527.53,2637.65,5,Fiber,Monthly,Cash,6,Yes,,FALSE
C101892,Neha Sharma,Male,75,Bangalore,20-08-2025,Prepaid,1128.98,60964.92,54,5G,Monthly,Bank Transfer,4,No,,FALSE
C101893,Neha Roy,Male,25,Mumbai,29-06-2025,Prepaid,798.4,28742.4,36,None,1 Year,Cash,5,No,,FALSE
C101894,Sourav Sharma,Male,74,Chennai,16-07-2025,Prepaid,537.19,21487.6,40,None,Monthly,Cash,3,Yes,,FALSE
C101895,Sourav Paul,Female,54,Delhi,26-10-2025,Prepaid,1548.61,71236.06,46,DSL,1 Year,Cash,6,No,,FALSE
C101896,Rahul Sharma,Male,69,Chennai,15-06-2025,Prepaid,806.67,9680.04,12,DSL,2 Year,Bank Transfer,5,Yes,,FALSE
C101897,Rohit Singh,Female,64,Chennai,24-07-2025,Postpaid,1712.96,46249.92,27,DSL,Monthly,Card,9,Yes,,FALSE
C101898,Sneha Das,Female,37,Delhi,22-05-2025,Postpaid,1582.55,96535.55,61,Fiber,1 Year,Cash,4,Yes,,FALSE
C101899,Rohit Paul,Female,27,Chennai,22-09-2025,Postpaid,456.75,21010.5,46,5G,Monthly,UPI,2,Yes,,FALSE
C101900,Rohit Sen,Female,36,Bangalore,30-11-2025,Postpaid,1290.38,2580.76,2,None,Monthly,Card,0,No,,FALSE
C101901,Vikram Gupta,Male,50,Kolkata,09-06-2025,Prepaid,400.62,2804.34,7,Fiber,1 Year,UPI,1,No,,FALSE
C101902,Sourav Roy,Male,32,Kolkata,06-09-2025,Prepaid,1117.35,62571.6,56,None,Monthly,UPI,9,No,,FALSE
C101903,Rohit Roy,Female,58,Bangalore,28-01-2025,Postpaid,843.14,57333.52,68,Fiber,Monthly,Cash,9,Yes,,FALSE
C101904,Rohit Roy,Male,33,Kolkata,26-07-2025,Prepaid,931.89,9318.9,10,Fiber,Monthly,Card,0,Yes,,FALSE
C101905,Ananya Sharma,Female,50,Mumbai,28-03-2025,Postpaid,1785.27,99975.12,56,Fiber,Monthly,Bank Transfer,12,Yes,,FALSE
C101906,Rahul Das,Female,19,Kolkata,12-05-2025,Postpaid,994.06,51691.12,52,DSL,Monthly,UPI,6,No,,FALSE
C101907,Vikram Roy,Male,75,Mumbai,11-03-2025,Postpaid,648.87,20763.84,32,Fiber,Monthly,Bank Transfer,3,Yes,,FALSE
C101908,Sourav Roy,Male,29,,06-12-2025,Prepaid,379.23,8722.29,23,Fiber,Monthly,Card,4,No,,FALSE
C101909,Sneha Sen,Male,31,Delhi,03-04-2025,Postpaid,1277.99,37061.71,29,Fiber,Monthly,Card,3,No,,FALSE
C101910,Ananya Roy,Male,39,Delhi,06-04-2025,Postpaid,1453.77,77049.81,53,5G,1 Year,Cash,6,Yes,,FALSE
C101911,Sourav Kapoor,Male,29,Delhi,31-03-2025,Prepaid,1291.2,43900.8,34,5G,Monthly,Cash,12,No,,FALSE
C101912,Sneha Singh,Female,58,Mumbai,15-11-2025,Postpaid,1361.67,83061.87,61,DSL,1 Year,Cash,,Yes,,FALSE
C101913,Sourav Ghosh,Female,39,Chennai,03-02-2025,Postpaid,1994.37,45870.51,23,None,1 Year,Card,5,Yes,,FALSE
C101914,Sourav Kapoor,Female,73,Kolkata,17-05-2025,Postpaid,401.98,26530.68,66,5G,Monthly,Card,6,No,,FALSE
C101915,Rohit Kapoor,Female,28,Hyderabad,12-06-2025,Prepaid,1791.87,66299.19,37,5G,Monthly,Cash,2,No,,FALSE
C101916,Sneha Kapoor,Female,65,Chennai,19-03-2025,Postpaid,,17950.72,32,Fiber,1 Year,Cash,1,Yes,,FALSE
C101917,Sourav Sen,Male,59,Delhi,19-05-2025,Prepaid,1766.8,104241.2,59,5G,1 Year,Bank Transfer,8,No,,FALSE
C101918,Priya Kapoor,Male,33,Delhi,17-10-2025,Postpaid,1001.03,4004.12,4,DSL,2 Year,UPI,6,Yes,,FALSE
C101919,Vikram Das,Male,40,Bangalore,21-09-2025,Prepaid,1444.48,41889.92,29,None,Monthly,UPI,3,Yes,,FALSE
C101920,Sourav Sharma,Female,49,Hyderabad,27-03-2025,Prepaid,1104.77,29828.79,27,Fiber,1 Year,Cash,7,Yes,,FALSE
C101921,Rohit Paul,Male,53,Kolkata,09-03-2025,Prepaid,956.22,17211.96,18,5G,1 Year,,9,No,,FALSE
C101922,Ananya Singh,Male,68,Hyderabad,24-10-2025,Prepaid,973.66,55498.62,57,None,2 Year,Bank Transfer,5,No,,FALSE
C101923,Riya Roy,Female,31,Kolkata,21-04-2025,Postpaid,1315.34,32883.5,25,5G,2 Year,UPI,10,Yes,,FALSE
C101924,Sourav Singh,Female,29,Kolkata,14-11-2025,Postpaid,1493.28,79143.84,53,None,2 Year,UPI,6,Yes,,FALSE
C101925,Priya Sharma,Male,31,Bangalore,25-02-2025,Prepaid,674.15,28988.45,43,5G,2 Year,UPI,1,No,,FALSE
C101926,Rohit Paul,Male,67,Kolkata,10-04-2025,Prepaid,,40450.24,32,DSL,1 Year,Bank Transfer,3,No,,FALSE
C101927,Sneha Singh,Male,60,Delhi,24-01-2025,Postpaid,1715.49,92636.46,54,Fiber,2 Year,UPI,1,No,,FALSE
C101928,Rohit Dey,Male,49,Kolkata,25-07-2025,Prepaid,363.09,10166.52,28,5G,2 Year,UPI,12,Yes,,FALSE
C101929,Amit Sharma,Male,21,Chennai,15-10-2025,Postpaid,1414.47,56578.8,40,None,Monthly,Cash,8,Yes,,FALSE
C101930,Neha Sharma,Male,65,Delhi,15-03-2025,Prepaid,1788.49,17884.9,10,DSL,1 Year,Bank Transfer,4,No,,FALSE
C101931,Sneha Ghosh,Male,74,Kolkata,06-08-2025,Prepaid,1992.9,39858,20,None,2 Year,UPI,7,Yes,,FALSE
C101932,Priya Ghosh,Female,31,Kolkata,26-12-2025,Prepaid,948.67,66406.9,70,None,Monthly,Card,2,Yes,,FALSE
C101933,Rahul Roy,Female,55,Bangalore,09-12-2025,Prepaid,1873.58,74943.2,40,DSL,2 Year,UPI,4,Yes,,FALSE
C101934,Riya Singh,Female,25,Mumbai,06-09-2025,Prepaid,1727.65,29370.05,17,DSL,1 Year,Cash,8,No,,FALSE
C101935,Sourav Sen,Male,49,Mumbai,11-10-2025,Prepaid,799.76,39188.24,49,Fiber,2 Year,Cash,4,Yes,,FALSE
C101936,Neha Singh,Male,60,Mumbai,25-11-2025,Prepaid,506.59,24822.91,49,Fiber,1 Year,Bank Transfer,0,Yes,,FALSE
C101937,Ananya Sen,Female,63,Kolkata,30-07-2025,Postpaid,439.08,13611.48,31,DSL,1 Year,UPI,6,No,,FALSE
C101938,Ananya Roy,Female,70,Hyderabad,09-06-2025,Prepaid,872.13,39245.85,45,Fiber,Monthly,Bank Transfer,4,No,,FALSE
C101939,Riya Paul,Female,64,Chennai,27-09-2025,Postpaid,1887.2,16984.8,9,None,1 Year,Bank Transfer,8,Yes,,FALSE
C101940,Neha Ghosh,Female,21,Bangalore,28-06-2025,Postpaid,926.72,3706.88,4,DSL,1 Year,Bank Transfer,12,No,,FALSE
C101941,Amit Gupta,Male,74,Bangalore,21-03-2025,Postpaid,1746.95,33192.05,19,None,Monthly,Bank Transfer,6,No,,FALSE
C101942,Rahul Gupta,Male,19,Hyderabad,22-01-2025,Prepaid,949.73,32290.82,34,5G,2 Year,Bank Transfer,1,Yes,,FALSE
C101943,Sourav Roy,Female,18,Kolkata,25-12-2025,Postpaid,1164.71,57070.79,49,Fiber,Monthly,UPI,10,No,,FALSE
C101944,Rohit Das,Female,44,Mumbai,02-10-2025,Prepaid,1318.16,92271.2,70,Fiber,1 Year,Cash,2,Yes,,FALSE
C101945,Amit Roy,Male,50,Mumbai,10-10-2025,Prepaid,505.91,7588.65,15,DSL,Monthly,Card,4,Yes,,FALSE
C101946,Amit Dey,Male,52,Delhi,07-11-2025,Postpaid,1099.77,39591.72,36,Fiber,Monthly,Bank Transfer,1,Yes,,FALSE
C101947,Neha Das,Male,64,Delhi,22-02-2025,Prepaid,754.56,53573.76,71,DSL,1 Year,UPI,12,No,,FALSE
C101948,Riya Roy,Male,30,Hyderabad,29-09-2025,Prepaid,1943.21,79671.61,41,Fiber,1 Year,Bank Transfer,1,No,,FALSE
C101949,Neha Gupta,Male,49,Kolkata,07-03-2025,Prepaid,1965.93,141546.96,72,Fiber,Monthly,Bank Transfer,1,No,,FALSE
C101950,Priya Paul,Female,73,Mumbai,19-09-2025,Prepaid,711.39,30589.77,43,5G,1 Year,Cash,8,No,,FALSE
C101951,Amit Dey,Male,69,Mumbai,13-02-2025,Prepaid,788.32,46510.88,59,Fiber,1 Year,Card,12,No,,FALSE
C101952,Rahul Sen,Female,49,Chennai,27-10-2025,Prepaid,1391.21,100167.12,72,DSL,Monthly,Card,10,No,,FALSE
C101953,Sourav Paul,Male,34,Delhi,19-06-2025,Postpaid,1696.43,52589.33,31,5G,1 Year,Bank Transfer,9,No,,FALSE
C101954,Rohit Roy,Male,62,Bangalore,05-11-2025,Postpaid,1225.04,3675.12,3,Fiber,2 Year,Bank Transfer,5,Yes,,FALSE
C101955,Sourav Das,Male,51,Bangalore,19-06-2025,Postpaid,1028.56,71999.2,70,None,Monthly,Card,7,No,,FALSE
C101956,Priya Kapoor,Female,41,Mumbai,16-08-2025,Postpaid,1818.26,103640.82,57,Fiber,Monthly,Cash,10,Yes,,FALSE
C101957,Ananya Sen,Male,37,Chennai,24-05-2025,Prepaid,398.6,28300.6,71,None,2 Year,Cash,9,Yes,,FALSE
C101958,Rohit Gupta,Female,58,Mumbai,15-06-2025,Prepaid,801.79,40891.29,51,5G,2 Year,Card,3,Yes,,FALSE
C101959,Rohit Dey,Male,75,Kolkata,21-05-2025,Prepaid,594.99,19634.67,33,None,2 Year,Card,4,Yes,,FALSE
C101960,Sourav Paul,Male,64,Delhi,01-10-2025,Postpaid,880.41,37857.63,43,5G,1 Year,Bank Transfer,9,Yes,,FALSE
C101961,Neha Kapoor,Male,42,Mumbai,23-05-2025,Prepaid,1716.96,39490.08,23,5G,1 Year,UPI,3,Yes,,FALSE
C101962,Ananya Paul,Female,32,Delhi,03-04-2025,Prepaid,1353.99,25725.81,19,Fiber,1 Year,Card,8,No,,FALSE
C101963,Amit Paul,Female,32,,05-04-2025,Prepaid,774.21,4645.26,6,None,Monthly,UPI,7,No,,FALSE
C101964,Rahul Singh,Male,28,Bangalore,26-08-2025,Prepaid,1708.67,30756.06,18,Fiber,1 Year,Card,9,Yes,,FALSE
C101965,Sneha Gupta,Male,75,Bangalore,24-04-2025,Prepaid,949.16,49356.32,52,5G,Monthly,Card,1,Yes,,FALSE
C101966,Rohit Dey,Female,55,Kolkata,05-04-2025,Prepaid,1149.19,24132.99,21,Fiber,1 Year,UPI,10,Yes,,FALSE
C101967,Sneha Ghosh,Male,24,Bangalore,06-11-2025,Postpaid,1392.08,43154.48,31,Fiber,2 Year,UPI,0,Yes,,FALSE
C101968,Neha Ghosh,Female,59,Kolkata,12-07-2025,Prepaid,611.47,1834.41,3,DSL,1 Year,Cash,11,No,,FALSE
C101969,Ananya Ghosh,Female,62,Kolkata,19-08-2025,Prepaid,407.78,26097.92,64,DSL,Monthly,Bank Transfer,12,No,,FALSE
C101970,Sneha Das,Female,64,Hyderabad,18-11-2025,Postpaid,531.42,14879.76,28,None,2 Year,UPI,4,No,,FALSE
C101971,Rohit Sen,Female,42,Kolkata,02-03-2025,Postpaid,1048.86,39856.68,38,5G,Monthly,UPI,1,No,,FALSE
C101972,Sourav Ghosh,Male,49,Delhi,01-04-2025,Postpaid,1946.63,107064.65,55,None,Monthly,Card,0,Yes,,FALSE
C101973,Ananya Gupta,Male,53,Bangalore,06-12-2025,Prepaid,1695.32,20343.84,12,Fiber,Monthly,Card,3,Yes,,FALSE
C101974,Vikram Gupta,Male,61,,19-11-2025,Postpaid,963.35,14450.25,15,None,Monthly,Bank Transfer,3,Yes,,FALSE
C101975,Priya Dey,Female,27,Chennai,21-03-2025,Prepaid,,38004.72,26,DSL,1 Year,Bank Transfer,10,No,,FALSE
C101976,Priya Das,Female,44,Mumbai,07-11-2025,Postpaid,1848.75,53613.75,29,DSL,Monthly,UPI,0,Yes,,FALSE
C101977,Sneha Paul,Male,47,Mumbai,26-12-2025,Prepaid,,70969.8,44,DSL,Monthly,Bank Transfer,6,No,,FALSE
C101978,Sourav Paul,Male,56,Mumbai,03-09-2025,Postpaid,1746.48,113521.2,65,Fiber,1 Year,Card,12,No,,FALSE
C101979,Ananya Sen,Male,44,Kolkata,18-02-2025,Prepaid,1268.21,55801.24,44,5G,2 Year,UPI,6,No,,FALSE
C101980,Amit Kapoor,Female,28,Mumbai,08-07-2025,Prepaid,966.96,53182.8,55,DSL,1 Year,Card,4,No,,FALSE
C101981,Sneha Gupta,Female,40,Hyderabad,20-07-2025,Postpaid,1934.8,56109.2,29,None,2 Year,Cash,6,No,,FALSE
C101982,Neha Kapoor,Male,51,Mumbai,23-05-2025,Postpaid,1168.23,66589.11,57,5G,Monthly,UPI,4,No,,FALSE
C101983,Sourav Paul,Male,58,Chennai,03-08-2025,Postpaid,834.33,15017.94,18,None,2 Year,Bank Transfer,1,Yes,,FALSE
C101984,Amit Gupta,Female,70,Hyderabad,10-09-2025,Prepaid,1771.83,12402.81,7,DSL,2 Year,Bank Transfer,11,Yes,,FALSE
C101985,Sneha Singh,Female,57,Mumbai,07-02-2025,Prepaid,1292.32,73662.24,57,Fiber,1 Year,Cash,12,No,,FALSE
C101986,Sneha Singh,Female,75,Bangalore,09-10-2025,Prepaid,615.28,615.28,1,5G,1 Year,Cash,11,No,,FALSE
C101987,Vikram Singh,Male,72,Bangalore,13-01-2025,Prepaid,934.09,16813.62,18,DSL,2 Year,Card,1,No,,FALSE
C101988,Amit Sen,Male,46,Bangalore,27-11-2025,Prepaid,1456.08,104837.76,72,Fiber,2 Year,Bank Transfer,5,Yes,,FALSE
C101989,Riya Sharma,Female,63,Mumbai,28-07-2025,Prepaid,1129,57579,51,DSL,2 Year,Cash,3,Yes,,FALSE
C101990,Amit Sharma,Male,25,Hyderabad,13-12-2025,Postpaid,1979.35,17814.15,9,5G,Monthly,Cash,4,Yes,,FALSE
C101991,Riya Paul,Female,31,Kolkata,18-09-2025,Prepaid,1017.86,28500.08,28,None,1 Year,UPI,11,Yes,,FALSE
C101992,Rohit Paul,Female,42,Bangalore,03-11-2025,Prepaid,1747.1,3494.2,2,Fiber,2 Year,Bank Transfer,6,No,,FALSE
C101993,Sneha Roy,Female,54,Chennai,09-07-2025,Prepaid,492.33,3446.31,7,DSL,1 Year,UPI,10,Yes,,FALSE
C101994,Rohit Kapoor,Male,22,Bangalore,26-06-2025,Prepaid,1827.17,25580.38,14,Fiber,Monthly,UPI,4,No,,FALSE
C101995,Rahul Singh,Male,58,Kolkata,28-06-2025,Postpaid,403.13,3628.17,9,None,2 Year,Bank Transfer,1,Yes,,FALSE
C101996,Priya Singh,Male,71,Bangalore,08-06-2025,Postpaid,623.58,26813.94,43,5G,1 Year,UPI,3,Yes,,FALSE
C101997,Sourav Dey,Female,57,Bangalore,25-05-2025,Postpaid,474.29,948.58,2,Fiber,1 Year,Cash,8,No,,FALSE
C101998,Neha Sharma,Male,20,Bangalore,03-12-2025,Prepaid,1934.51,23214.12,12,None,2 Year,Card,7,Yes,,FALSE
C101999,Vikram Kapoor,Female,45,Chennai,05-08-2025,Prepaid,480.4,5764.8,12,Fiber,2 Year,Cash,6,No,,FALSE
C102000,Sneha Roy,Female,40,Kolkata,01-09-2025,Prepaid,642.34,43036.78,67,5G,Monthly,Bank Transfer,8,Yes,,FALSE
C102001,Vikram Das,Female,41,Bangalore,17-06-2025,Postpaid,733.49,18337.25,25,DSL,2 Year,Bank Transfer,3,No,,FALSE
C102002,Neha Dey,Male,33,Delhi,23-03-2025,Postpaid,1282.45,41038.4,32,None,2 Year,Card,1,No,,FALSE
C102003,Rahul Das,Female,75,Chennai,18-05-2025,Postpaid,868.76,53863.12,62,None,2 Year,Cash,9,Yes,,FALSE
C102004,Vikram Ghosh,Male,18,Mumbai,25-08-2025,Prepaid,309.98,8059.48,26,None,1 Year,Cash,9,Yes,,FALSE
C102005,Ananya Sharma,Male,34,Delhi,06-03-2025,Postpaid,417.38,17112.58,41,5G,1 Year,UPI,3,Yes,,FALSE
C102006,Sneha Sharma,Female,69,Mumbai,05-01-2025,Postpaid,1093.1,76517,70,DSL,2 Year,Card,7,No,,FALSE
C102007,Priya Das,Female,48,Mumbai,13-06-2025,Prepaid,1862.75,109902.25,59,None,2 Year,Cash,3,Yes,,FALSE
C102008,Priya Roy,Male,67,Kolkata,14-03-2025,Postpaid,313.65,2509.2,8,DSL,Monthly,Bank Transfer,10,No,,FALSE
C102009,Rahul Ghosh,Female,49,Hyderabad,06-12-2025,Postpaid,1809.36,50662.08,28,None,Monthly,Cash,1,No,,FALSE
C102010,Neha Kapoor,Female,24,Bangalore,26-07-2025,Postpaid,919.1,45035.9,49,None,1 Year,UPI,9,No,,FALSE
C102011,Rohit Sharma,Male,51,Chennai,07-07-2025,Prepaid,630.11,19533.41,31,DSL,1 Year,Card,10,No,,FALSE
C102012,Riya Paul,Male,61,Hyderabad,04-04-2025,Prepaid,632.67,29735.49,47,Fiber,2 Year,UPI,12,No,,FALSE
C102013,Ananya Singh,Female,33,Hyderabad,05-05-2025,Postpaid,1078.71,2157.42,2,Fiber,Monthly,Bank Transfer,7,Yes,,FALSE
C102014,Priya Sharma,Male,23,Bangalore,29-12-2025,Prepaid,362.14,15572.02,43,None,Monthly,UPI,8,Yes,,FALSE
C102015,Neha Sen,Female,26,Bangalore,22-06-2025,Postpaid,891.7,46368.4,52,DSL,Monthly,Bank Transfer,4,Yes,,FALSE
C102016,Neha Roy,Male,40,Delhi,20-10-2025,Postpaid,,114630.39,63,None,2 Year,UPI,4,No,,FALSE
C102017,Sourav Singh,Male,33,Mumbai,12-01-2025,Prepaid,1870.02,121551.3,65,Fiber,1 Year,Card,10,No,,FALSE
C102018,Vikram Roy,Female,45,Bangalore,03-10-2025,Postpaid,547.63,25738.61,47,5G,2 Year,Card,11,No,,FALSE
C102019,Rahul Sharma,Male,60,Kolkata,07-10-2025,Postpaid,,13466.89,17,Fiber,Monthly,Bank Transfer,10,No,,FALSE
C102020,Neha Sharma,Female,68,Delhi,17-04-2025,Prepaid,842.37,2527.11,3,None,Monthly,Cash,10,Yes,,FALSE
C102021,Sneha Sen,Female,64,Bangalore,02-12-2025,Prepaid,1793.48,14347.84,8,None,2 Year,Card,12,Yes,,FALSE
C102022,Rahul Paul,Male,23,Chennai,01-11-2025,Prepaid,395.67,3165.36,8,Fiber,2 Year,,8,Yes,,FALSE
C102023,Rohit Dey,Male,64,Mumbai,27-09-2025,Prepaid,1675.22,1675.22,1,5G,2 Year,Bank Transfer,1,No,,FALSE
C102024,Rahul Paul,Male,52,Kolkata,15-05-2025,Prepaid,1361.49,32675.76,24,None,1 Year,Cash,1,Yes,,FALSE
C102025,Vikram Sharma,Male,67,Mumbai,12-03-2025,Postpaid,968.64,52306.56,54,Fiber,1 Year,Bank Transfer,12,No,,FALSE
C102026,Rahul Ghosh,Male,75,Kolkata,15-02-2025,Prepaid,1606.48,53013.84,33,5G,2 Year,Card,10,Yes,,FALSE
C102027,Sneha Paul,Female,18,Chennai,15-09-2025,Postpaid,1144.23,64076.88,56,DSL,Monthly,UPI,11,No,,FALSE
C102028,Riya Kapoor,Female,26,Hyderabad,15-01-2025,Prepaid,1329.89,73143.95,55,None,1 Year,Cash,7,Yes,,FALSE
C102029,Amit Dey,Male,50,Bangalore,01-05-2025,Postpaid,1112.82,71220.48,64,5G,Monthly,UPI,11,No,,FALSE
C102030,Sourav Roy,Male,74,Mumbai,06-08-2025,Postpaid,1080.81,22697.01,21,None,1 Year,UPI,9,Yes,,FALSE
C102031,Sourav Ghosh,Male,46,Mumbai,09-10-2025,Prepaid,444.56,22672.56,51,None,1 Year,Card,12,No,,FALSE
C102032,Ananya Ghosh,Female,54,Bangalore,27-08-2025,Prepaid,479.49,33084.81,69,None,1 Year,Cash,6,No,,FALSE
C102033,Vikram Ghosh,Male,19,Delhi,16-01-2025,Prepaid,1724.63,122448.73,71,5G,Monthly,Cash,1,No,,FALSE
C102034,Sneha Paul,Male,39,Mumbai,30-10-2025,Postpaid,1236.44,76659.28,62,None,1 Year,UPI,8,No,,FALSE
C102035,Rohit Dey,Female,23,Kolkata,29-01-2025,Postpaid,1729.57,25943.55,15,Fiber,Monthly,Card,4,No,,FALSE
C102036,Riya Dey,Female,56,Delhi,24-11-2025,Postpaid,1187.85,28508.4,24,Fiber,2 Year,Card,10,Yes,,FALSE
C102037,Rahul Das,Male,67,Hyderabad,18-03-2025,Postpaid,1301.41,24726.79,19,Fiber,Monthly,Cash,10,Yes,,FALSE
C102038,Rahul Kapoor,Female,49,Mumbai,03-04-2025,Prepaid,589.56,21224.16,36,DSL,Monthly,Cash,9,Yes,,FALSE
C102039,Rahul Kapoor,Male,70,Kolkata,07-01-2025,Postpaid,1376.78,22028.48,16,DSL,Monthly,Card,12,No,,FALSE
C102040,Sourav Roy,Female,68,Hyderabad,21-10-2025,Postpaid,1836.99,42250.77,23,5G,Monthly,Cash,12,No,,FALSE
C102041,Priya Singh,Female,19,Bangalore,06-12-2025,Postpaid,1140.19,47887.98,42,None,2 Year,Cash,4,Yes,,FALSE
C102042,Riya Sen,Female,64,Hyderabad,05-06-2025,Postpaid,1221.68,59862.32,49,5G,Monthly,Bank Transfer,5,Yes,,FALSE
C102043,Vikram Dey,Female,35,Delhi,21-09-2025,Prepaid,1413.04,69238.96,49,5G,2 Year,Card,12,No,,FALSE
C102044,Ananya Dey,Female,53,Hyderabad,23-03-2025,Postpaid,1423.3,42699,30,None,Monthly,Cash,6,No,,FALSE
C102045,Rahul Gupta,Female,51,Delhi,26-09-2025,Postpaid,707.57,29010.37,41,Fiber,2 Year,Bank Transfer,3,Yes,,FALSE
C102046,Neha Dey,Male,67,Hyderabad,29-11-2025,Postpaid,1610.47,85354.91,53,5G,Monthly,Cash,9,No,,FALSE
C102047,Rahul Singh,Female,73,Kolkata,04-07-2025,Prepaid,,24346.65,69,DSL,2 Year,Bank Transfer,6,No,,FALSE
C102048,Sneha Singh,Male,28,Chennai,11-04-2025,Prepaid,385.93,771.86,2,None,1 Year,Card,11,No,,FALSE
C102049,Ananya Sharma,Male,27,Chennai,15-01-2025,Prepaid,757.39,31052.99,41,None,Monthly,Bank Transfer,8,No,,FALSE
C102050,Amit Sharma,Female,25,Delhi,12-01-2025,Prepaid,364.37,16761.02,46,Fiber,1 Year,Card,5,Yes,,FALSE
C102051,Riya Paul,Female,74,Hyderabad,18-12-2025,Prepaid,535.76,4821.84,9,DSL,1 Year,Bank Transfer,3,Yes,,FALSE
C102052,Sneha Ghosh,Male,69,Delhi,27-03-2025,Postpaid,488.85,6355.05,13,5G,Monthly,Cash,4,Yes,,FALSE
C102053,Sourav Roy,Female,53,Kolkata,21-12-2025,Prepaid,1727.84,96759.04,56,5G,1 Year,Card,8,Yes,,FALSE
C102054,Ananya Das,Female,53,Hyderabad,09-08-2025,Prepaid,891.55,40119.75,45,Fiber,2 Year,Card,5,Yes,,FALSE
C102055,Rohit Ghosh,Female,23,Delhi,17-12-2025,Prepaid,1430.46,88688.52,62,None,2 Year,UPI,12,No,,FALSE
C102056,Priya Kapoor,Female,26,Mumbai,07-05-2025,Postpaid,,37576.61,61,5G,1 Year,UPI,2,Yes,,FALSE
C102057,Ananya Kapoor,Male,60,Bangalore,12-05-2025,Prepaid,1710.77,70141.57,41,DSL,1 Year,UPI,8,No,,FALSE
C102058,Riya Kapoor,Male,51,Kolkata,29-10-2025,Prepaid,1167.98,18687.68,16,None,2 Year,Card,1,No,,FALSE
C102059,Sneha Paul,Female,33,Kolkata,12-08-2025,Postpaid,1642.17,4926.51,3,Fiber,1 Year,Bank Transfer,0,No,,FALSE
C102060,Amit Kapoor,Female,64,Mumbai,13-12-2025,Prepaid,541.83,37928.1,70,DSL,Monthly,Bank Transfer,12,Yes,,FALSE
C102061,Vikram Sharma,Female,70,Chennai,26-06-2025,Prepaid,1862.59,126656.12,68,5G,2 Year,Card,0,Yes,,FALSE
C102062,Ananya Sharma,Male,41,Chennai,31-03-2025,Prepaid,980.25,31368,32,Fiber,Monthly,Bank Transfer,2,No,,FALSE
C102063,Riya Roy,Male,41,Kolkata,19-06-2025,Postpaid,1049.66,50383.68,48,Fiber,2 Year,Bank Transfer,10,No,,FALSE
C102064,Sneha Singh,Male,30,Bangalore,11-11-2025,Postpaid,1185.27,13037.97,11,DSL,Monthly,UPI,10,Yes,,FALSE
C102065,Priya Ghosh,Male,60,Bangalore,17-03-2025,Prepaid,1121.2,69514.4,62,None,2 Year,Card,6,No,,FALSE
C102066,Sneha Roy,Male,69,Bangalore,14-03-2025,Prepaid,1845.49,16609.41,9,Fiber,2 Year,Cash,3,Yes,,FALSE
C102067,Sneha Kapoor,Male,28,Delhi,15-08-2025,Prepaid,1308.3,17007.9,13,None,1 Year,Cash,1,Yes,,FALSE
C102068,Riya Gupta,Male,40,Bangalore,26-11-2025,Postpaid,1259.3,22667.4,18,5G,2 Year,UPI,5,Yes,,FALSE
C102069,Rahul Sharma,Male,21,Kolkata,09-03-2025,Postpaid,765.08,25247.64,33,DSL,2 Year,Cash,8,Yes,,FALSE
C102070,Rohit Ghosh,Male,74,Mumbai,01-11-2025,Postpaid,1565.12,43823.36,28,None,1 Year,Cash,0,Yes,,FALSE
C102071,Neha Sen,Female,59,Bangalore,17-12-2025,Postpaid,761.74,5332.18,7,5G,1 Year,,8,Yes,,FALSE
C102072,Priya Sharma,Male,33,Mumbai,09-10-2025,Prepaid,1219.9,67094.5,55,None,Monthly,,0,No,,FALSE
C102073,Sourav Sharma,Male,24,Chennai,08-06-2025,Prepaid,714.76,22872.32,32,DSL,Monthly,UPI,3,Yes,,FALSE
C102074,Vikram Sen,Male,41,Hyderabad,18-07-2025,Prepaid,594.48,18428.88,31,None,Monthly,Cash,0,Yes,,FALSE
C102075,Riya Sen,Female,52,Chennai,07-01-2025,Postpaid,1401.47,16817.64,12,5G,2 Year,Cash,6,No,,FALSE
C102076,Ananya Roy,Male,29,Delhi,24-12-2025,Prepaid,371.66,2229.96,6,Fiber,1 Year,UPI,7,Yes,,FALSE
C102077,Ananya Sharma,Female,45,Kolkata,03-04-2025,Prepaid,756.29,23444.99,31,None,Monthly,Bank Transfer,1,Yes,,FALSE
C102078,Rohit Ghosh,Female,74,Delhi,04-08-2025,Postpaid,1356.77,14924.47,11,DSL,2 Year,Cash,,No,,FALSE
C102079,Riya Kapoor,Female,42,Kolkata,01-05-2025,Postpaid,1319.07,19786.05,15,None,2 Year,UPI,11,No,,FALSE
C102080,Sneha Paul,Female,66,Bangalore,24-02-2025,Prepaid,1737.98,33021.62,19,None,1 Year,Cash,8,Yes,,FALSE
C102081,Sneha Gupta,Male,19,Mumbai,06-10-2025,Postpaid,916.88,44010.24,48,5G,Monthly,Card,11,Yes,,FALSE
C102082,Priya Singh,Female,31,Bangalore,15-07-2025,Prepaid,1433.27,53030.99,37,None,1 Year,Card,11,Yes,,FALSE
C102083,Priya Das,Female,18,Bangalore,19-02-2025,Postpaid,1916.43,72824.34,38,DSL,2 Year,UPI,5,Yes,,FALSE
C102084,Neha Kapoor,Female,36,Mumbai,01-08-2025,Postpaid,684.5,45177,66,None,Monthly,Bank Transfer,6,No,,FALSE
C102085,Sourav Paul,Female,42,Kolkata,21-04-2025,Postpaid,1959.83,135228.27,69,DSL,Monthly,UPI,4,Yes,,FALSE
C102086,Sneha Das,Female,49,Chennai,03-04-2025,Prepaid,981.66,29449.8,30,Fiber,2 Year,Card,7,Yes,,FALSE
C102087,Rohit Das,Male,42,Delhi,26-01-2025,Postpaid,1316.13,56593.59,43,DSL,2 Year,UPI,1,No,,FALSE
C102088,Rohit Gupta,Male,28,Chennai,09-04-2025,Prepaid,1172.06,19925.02,17,Fiber,2 Year,UPI,7,No,,FALSE
C102089,Riya Ghosh,Female,59,Chennai,10-11-2025,Postpaid,1740.57,12183.99,7,None,1 Year,Cash,9,Yes,,FALSE
C102090,Amit Das,Female,38,Kolkata,26-02-2025,Postpaid,1879.76,39474.96,21,None,1 Year,Cash,5,Yes,,FALSE
C102091,Rahul Kapoor,Male,53,Bangalore,19-04-2025,Postpaid,1425.95,98390.55,69,None,Monthly,UPI,6,Yes,,FALSE
C102092,Riya Ghosh,Female,71,Bangalore,02-04-2025,Postpaid,584.88,7603.44,13,Fiber,1 Year,Bank Transfer,9,No,,FALSE
C102093,Vikram Das,Male,31,Chennai,19-04-2025,Prepaid,1852.56,116711.28,63,None,2 Year,Card,11,Yes,,FALSE
C102094,Rahul Gupta,Male,25,Bangalore,10-09-2025,Postpaid,,37586.7,27,DSL,2 Year,Card,1,No,,FALSE
C102095,Priya Sen,Male,32,,11-11-2025,Postpaid,1015.71,25392.75,25,5G,2 Year,UPI,12,Yes,,FALSE
C102096,Amit Paul,Female,37,Hyderabad,01-06-2025,Postpaid,711.54,5692.32,8,5G,2 Year,Card,5,No,,FALSE
C102097,Neha Dey,Male,75,Mumbai,04-09-2025,Postpaid,1455.14,45109.34,31,DSL,2 Year,Card,2,No,,FALSE
C102098,Rohit Das,Male,67,Delhi,13-10-2025,Prepaid,478.93,21072.92,44,5G,1 Year,Cash,2,Yes,,FALSE
C102099,Sourav Sharma,Male,70,Hyderabad,05-10-2025,Postpaid,1500.34,36008.16,24,DSL,2 Year,Bank Transfer,5,No,,FALSE
C102100,Vikram Singh,Female,24,,18-02-2025,Postpaid,1528.66,41273.82,27,None,Monthly,UPI,9,Yes,,FALSE
C102101,Vikram Ghosh,Male,18,Hyderabad,28-10-2025,Postpaid,1315.29,80232.69,61,5G,1 Year,Cash,2,No,,FALSE
C102102,Neha Paul,Male,64,Hyderabad,25-02-2025,Postpaid,1255.09,6275.45,5,None,2 Year,Card,5,Yes,,FALSE
C102103,Priya Sen,Male,44,Chennai,29-08-2025,Prepaid,1162.98,60474.96,52,None,1 Year,UPI,7,Yes,,FALSE
C102104,Rohit Sharma,Male,25,Delhi,09-03-2025,Prepaid,1415.67,87771.54,62,DSL,2 Year,Bank Transfer,1,Yes,,FALSE
C102105,Sneha Roy,Male,69,Bangalore,10-06-2025,Postpaid,999.05,7992.4,8,Fiber,Monthly,UPI,10,No,,FALSE
C102106,Vikram Singh,Male,36,Hyderabad,09-12-2025,Prepaid,584.93,20472.55,35,DSL,2 Year,Bank Transfer,3,No,,FALSE
C102107,Ananya Das,Male,18,Hyderabad,21-09-2025,Postpaid,1045.67,41826.8,40,Fiber,1 Year,Cash,4,Yes,,FALSE
C102108,Riya Ghosh,Male,57,Chennai,04-10-2025,Prepaid,474.19,17545.03,37,DSL,1 Year,UPI,5,No,,FALSE
C102109,Ananya Das,Male,71,Chennai,02-04-2025,Postpaid,809.14,14564.52,18,Fiber,2 Year,UPI,0,Yes,,FALSE
C102110,Rohit Roy,Male,38,Kolkata,21-11-2025,Prepaid,842.19,42109.5,50,DSL,1 Year,Cash,11,No,,FALSE
C102111,Amit Paul,Female,45,Mumbai,29-04-2025,Postpaid,1318.91,72540.05,55,Fiber,2 Year,Bank Transfer,1,Yes,,FALSE
C102112,Sneha Paul,Male,58,Chennai,29-04-2025,Postpaid,1629.14,114039.8,70,DSL,1 Year,Card,4,Yes,,FALSE
C102113,Vikram Sen,Female,42,Bangalore,08-04-2025,Prepaid,1443.69,79402.95,55,5G,2 Year,Card,3,No,,FALSE
C102114,Vikram Kapoor,Female,31,Chennai,11-05-2025,Prepaid,929.58,56704.38,61,None,1 Year,Bank Transfer,2,No,,FALSE
C102115,Neha Roy,Female,33,Delhi,11-01-2025,Postpaid,599.21,43143.12,72,5G,Monthly,Bank Transfer,0,No,,FALSE
C102116,Vikram Paul,Female,28,Chennai,20-05-2025,Postpaid,1376.12,99080.64,72,Fiber,Monthly,Cash,12,No,,FALSE
C102117,Neha Das,Female,36,Bangalore,18-06-2025,Prepaid,655.2,27518.4,42,5G,1 Year,UPI,12,Yes,,FALSE
C102118,Neha Ghosh,Female,18,Mumbai,09-10-2025,Postpaid,1594.44,7972.2,5,DSL,1 Year,Bank Transfer,11,No,,FALSE
C102119,Sourav Kapoor,Female,60,Chennai,03-10-2025,Postpaid,1176.79,57662.71,49,None,Monthly,Cash,11,Yes,,FALSE
C102120,Sourav Paul,Male,47,Kolkata,14-05-2025,Postpaid,1781.71,5345.13,3,Fiber,Monthly,UPI,12,Yes,,FALSE
C102121,Riya Das,Female,69,Bangalore,03-09-2025,Postpaid,742.21,50470.28,68,None,1 Year,Bank Transfer,0,No,,FALSE
C102122,Sourav Sharma,Male,22,Bangalore,09-09-2025,Postpaid,1536.55,107558.5,70,5G,2 Year,Card,3,No,,FALSE
C102123,Ananya Paul,Female,62,Chennai,22-09-2025,Postpaid,1947.42,52580.34,27,Fiber,1 Year,Bank Transfer,12,Yes,,FALSE
C102124,Sourav Paul,Male,59,,25-06-2025,Postpaid,1627.62,69987.66,43,Fiber,Monthly,Bank Transfer,2,No,,FALSE
C102125,Vikram Paul,Male,22,Delhi,17-08-2025,Prepaid,1712.45,104459.45,61,5G,Monthly,Card,5,Yes,,FALSE
C102126,Riya Kapoor,Male,73,Bangalore,04-06-2025,Prepaid,1215.16,37669.96,31,None,Monthly,Bank Transfer,9,Yes,,FALSE
C102127,Rahul Kapoor,Male,66,Delhi,20-09-2025,Postpaid,1760.07,93283.71,53,DSL,Monthly,UPI,0,Yes,,FALSE
C102128,Neha Kapoor,Female,72,Kolkata,09-11-2025,Prepaid,1045.77,19869.63,19,Fiber,1 Year,Bank Transfer,2,No,,FALSE
C102129,Riya Sharma,Male,47,Bangalore,17-06-2025,Postpaid,1190.11,53554.95,45,DSL,Monthly,Card,11,No,,FALSE
C102130,Rohit Sen,Female,31,Bangalore,18-09-2025,Postpaid,815.88,26924.04,33,DSL,Monthly,UPI,8,Yes,,FALSE
C102131,Ananya Gupta,Female,61,Kolkata,02-09-2025,Prepaid,632.5,12650,20,None,Monthly,UPI,7,No,,FALSE
C102132,Sourav Roy,Female,35,,18-07-2025,Prepaid,1082.67,49802.82,46,None,1 Year,Bank Transfer,11,Yes,,FALSE
C102133,Neha Gupta,Female,50,Delhi,11-09-2025,Postpaid,1854.21,131648.91,71,5G,2 Year,Bank Transfer,10,Yes,,FALSE
C102134,Amit Paul,Female,36,Mumbai,17-08-2025,Postpaid,1510.87,98206.55,65,5G,Monthly,Card,,No,,FALSE
C102135,Rohit Sharma,Female,47,Mumbai,12-01-2025,Postpaid,1246.87,67330.98,54,None,1 Year,Bank Transfer,1,No,,FALSE
C102136,Rohit Das,Male,56,Delhi,30-08-2025,Prepaid,895.24,51028.68,57,DSL,Monthly,UPI,12,Yes,,FALSE
C102137,Rohit Sharma,Female,59,Delhi,23-07-2025,Postpaid,1269.66,7617.96,6,DSL,Monthly,Bank Transfer,11,No,,FALSE
C102138,Ananya Kapoor,Female,39,Mumbai,25-06-2025,Prepaid,1192.07,38146.24,32,DSL,2 Year,Card,6,No,,FALSE
C102139,Rahul Singh,Female,20,,20-10-2025,Prepaid,1763.89,3527.78,2,Fiber,Monthly,Card,4,No,,FALSE
C102140,Neha Paul,Female,70,Delhi,11-02-2025,Prepaid,431.25,23287.5,54,Fiber,2 Year,Bank Transfer,8,Yes,,FALSE
C102141,Rohit Kapoor,Female,65,Kolkata,09-06-2025,Postpaid,1637.84,94994.72,58,None,1 Year,Cash,1,No,,FALSE
C102142,Rohit Gupta,Female,50,Bangalore,10-12-2025,Postpaid,1436.18,90479.34,63,DSL,2 Year,UPI,,No,,FALSE
C102143,Ananya Paul,Female,63,Kolkata,27-09-2025,Prepaid,926.06,16669.08,18,5G,2 Year,Card,11,Yes,,FALSE
C102144,Amit Paul,Male,62,Bangalore,05-08-2025,Postpaid,305.14,9154.2,30,Fiber,1 Year,Bank Transfer,7,Yes,,FALSE
C102145,Amit Das,Female,57,Kolkata,01-07-2025,Prepaid,1016.96,70170.24,69,DSL,Monthly,Cash,6,Yes,,FALSE
C102146,Sneha Sen,Male,37,Delhi,21-08-2025,Postpaid,821.8,51773.4,63,DSL,1 Year,Cash,4,No,,FALSE
C102147,Ananya Paul,Female,70,Delhi,22-02-2025,Prepaid,303.53,5160.01,17,DSL,2 Year,Card,12,No,,FALSE
C102148,Priya Dey,Female,59,Bangalore,08-06-2025,Postpaid,1724.11,49999.19,29,None,1 Year,UPI,3,Yes,,FALSE
C102149,Sneha Sharma,Male,31,Delhi,21-09-2025,Postpaid,428.8,20153.6,47,DSL,1 Year,Cash,12,No,,FALSE
C102150,Neha Dey,Female,52,Hyderabad,27-03-2025,Prepaid,892.75,9820.25,11,None,2 Year,Bank Transfer,5,Yes,,FALSE
C102151,Priya Roy,Female,69,Delhi,04-07-2025,Prepaid,815.1,54611.7,67,None,1 Year,Bank Transfer,12,Yes,,FALSE
C102152,Priya Paul,Male,31,Delhi,30-09-2025,Prepaid,648.41,44740.29,69,Fiber,2 Year,UPI,3,Yes,,FALSE
C102153,Sneha Singh,Male,70,Hyderabad,07-11-2025,Prepaid,1771.45,60229.3,34,5G,Monthly,UPI,11,No,,FALSE
C102154,Sneha Sharma,Male,54,Mumbai,02-02-2025,Postpaid,1564.76,93885.6,60,DSL,1 Year,Card,4,Yes,,FALSE
C102155,Priya Sen,Male,23,Kolkata,20-06-2025,Postpaid,1529.34,58114.92,38,5G,Monthly,UPI,1,No,,FALSE
C102156,Rohit Singh,Male,32,Bangalore,14-08-2025,Prepaid,621.68,3108.4,5,Fiber,Monthly,Cash,5,No,,FALSE
C102157,Sourav Kapoor,Male,60,Hyderabad,06-06-2025,Postpaid,842.6,34546.6,41,5G,Monthly,Card,9,Yes,,FALSE
C102158,Neha Singh,Female,27,Mumbai,29-01-2025,Postpaid,1894.89,100429.17,53,5G,2 Year,UPI,9,Yes,,FALSE
C102159,Sourav Kapoor,Male,19,Kolkata,31-01-2025,Prepaid,1950.89,105348.06,54,DSL,2 Year,Bank Transfer,2,Yes,,FALSE
C102160,Vikram Roy,Male,43,Hyderabad,12-02-2025,Postpaid,539.37,37216.53,69,5G,2 Year,Cash,2,No,,FALSE
C102161,Rahul Dey,Male,71,Hyderabad,19-05-2025,Postpaid,1921.83,94169.67,49,Fiber,2 Year,UPI,0,No,,FALSE
C102162,Ananya Gupta,Male,54,Mumbai,10-10-2025,Postpaid,535.56,16066.8,30,Fiber,2 Year,Card,2,Yes,,FALSE
C102163,Riya Singh,Female,19,Chennai,10-09-2025,Prepaid,1931.28,11587.68,6,5G,Monthly,Cash,1,Yes,,FALSE
C102164,Ananya Roy,Male,57,Delhi,13-12-2025,Prepaid,449.23,20215.35,45,DSL,2 Year,Cash,0,No,,FALSE
C102165,Amit Roy,Female,20,Kolkata,03-08-2025,Postpaid,1238.11,45810.07,37,5G,1 Year,Bank Transfer,7,No,,FALSE
C102166,Neha Sharma,Female,62,Kolkata,21-11-2025,Postpaid,369.82,16272.08,44,None,1 Year,Bank Transfer,3,Yes,,FALSE
C102167,Ananya Kapoor,Male,24,Mumbai,21-09-2025,Postpaid,858.69,42934.5,50,None,2 Year,Cash,5,No,,FALSE
C102168,Sourav Sharma,Female,62,Hyderabad,07-03-2025,Prepaid,424.92,13172.52,31,Fiber,Monthly,UPI,12,Yes,,FALSE
C102169,Rohit Gupta,Female,53,Hyderabad,17-08-2025,Prepaid,314.51,15410.99,49,Fiber,Monthly,UPI,3,No,,FALSE
C102170,Vikram Paul,Female,25,Hyderabad,06-05-2025,Prepaid,1755.62,57935.46,33,5G,1 Year,UPI,9,Yes,,FALSE
C102171,Rahul Ghosh,Male,34,Delhi,14-08-2025,Prepaid,1674.09,98771.31,59,DSL,2 Year,Bank Transfer,1,No,,FALSE
C102172,Neha Ghosh,Male,48,Mumbai,03-12-2025,Postpaid,1386.33,38817.24,28,None,Monthly,Bank Transfer,8,No,,FALSE
C102173,Sourav Ghosh,Female,70,Hyderabad,05-12-2025,Prepaid,1570.96,106825.28,68,DSL,1 Year,Card,2,Yes,,FALSE
C102174,Priya Dey,Male,63,Mumbai,06-05-2025,Postpaid,1830.82,126326.58,69,DSL,Monthly,Cash,8,No,,FALSE
C102175,Sourav Gupta,Female,45,Hyderabad,11-09-2025,Prepaid,1535.74,105966.06,69,None,1 Year,Bank Transfer,12,Yes,,FALSE
C102176,Neha Ghosh,Female,48,Delhi,17-03-2025,Prepaid,1546.91,54141.85,35,DSL,1 Year,Card,1,No,,FALSE
C102177,Ananya Paul,Male,38,Chennai,25-12-2025,Postpaid,1461.25,65756.25,45,5G,2 Year,Cash,4,Yes,,FALSE
C102178,Rohit Dey,Female,61,Hyderabad,22-03-2025,Postpaid,1498.78,13489.02,9,None,1 Year,UPI,11,Yes,,FALSE
C102179,Ananya Sen,Female,68,Chennai,28-07-2025,Postpaid,1020.48,65310.72,64,5G,Monthly,Bank Transfer,12,No,,FALSE
C102180,Riya Dey,Female,37,Mumbai,05-01-2025,Prepaid,1338.34,20075.1,15,DSL,1 Year,Card,0,Yes,,FALSE
C102181,Priya Ghosh,Female,43,Hyderabad,24-11-2025,Prepaid,1722.11,43052.75,25,DSL,1 Year,Card,2,No,,FALSE
C102182,Sneha Singh,Male,66,Bangalore,15-07-2025,Postpaid,1645.2,115164,70,Fiber,2 Year,Bank Transfer,6,Yes,,FALSE
C102183,Rohit Sharma,Male,23,Mumbai,03-06-2025,Prepaid,1949.41,126711.65,65,Fiber,1 Year,Card,7,Yes,,FALSE
C102184,Riya Das,Female,41,Delhi,14-05-2025,Postpaid,977.52,66471.36,68,None,Monthly,Bank Transfer,3,Yes,,FALSE
C102185,Sourav Gupta,Female,75,Hyderabad,26-07-2025,Prepaid,368.53,18795.03,51,None,Monthly,UPI,10,No,,FALSE
C102186,Rohit Paul,Male,65,Kolkata,03-11-2025,Prepaid,970.65,26207.55,27,5G,1 Year,Cash,11,Yes,,FALSE
C102187,Rahul Roy,Male,69,Delhi,14-06-2025,Prepaid,918.53,59704.45,65,DSL,Monthly,Cash,7,No,,FALSE
C102188,Priya Roy,Female,73,Mumbai,02-08-2025,Postpaid,1232.34,50525.94,41,DSL,2 Year,Bank Transfer,6,No,,FALSE
C102189,Sourav Sharma,Female,59,Chennai,09-11-2025,Prepaid,752.89,49690.74,66,None,1 Year,UPI,10,Yes,,FALSE
C102190,Riya Ghosh,Female,56,Kolkata,20-03-2025,Postpaid,408.95,26581.75,65,5G,Monthly,Bank Transfer,,Yes,,FALSE
C102191,Sourav Singh,Male,39,Chennai,11-12-2025,Prepaid,1441.71,38926.17,27,5G,2 Year,Cash,4,No,,FALSE
C102192,Ananya Paul,Male,46,Bangalore,10-01-2025,Postpaid,894.86,50112.16,56,5G,1 Year,Bank Transfer,10,Yes,,FALSE
C102193,Sourav Dey,Female,58,Hyderabad,10-09-2025,Prepaid,677.51,27100.4,40,5G,1 Year,Card,2,Yes,,FALSE
C102194,Rahul Gupta,Female,71,Hyderabad,04-05-2025,Postpaid,1604.06,56142.1,35,Fiber,1 Year,,5,No,,FALSE
C102195,Rahul Das,Male,47,Delhi,26-11-2025,Postpaid,1988.99,31823.84,16,None,1 Year,Card,12,No,,FALSE
C102196,Priya Singh,Female,57,Mumbai,30-03-2025,Postpaid,,24060.78,34,5G,1 Year,Bank Transfer,6,No,,FALSE
C102197,Riya Singh,Male,24,Bangalore,01-10-2025,Postpaid,881.43,25561.47,29,5G,1 Year,Card,9,No,,FALSE
C102198,Vikram Ghosh,Female,27,Delhi,10-10-2025,Prepaid,1762.2,54628.2,31,5G,1 Year,Bank Transfer,7,No,,FALSE
C102199,Sourav Sharma,Male,50,Chennai,15-05-2025,Prepaid,1410.16,18332.08,13,DSL,1 Year,Card,3,Yes,,FALSE
C102200,Rohit Sharma,Female,65,Kolkata,09-05-2025,Postpaid,,41100.93,39,None,2 Year,UPI,4,No,,FALSE
C102201,Sneha Singh,Male,60,Chennai,28-06-2025,Postpaid,1523.62,95988.06,63,5G,Monthly,Card,7,No,,FALSE
C102202,Riya Sharma,Male,41,Chennai,18-07-2025,Prepaid,362.04,18826.08,52,Fiber,Monthly,Cash,5,Yes,,FALSE
C102203,Riya Sharma,Female,60,Bangalore,21-10-2025,Postpaid,1587.56,9525.36,6,Fiber,1 Year,Cash,11,Yes,,FALSE
C102204,Priya Kapoor,Male,51,Kolkata,06-07-2025,Prepaid,832.49,34132.09,41,None,1 Year,Cash,10,Yes,,FALSE
C102205,Riya Sen,Female,40,Hyderabad,02-07-2025,Postpaid,1643,42718,26,Fiber,1 Year,UPI,7,Yes,,FALSE
C102206,Rohit Das,Male,26,Mumbai,26-06-2025,Prepaid,1214.16,83777.04,69,DSL,2 Year,UPI,1,No,,FALSE
C102207,Rohit Roy,Female,30,Hyderabad,08-06-2025,Prepaid,1325.12,9275.84,7,None,1 Year,Card,5,No,,FALSE
C102208,Priya Singh,Male,63,Mumbai,27-12-2025,Prepaid,1049.77,55637.81,53,Fiber,1 Year,Card,12,No,,FALSE
C102209,Vikram Roy,Female,67,Kolkata,20-09-2025,Prepaid,1732.92,97043.52,56,5G,Monthly,Cash,3,No,,FALSE
C102210,Priya Roy,Female,69,Bangalore,26-10-2025,Prepaid,1501.82,51061.88,34,Fiber,Monthly,Card,3,Yes,,FALSE
C102211,Amit Ghosh,Male,22,Bangalore,12-02-2025,Prepaid,1364.26,46384.84,34,None,2 Year,Card,5,No,,FALSE
C102212,Rohit Singh,Female,43,Delhi,25-12-2025,Prepaid,1066.56,43728.96,41,DSL,1 Year,Bank Transfer,4,No,,FALSE
C102213,Vikram Ghosh,Male,22,Mumbai,15-07-2025,Postpaid,1184.31,17764.65,15,DSL,2 Year,UPI,10,No,,FALSE
C102214,Vikram Das,Male,27,Bangalore,08-08-2025,Postpaid,649.33,5194.64,8,Fiber,2 Year,Bank Transfer,7,Yes,,FALSE
C102215,Amit Sharma,Male,34,Delhi,05-12-2025,Prepaid,1439.29,70525.21,49,DSL,Monthly,Bank Transfer,4,Yes,,FALSE
C102216,Riya Roy,Male,75,,06-01-2025,Prepaid,488.2,6346.6,13,Fiber,2 Year,Cash,12,No,,FALSE
C102217,Rahul Paul,Male,36,Bangalore,05-12-2025,Postpaid,1842.49,110549.4,60,None,Monthly,Card,12,No,,FALSE
C102218,Ananya Sharma,Female,42,Bangalore,01-12-2025,Postpaid,1557.79,29598.01,19,Fiber,2 Year,Cash,2,Yes,,FALSE
C102219,Vikram Dey,Female,49,Chennai,26-01-2025,Postpaid,370.05,7030.95,19,Fiber,2 Year,Cash,9,Yes,,FALSE
C102220,Amit Kapoor,Female,20,Hyderabad,18-06-2025,Postpaid,1805.28,52353.12,29,5G,2 Year,Cash,7,No,,FALSE
C102221,Ananya Sen,Male,24,,09-05-2025,Prepaid,981.17,10792.87,11,None,2 Year,UPI,3,No,,FALSE
C102222,Priya Paul,Female,26,Hyderabad,28-01-2025,Prepaid,1683.4,74069.6,44,Fiber,2 Year,Bank Transfer,8,Yes,,FALSE
C102223,Amit Paul,Female,30,Bangalore,06-01-2025,Postpaid,1987.9,101382.9,51,5G,Monthly,UPI,5,Yes,,FALSE
C102224,Sourav Roy,Female,22,Mumbai,25-07-2025,Prepaid,1382.95,44254.4,32,DSL,Monthly,UPI,6,Yes,,FALSE
C102225,Rohit Dey,Male,53,Mumbai,05-11-2025,Prepaid,1073.34,70840.44,66,DSL,1 Year,,12,No,,FALSE
C102226,Ananya Gupta,Male,30,Delhi,13-02-2025,Postpaid,306.24,3368.64,11,5G,1 Year,Bank Transfer,6,Yes,,FALSE
C102227,Amit Das,Female,67,Kolkata,15-02-2025,Prepaid,506.6,22797,45,DSL,Monthly,UPI,9,No,,FALSE
C102228,Neha Gupta,Male,41,Mumbai,23-06-2025,Postpaid,1916.57,126493.62,66,Fiber,1 Year,Cash,1,No,,FALSE
C102229,Ananya Kapoor,Female,62,Kolkata,21-10-2025,Postpaid,625.82,2503.28,4,Fiber,Monthly,Bank Transfer,11,No,,FALSE
C102230,Sourav Singh,Male,18,Hyderabad,20-11-2025,Postpaid,457.48,19671.64,43,DSL,Monthly,Cash,6,No,,FALSE
C102231,Sourav Gupta,Female,25,Hyderabad,12-08-2025,Prepaid,1070.03,77042.16,72,Fiber,1 Year,Bank Transfer,3,No,,FALSE
C102232,Sneha Das,Female,38,Mumbai,23-01-2025,Prepaid,1448.75,85476.25,59,DSL,Monthly,Bank Transfer,9,No,,FALSE
C102233,Riya Singh,Female,65,Kolkata,01-01-2025,Postpaid,865.66,50208.28,58,5G,2 Year,UPI,9,No,,FALSE
C102234,Sneha Das,Male,62,Delhi,18-07-2025,Prepaid,1532.12,87330.84,57,5G,1 Year,Card,7,Yes,,FALSE
C102235,Rohit Gupta,Female,47,Kolkata,23-02-2025,Prepaid,1688.97,79381.59,47,Fiber,1 Year,Cash,6,No,,FALSE
C102236,Ananya Kapoor,Female,74,Bangalore,18-03-2025,Postpaid,914.5,53041,58,DSL,Monthly,Cash,,Yes,,FALSE
C102237,Rahul Sen,Male,36,Chennai,17-09-2025,Postpaid,873.35,56767.75,65,None,2 Year,Bank Transfer,11,No,,FALSE
C102238,Neha Paul,Male,18,Hyderabad,28-07-2025,Prepaid,943.23,52820.88,56,DSL,2 Year,Card,6,No,,FALSE
C102239,Riya Gupta,Female,20,Bangalore,21-01-2025,Prepaid,1800.36,102620.52,57,None,Monthly,Cash,3,No,,FALSE
C102240,Riya Das,Male,47,Kolkata,13-08-2025,Prepaid,1793.88,43053.12,24,5G,Monthly,Card,8,No,,FALSE
C102241,Rahul Kapoor,Male,29,Delhi,14-04-2025,Prepaid,1422.17,34132.08,24,DSL,Monthly,Card,0,Yes,,FALSE
C102242,Sourav Sharma,Female,31,Hyderabad,15-01-2025,Postpaid,727.79,21833.7,30,5G,2 Year,Card,10,Yes,,FALSE
C102243,Sneha Ghosh,Female,43,Chennai,20-07-2025,Postpaid,1411.42,63513.9,45,DSL,2 Year,Bank Transfer,,Yes,,FALSE
C102244,Rahul Sharma,Female,50,Delhi,10-05-2025,Postpaid,711.15,31290.6,44,5G,2 Year,Cash,12,No,,FALSE
C102245,Neha Dey,Male,33,Delhi,27-03-2025,Postpaid,496.96,6957.44,14,5G,1 Year,Card,8,Yes,,FALSE
C102246,Sourav Singh,Male,38,Delhi,20-06-2025,Prepaid,1955.53,62576.96,32,None,2 Year,Cash,8,No,,FALSE
C102247,Amit Sharma,Male,52,Hyderabad,30-10-2025,Prepaid,345.6,17625.6,51,DSL,Monthly,Card,1,No,,FALSE
C102248,Ananya Dey,Female,20,Bangalore,17-04-2025,Prepaid,1355.43,16265.16,12,None,2 Year,Cash,2,No,,FALSE
C102249,Amit Singh,Female,30,Bangalore,30-03-2025,Prepaid,726.72,7267.2,10,None,2 Year,Cash,4,No,,FALSE
C102250,Sneha Roy,Male,25,Bangalore,03-01-2025,Prepaid,313.18,17224.9,55,5G,Monthly,UPI,2,No,,FALSE
C102251,Amit Sharma,Male,37,Hyderabad,23-03-2025,Prepaid,1463.12,64377.28,44,Fiber,2 Year,Cash,5,No,,FALSE
C102252,Rohit Dey,Female,41,Chennai,12-03-2025,Prepaid,412.6,14441,35,Fiber,1 Year,Cash,6,Yes,,FALSE
C102253,Rahul Das,Female,73,Mumbai,27-07-2025,Postpaid,842.21,50532.6,60,5G,1 Year,Card,0,Yes,,FALSE
C102254,Vikram Ghosh,Female,73,Hyderabad,05-10-2025,Prepaid,393.18,20052.18,51,DSL,Monthly,Bank Transfer,8,No,,FALSE
C102255,Sneha Kapoor,Male,27,Bangalore,26-01-2025,Prepaid,1469.95,45568.45,31,5G,1 Year,Cash,9,Yes,,FALSE
C102256,Priya Singh,Female,32,Chennai,27-12-2025,Prepaid,981.27,17662.86,18,None,Monthly,UPI,5,Yes,,FALSE
C102257,Riya Paul,Female,64,Hyderabad,09-03-2025,Prepaid,1260.34,17644.76,14,DSL,1 Year,UPI,9,Yes,,FALSE
C102258,Amit Dey,Female,20,Mumbai,02-05-2025,Prepaid,1741.26,27860.16,16,DSL,2 Year,Cash,0,No,,FALSE
C102259,Neha Ghosh,Male,54,Chennai,22-02-2025,Postpaid,1580.72,41098.72,26,5G,1 Year,UPI,1,No,,FALSE
C102260,Riya Das,Female,71,Chennai,26-03-2025,Prepaid,1662.52,46550.56,28,None,1 Year,Cash,4,Yes,,FALSE
C102261,Rohit Dey,Female,68,Mumbai,26-10-2025,Postpaid,1854.06,74162.4,40,DSL,1 Year,Card,5,Yes,,FALSE
C102262,Priya Roy,Female,51,Hyderabad,22-10-2025,Postpaid,703.15,49220.5,70,None,Monthly,Cash,11,No,,FALSE
C102263,Rohit Singh,Male,48,Hyderabad,06-06-2025,Prepaid,1798.18,39559.96,22,5G,1 Year,Cash,8,No,,FALSE
C102264,Priya Ghosh,Female,28,Hyderabad,07-06-2025,Prepaid,914.24,44797.76,49,Fiber,Monthly,UPI,12,Yes,,FALSE
C102265,Rohit Roy,Female,35,Bangalore,25-10-2025,Postpaid,1399.37,96556.53,69,Fiber,2 Year,UPI,11,Yes,,FALSE
C102266,Priya Kapoor,Female,54,Bangalore,27-04-2025,Postpaid,315.12,11659.44,37,None,Monthly,Bank Transfer,2,No,,FALSE
C102267,Rohit Paul,Male,42,Kolkata,24-04-2025,Postpaid,513.01,9234.18,18,DSL,Monthly,UPI,11,No,,FALSE
C102268,Ananya Roy,Female,71,Mumbai,25-02-2025,Prepaid,1850.03,14800.24,8,None,Monthly,Card,6,No,,FALSE
C102269,Ananya Kapoor,Male,22,Kolkata,21-11-2025,Prepaid,1134.28,38565.52,34,5G,Monthly,Card,3,No,,FALSE
C102270,Rohit Gupta,Female,57,Mumbai,22-03-2025,Prepaid,1973.59,134204.12,68,5G,2 Year,Cash,10,No,,FALSE
C102271,Priya Ghosh,Male,62,Chennai,11-01-2025,Prepaid,,101542.36,62,DSL,1 Year,Card,11,No,,FALSE
C102272,Rahul Sharma,Male,47,Mumbai,06-11-2025,Prepaid,983.56,30490.36,31,Fiber,2 Year,UPI,6,No,,FALSE
C102273,Rohit Singh,Male,71,Bangalore,15-09-2025,Postpaid,990.18,58420.62,59,DSL,2 Year,,5,No,,FALSE
C102274,Rohit Roy,Male,60,Kolkata,25-07-2025,Postpaid,1513.48,10594.36,7,DSL,2 Year,UPI,11,No,,FALSE
C102275,Rohit Paul,Male,46,Chennai,11-04-2025,Postpaid,1678.42,78885.74,47,DSL,2 Year,Cash,9,Yes,,FALSE
C102276,Neha Roy,Female,35,Mumbai,20-09-2025,Postpaid,1750.24,71759.84,41,DSL,1 Year,Cash,3,Yes,,FALSE
C102277,Sneha Sen,Male,70,Bangalore,30-04-2025,Postpaid,466.63,30797.58,66,5G,Monthly,Card,0,Yes,,FALSE
C102278,Amit Roy,Female,32,Bangalore,10-05-2025,Prepaid,826.38,45450.9,55,5G,Monthly,Cash,2,Yes,,FALSE
C102279,Ananya Das,Female,33,Kolkata,06-03-2025,Prepaid,888.63,26658.9,30,DSL,1 Year,UPI,0,No,,FALSE
C102280,Ananya Ghosh,Female,63,Kolkata,28-10-2025,Postpaid,920.58,11046.96,12,Fiber,1 Year,Card,2,No,,FALSE
C102281,Priya Paul,Male,39,,10-07-2025,Prepaid,818.43,41739.93,51,DSL,1 Year,Card,8,Yes,,FALSE
C102282,Priya Sen,Female,49,Kolkata,28-06-2025,Prepaid,427.13,28617.71,67,5G,2 Year,Bank Transfer,12,Yes,,FALSE
C102283,Riya Ghosh,Female,57,Bangalore,04-03-2025,Postpaid,486.13,29653.93,61,None,Monthly,Card,8,Yes,,FALSE
C102284,Sourav Das,Female,35,Mumbai,08-02-2025,Postpaid,717.25,38014.25,53,None,Monthly,Bank Transfer,2,Yes,,FALSE
C102285,Priya Ghosh,Male,73,Delhi,20-03-2025,Prepaid,1077.94,1077.94,1,5G,2 Year,Cash,8,No,,FALSE
C102286,Riya Das,Female,60,Mumbai,18-12-2025,Prepaid,1311.6,70826.4,54,None,Monthly,UPI,11,Yes,,FALSE
C102287,Rohit Kapoor,Male,24,Kolkata,21-04-2025,Prepaid,432.7,2596.2,6,None,2 Year,UPI,8,Yes,,FALSE
C102288,Sourav Das,Female,20,Mumbai,12-10-2025,Prepaid,1657.72,59677.92,36,None,2 Year,Cash,11,No,,FALSE
C102289,Ananya Kapoor,Male,23,Delhi,18-11-2025,Prepaid,1688.41,114811.88,68,None,1 Year,Cash,12,Yes,,FALSE
C102290,Rahul Sharma,Female,42,Mumbai,07-09-2025,Prepaid,598.37,37098.94,62,Fiber,2 Year,UPI,10,No,,FALSE
C102291,Riya Sen,Female,46,Bangalore,25-05-2025,Prepaid,1373.87,27477.4,20,None,2 Year,Card,11,Yes,,FALSE
C102292,Sourav Paul,Female,52,Chennai,03-11-2025,Postpaid,383.52,11122.08,29,Fiber,2 Year,Bank Transfer,5,No,,FALSE
C102293,Riya Das,Female,56,Bangalore,04-09-2025,Postpaid,646.51,45902.21,71,Fiber,1 Year,Cash,8,No,,FALSE
C102294,Vikram Ghosh,Female,46,Kolkata,13-02-2025,Postpaid,415.24,19931.52,48,5G,1 Year,Cash,0,No,,FALSE
C102295,Sneha Singh,Male,60,Kolkata,15-09-2025,Prepaid,1694.75,79653.25,47,None,Monthly,,0,Yes,,FALSE
C102296,Ananya Kapoor,Female,26,Mumbai,03-05-2025,Postpaid,1198.74,53943.3,45,None,1 Year,Card,0,Yes,,FALSE
C102297,Vikram Gupta,Male,24,Chennai,24-03-2025,Postpaid,1140.72,55895.28,49,Fiber,1 Year,Bank Transfer,8,No,,FALSE
C102298,Priya Roy,Female,61,Hyderabad,30-01-2025,Prepaid,320.45,6409,20,5G,1 Year,Bank Transfer,5,Yes,,FALSE
C102299,Rohit Paul,Male,60,Chennai,19-01-2025,Prepaid,1993.54,15948.32,8,None,1 Year,Cash,3,No,,FALSE
C102300,Sourav Sen,Male,26,Mumbai,25-05-2025,Prepaid,940.76,37630.4,40,DSL,2 Year,UPI,0,Yes,,FALSE
C102301,Ananya Roy,Female,55,Chennai,26-04-2025,Prepaid,793.78,8731.58,11,None,2 Year,Bank Transfer,1,No,,FALSE
C102302,Rohit Kapoor,Female,54,Mumbai,20-09-2025,Postpaid,,44146.88,53,DSL,1 Year,,8,No,,FALSE
C102303,Riya Ghosh,Female,28,Kolkata,03-01-2025,Prepaid,871.6,16560.4,19,DSL,Monthly,UPI,2,Yes,,FALSE
C102304,Sourav Gupta,Female,75,Kolkata,05-04-2025,Postpaid,,13513.14,37,Fiber,2 Year,Bank Transfer,8,Yes,,FALSE
C102305,Vikram Roy,Male,70,Delhi,05-02-2025,Postpaid,472.89,16078.26,34,None,1 Year,UPI,11,Yes,,FALSE
C102306,Amit Gupta,Female,72,Delhi,06-09-2025,Prepaid,668.77,16050.48,24,None,Monthly,Cash,1,No,,FALSE
C102307,Ananya Dey,Female,26,Delhi,05-06-2025,Prepaid,963.54,58775.94,61,Fiber,Monthly,Card,12,No,,FALSE
C102308,Vikram Dey,Female,62,Mumbai,06-02-2025,Prepaid,552.6,39787.2,72,None,Monthly,Cash,1,No,,FALSE
C102309,Priya Das,Male,41,Hyderabad,20-03-2025,Postpaid,683.82,4102.92,6,None,2 Year,UPI,4,Yes,,FALSE
C102310,Sourav Sharma,Female,56,Kolkata,13-01-2025,Postpaid,1437.21,45990.72,32,None,Monthly,UPI,1,Yes,,FALSE
C102311,Sourav Paul,Male,64,Delhi,06-09-2025,Postpaid,1738.9,71294.9,41,DSL,1 Year,UPI,0,Yes,,FALSE
C102312,Sneha Das,Male,34,Kolkata,15-10-2025,Prepaid,776.54,8541.94,11,5G,Monthly,Bank Transfer,1,Yes,,FALSE
C102313,Riya Paul,Male,28,Delhi,09-06-2025,Postpaid,1380.51,56600.91,41,Fiber,2 Year,Bank Transfer,6,Yes,,FALSE
C102314,Sourav Gupta,Male,54,Delhi,05-12-2025,Postpaid,1646.05,59257.8,36,DSL,Monthly,UPI,3,Yes,,FALSE
C102315,Sourav Singh,Female,34,Bangalore,06-03-2025,Prepaid,1595.98,73415.08,46,None,1 Year,Cash,9,No,,FALSE
C102316,Rohit Sharma,Male,68,Mumbai,19-08-2025,Postpaid,1072.49,7507.43,7,5G,2 Year,Cash,0,Yes,,FALSE
C102317,Sourav Paul,Female,33,Kolkata,06-04-2025,Postpaid,1502.63,21036.82,14,5G,Monthly,UPI,6,Yes,,FALSE
C102318,Riya Ghosh,Male,32,Kolkata,26-12-2025,Prepaid,1024.27,22533.94,22,5G,1 Year,Cash,3,Yes,,FALSE
C102319,Vikram Paul,Female,61,Hyderabad,20-06-2025,Postpaid,437.06,2185.3,5,None,Monthly,Card,5,Yes,,FALSE
C102320,Rohit Sharma,Male,43,Delhi,14-08-2025,Postpaid,959.45,4797.25,5,None,1 Year,Bank Transfer,8,No,,FALSE
C102321,Vikram Singh,Male,67,Bangalore,07-01-2025,Prepaid,1303.6,87341.2,67,None,Monthly,UPI,0,No,,FALSE
C102322,Priya Gupta,Female,69,Mumbai,01-12-2025,Postpaid,305.68,18340.8,60,5G,2 Year,Bank Transfer,9,Yes,,FALSE
C102323,Rahul Gupta,Male,69,Kolkata,07-02-2025,Postpaid,1685.98,43835.48,26,Fiber,2 Year,Cash,,Yes,,FALSE
C102324,Priya Singh,Female,35,,14-02-2025,Postpaid,588.38,2353.52,4,5G,2 Year,Cash,7,No,,FALSE
C102325,Vikram Singh,Female,32,Hyderabad,25-06-2025,Postpaid,695.6,20868,30,DSL,Monthly,UPI,7,Yes,,FALSE
C102326,Ananya Sen,Male,70,Kolkata,09-06-2025,Prepaid,1534.72,42972.16,28,None,2 Year,Cash,5,Yes,,FALSE
C102327,Neha Gupta,Female,64,Mumbai,23-02-2025,Postpaid,1518.98,75949,50,DSL,2 Year,Bank Transfer,12,No,,FALSE
C102328,Riya Roy,Male,62,Hyderabad,14-10-2025,Postpaid,763.18,15263.6,20,None,1 Year,Card,9,Yes,,FALSE
C102329,Sourav Dey,Female,73,Hyderabad,17-02-2025,Postpaid,1419.05,87981.1,62,Fiber,Monthly,Bank Transfer,9,Yes,,FALSE
C102330,Riya Paul,Female,68,Bangalore,18-01-2025,Postpaid,1819.73,29115.68,16,Fiber,1 Year,Bank Transfer,8,Yes,,FALSE
C102331,Riya Paul,Male,48,Kolkata,04-03-2025,Postpaid,1701.09,51032.7,30,DSL,1 Year,UPI,6,Yes,,FALSE
C102332,Sourav Singh,Female,74,Mumbai,31-10-2025,Postpaid,1574.2,75561.6,48,Fiber,Monthly,Bank Transfer,10,No,,FALSE
C102333,Sneha Paul,Male,41,Delhi,05-12-2025,Prepaid,307.33,19361.79,63,None,2 Year,UPI,11,No,,FALSE
C102334,Amit Paul,Male,43,Delhi,13-01-2025,Prepaid,914.6,18292,20,None,Monthly,UPI,0,Yes,,FALSE
C102335,Rahul Das,Female,68,Bangalore,07-02-2025,Postpaid,1433.28,21499.2,15,Fiber,2 Year,Cash,3,No,,FALSE
C102336,Neha Dey,Male,68,Mumbai,14-02-2025,Prepaid,1944.5,64168.5,33,Fiber,Monthly,Card,10,Yes,,FALSE
C102337,Sourav Paul,Male,51,Hyderabad,18-12-2025,Postpaid,1431.22,55817.58,39,None,Monthly,,10,Yes,,FALSE
C102338,Rohit Dey,Male,22,Bangalore,13-12-2025,Postpaid,747.28,5978.24,8,DSL,2 Year,Cash,5,No,,FALSE
C102339,Amit Roy,Male,64,Chennai,08-10-2025,Prepaid,418.35,22590.9,54,DSL,Monthly,Cash,3,Yes,,FALSE
C102340,Priya Gupta,Female,51,Kolkata,23-11-2025,Prepaid,1696.31,86511.81,51,Fiber,Monthly,Card,6,No,,FALSE
C102341,Sourav Paul,Male,66,Bangalore,17-09-2025,Prepaid,1472.47,22087.05,15,5G,2 Year,UPI,6,No,,FALSE
C102342,Sneha Roy,Male,45,Chennai,08-12-2025,Prepaid,324.42,11679.12,36,DSL,2 Year,Card,5,Yes,,FALSE
C102343,Sourav Gupta,Male,68,Mumbai,14-07-2025,Prepaid,552.61,38130.09,69,None,2 Year,Bank Transfer,9,No,,FALSE
C102344,Ananya Roy,Female,72,Delhi,13-05-2025,Postpaid,1890.68,41594.96,22,5G,Monthly,Cash,12,No,,FALSE
C102345,Priya Das,Female,50,Mumbai,24-04-2025,Prepaid,1781.58,26723.7,15,None,1 Year,UPI,9,Yes,,FALSE
C102346,Priya Ghosh,Female,38,Hyderabad,28-06-2025,Prepaid,1148.46,82689.12,72,None,2 Year,Card,12,No,,FALSE
C102347,Rahul Roy,Female,51,Chennai,20-02-2025,Prepaid,,116462.04,62,Fiber,2 Year,,6,Yes,,FALSE
C102348,Amit Kapoor,Female,47,Hyderabad,12-01-2025,Prepaid,496.59,10924.98,22,DSL,Monthly,Bank Transfer,8,No,,FALSE
C102349,Amit Paul,Female,22,Delhi,03-12-2025,Postpaid,1652.72,114037.68,69,None,Monthly,Cash,12,Yes,,FALSE
C102350,Neha Ghosh,Female,56,Kolkata,16-10-2025,Prepaid,1959.47,90135.62,46,5G,2 Year,Cash,4,Yes,,FALSE
C102351,Sneha Kapoor,Female,22,Kolkata,22-04-2025,Postpaid,1114.12,10027.08,9,DSL,1 Year,Cash,10,No,,FALSE
C102352,Amit Ghosh,Female,73,,24-03-2025,Prepaid,475.92,26651.52,56,DSL,Monthly,UPI,8,Yes,,FALSE
C102353,Rahul Dey,Male,41,Chennai,27-03-2025,Postpaid,1924.61,98155.11,51,DSL,2 Year,Cash,3,Yes,,FALSE
C102354,Riya Dey,Male,69,Kolkata,29-03-2025,Postpaid,365.84,5487.6,15,DSL,2 Year,Cash,5,No,,FALSE
C102355,Rahul Gupta,Male,52,Kolkata,02-02-2025,Postpaid,552.89,24880.05,45,Fiber,2 Year,Bank Transfer,2,No,,FALSE
C102356,Amit Gupta,Female,34,Mumbai,19-11-2025,Postpaid,1041.65,9374.85,9,5G,Monthly,Card,9,No,,FALSE
C102357,Rahul Sharma,Female,40,Kolkata,17-01-2025,Prepaid,,19536.62,43,5G,2 Year,Bank Transfer,11,Yes,,FALSE
C102358,Sneha Sharma,Male,26,Mumbai,03-08-2025,Prepaid,1790.09,98454.95,55,None,Monthly,Card,3,No,,FALSE
C102359,Vikram Sen,Male,20,Hyderabad,08-04-2025,Postpaid,1566.9,31338,20,DSL,2 Year,Bank Transfer,3,No,,FALSE
C102360,Sourav Paul,Male,39,Chennai,16-01-2025,Prepaid,1275.34,34434.18,27,None,2 Year,Cash,3,Yes,,FALSE
C102361,Vikram Gupta,Female,45,Kolkata,08-05-2025,Prepaid,1339.77,73687.35,55,Fiber,1 Year,Bank Transfer,4,No,,FALSE
C102362,Sourav Kapoor,Female,22,Chennai,26-08-2025,Prepaid,961.21,2883.63,3,Fiber,2 Year,Bank Transfer,4,No,,FALSE
C102363,Priya Gupta,Female,53,Delhi,15-03-2025,Postpaid,468.75,1875,4,DSL,2 Year,UPI,9,Yes,,FALSE
C102364,Rahul Ghosh,Male,36,Hyderabad,09-11-2025,Postpaid,501.33,6517.29,13,None,Monthly,Card,1,No,,FALSE
C102365,Ananya Roy,Male,71,Hyderabad,25-03-2025,Prepaid,1503.19,31566.99,21,Fiber,1 Year,Card,7,No,,FALSE
C102366,Rohit Sharma,Female,58,Bangalore,27-07-2025,Prepaid,698.52,27242.28,39,5G,2 Year,Card,9,No,,FALSE
C102367,Ananya Roy,Female,20,Delhi,17-09-2025,Postpaid,446.8,6255.2,14,DSL,1 Year,Cash,11,Yes,,FALSE
C102368,Riya Singh,Male,43,Mumbai,11-01-2025,Postpaid,674.78,4048.68,6,5G,2 Year,UPI,11,No,,FALSE
C102369,Rohit Roy,Male,25,Chennai,23-04-2025,Postpaid,1033,72310,70,5G,2 Year,Bank Transfer,10,No,,FALSE
C102370,Ananya Paul,Female,56,Bangalore,14-06-2025,Postpaid,375.83,9019.92,24,None,2 Year,UPI,1,Yes,,FALSE
C102371,Vikram Sen,Male,68,Hyderabad,06-06-2025,Postpaid,,114900.9,58,None,1 Year,Card,7,No,,FALSE
C102372,Sourav Sharma,Female,38,Chennai,20-10-2025,Postpaid,448.2,6274.8,14,Fiber,Monthly,Bank Transfer,10,Yes,,FALSE
C102373,Sneha Kapoor,Female,29,Kolkata,04-01-2025,Prepaid,1619.2,24288,15,5G,1 Year,Cash,10,Yes,,FALSE
C102374,Vikram Paul,Male,26,Kolkata,18-12-2025,Postpaid,1379.55,89670.75,65,5G,1 Year,UPI,11,Yes,,FALSE
C102375,Neha Paul,Female,65,Chennai,01-11-2025,Prepaid,1540.89,49308.48,32,None,Monthly,Bank Transfer,11,No,,FALSE
C102376,Riya Dey,Female,21,Mumbai,20-09-2025,Postpaid,658.11,19085.19,29,None,2 Year,UPI,8,No,,FALSE
C102377,Riya Kapoor,Male,67,Kolkata,31-12-2025,Prepaid,1946.56,60343.36,31,Fiber,1 Year,Card,7,No,,FALSE
C102378,Ananya Gupta,Female,57,,22-05-2025,Prepaid,1628.12,63496.68,39,Fiber,1 Year,Cash,9,Yes,,FALSE
C102379,Ananya Singh,Male,65,Delhi,20-08-2025,Postpaid,529.24,29108.2,55,Fiber,2 Year,Cash,0,No,,FALSE
C102380,Vikram Sen,Female,33,Hyderabad,23-11-2025,Prepaid,1284.56,56520.64,44,None,2 Year,Cash,5,No,,FALSE
C102381,Riya Ghosh,Female,46,Hyderabad,10-10-2025,Prepaid,1584.76,103009.4,65,None,1 Year,Bank Transfer,3,No,,FALSE
C102382,Sneha Sharma,Female,61,Hyderabad,10-12-2025,Prepaid,1129.97,5649.85,5,None,1 Year,Cash,1,Yes,,FALSE
C102383,Rahul Gupta,Male,38,Bangalore,26-10-2025,Prepaid,1390.26,5561.04,4,DSL,Monthly,Card,11,No,,FALSE
C102384,Sneha Kapoor,Female,36,Mumbai,11-10-2025,Postpaid,700.7,1401.4,2,Fiber,2 Year,Card,3,Yes,,FALSE
C102385,Sourav Ghosh,Male,66,Mumbai,23-08-2025,Prepaid,1879.48,33830.64,18,5G,2 Year,Bank Transfer,12,Yes,,FALSE
C102386,Neha Sharma,Male,36,Mumbai,07-03-2025,Prepaid,563.99,32711.42,58,5G,1 Year,Cash,1,No,,FALSE
C102387,Neha Sen,Female,45,Delhi,08-07-2025,Postpaid,1805.59,77640.37,43,None,Monthly,Card,0,Yes,,FALSE
C102388,Priya Sen,Female,44,Delhi,16-05-2025,Postpaid,1098.45,16476.75,15,5G,1 Year,Cash,1,Yes,,FALSE
C102389,Neha Das,Male,24,Bangalore,13-12-2025,Prepaid,,89269.72,71,None,1 Year,UPI,7,No,,FALSE
C102390,Amit Dey,Male,24,Hyderabad,30-12-2025,Prepaid,586.06,11721.2,20,5G,1 Year,Bank Transfer,4,No,,FALSE
C102391,Rahul Singh,Female,53,Delhi,15-06-2025,Postpaid,721.17,33173.82,46,5G,Monthly,Card,6,Yes,,FALSE
C102392,Riya Gupta,Female,63,Chennai,07-11-2025,Postpaid,1027.8,44195.4,43,DSL,Monthly,Card,7,No,,FALSE
C102393,Neha Sharma,Female,72,Hyderabad,30-07-2025,Prepaid,1279.15,31978.75,25,Fiber,2 Year,Card,11,Yes,,FALSE
C102394,Amit Kapoor,Male,43,Mumbai,18-12-2025,Prepaid,1524.48,74699.52,49,DSL,Monthly,Cash,5,No,,FALSE
C102395,Riya Paul,Male,61,Bangalore,26-11-2025,Postpaid,979.7,2939.1,3,Fiber,2 Year,UPI,5,Yes,,FALSE
C102396,Neha Sen,Female,29,Delhi,10-11-2025,Prepaid,393.89,1969.45,5,None,1 Year,Cash,2,Yes,,FALSE
C102397,Vikram Sen,Male,42,Hyderabad,29-04-2025,Prepaid,1536.8,36883.2,24,DSL,2 Year,Cash,12,Yes,,FALSE
C102398,Sneha Sharma,Female,25,Kolkata,23-03-2025,Prepaid,1744.17,1744.17,1,None,Monthly,UPI,8,Yes,,FALSE
C102399,Riya Gupta,Female,74,Mumbai,21-08-2025,Prepaid,1167.54,22183.26,19,5G,1 Year,Bank Transfer,7,No,,FALSE
C102400,Amit Sharma,Female,68,Mumbai,19-03-2025,Prepaid,1813.13,39888.86,22,Fiber,Monthly,Card,6,Yes,,FALSE
C102401,Sourav Ghosh,Female,75,Mumbai,19-05-2025,Postpaid,738.77,28073.26,38,None,Monthly,Cash,11,Yes,,FALSE
C102402,Rohit Gupta,Male,59,Hyderabad,18-11-2025,Postpaid,1805.4,99297,55,5G,Monthly,Bank Transfer,7,Yes,,FALSE
C102403,Rohit Gupta,Female,46,Chennai,02-10-2025,Postpaid,1090.82,77448.22,71,Fiber,1 Year,UPI,12,No,,FALSE
C102404,Riya Sharma,Female,44,Kolkata,14-03-2025,Postpaid,1112.54,45614.14,41,DSL,2 Year,Bank Transfer,2,No,,FALSE
C102405,Amit Dey,Male,51,Bangalore,18-12-2025,Prepaid,1651.46,13211.68,8,None,1 Year,UPI,7,Yes,,FALSE
C102406,Riya Das,Female,18,Kolkata,21-06-2025,Postpaid,631.99,27807.56,44,None,2 Year,UPI,12,Yes,,FALSE
C102407,Riya Paul,Female,22,Hyderabad,02-02-2025,Prepaid,941.6,48963.2,52,None,2 Year,Card,1,Yes,,FALSE
C102408,Ananya Sen,Female,66,Hyderabad,18-12-2025,Postpaid,526.01,17884.34,34,Fiber,1 Year,UPI,1,Yes,,FALSE
C102409,Vikram Sharma,Female,57,Kolkata,26-12-2025,Prepaid,1456.55,104871.6,72,None,Monthly,Cash,7,Yes,,FALSE
C102410,Riya Das,Male,41,Bangalore,27-05-2025,Prepaid,366,8052,22,5G,Monthly,Card,6,No,,FALSE
C102411,Riya Roy,Female,64,Bangalore,12-02-2025,Prepaid,1314.07,74901.99,57,5G,Monthly,UPI,0,Yes,,FALSE
C102412,Priya Gupta,Female,21,Kolkata,01-04-2025,Prepaid,385.69,23527.09,61,5G,Monthly,Card,5,No,,FALSE
C102413,Sneha Paul,Male,54,Kolkata,11-02-2025,Prepaid,576.9,35190.9,61,DSL,2 Year,Cash,5,No,,FALSE
C102414,Ananya Sen,Female,35,,01-11-2025,Postpaid,1445.55,85287.45,59,5G,1 Year,Card,5,Yes,,FALSE
C102415,Amit Sharma,Female,42,Kolkata,27-07-2025,Postpaid,1436.21,48831.14,34,Fiber,1 Year,Card,7,No,,FALSE
C102416,Sneha Sen,Female,20,Chennai,28-04-2025,Postpaid,456.96,21477.12,47,None,1 Year,Cash,6,Yes,,FALSE
C102417,Rahul Dey,Female,65,Delhi,12-09-2025,Prepaid,1603.11,78552.39,49,None,1 Year,UPI,12,No,,FALSE
C102418,Sourav Dey,Male,51,Delhi,20-05-2025,Prepaid,1345.14,52460.46,39,Fiber,Monthly,Bank Transfer,8,No,,FALSE
C102419,Ananya Gupta,Female,28,Delhi,19-06-2025,Prepaid,1547.6,57261.2,37,None,Monthly,Card,4,No,,FALSE
C102420,Riya Paul,Male,66,Kolkata,01-03-2025,Prepaid,838.47,26831.04,32,Fiber,2 Year,Bank Transfer,12,Yes,,FALSE
C102421,Sourav Dey,Female,52,Chennai,24-04-2025,Prepaid,996.61,32888.13,33,Fiber,Monthly,Bank Transfer,9,No,,FALSE
C102422,Rahul Gupta,Male,25,Hyderabad,21-05-2025,Prepaid,1431.21,93028.65,65,Fiber,Monthly,Card,10,No,,FALSE
C102423,Riya Roy,Male,34,Delhi,19-06-2025,Postpaid,887.48,17749.6,20,DSL,2 Year,Cash,12,Yes,,FALSE
C102424,Rohit Gupta,Female,63,Chennai,04-10-2025,Postpaid,1945.26,36959.94,19,None,1 Year,Cash,0,No,,FALSE
C102425,Priya Gupta,Female,29,Hyderabad,31-08-2025,Prepaid,1889.31,60457.92,32,Fiber,1 Year,Cash,1,No,,FALSE
C102426,Rahul Singh,Female,29,Mumbai,15-11-2025,Prepaid,870.11,55687.04,64,None,1 Year,Cash,9,No,,FALSE
C102427,Riya Ghosh,Female,55,Delhi,18-06-2025,Postpaid,1191.05,83373.5,70,None,1 Year,UPI,3,No,,FALSE
C102428,Amit Paul,Male,18,Bangalore,02-01-2025,Postpaid,1859.71,27895.65,15,None,Monthly,,5,Yes,,FALSE
C102429,Sneha Dey,Male,62,Kolkata,20-03-2025,Postpaid,725.99,19601.73,27,5G,1 Year,Cash,9,Yes,,FALSE
C102430,Priya Ghosh,Female,45,Chennai,25-07-2025,Prepaid,991.11,44599.95,45,DSL,2 Year,Card,0,No,,FALSE
C102431,Rohit Dey,Male,19,Delhi,29-04-2025,Prepaid,868.99,46925.46,54,None,Monthly,Card,11,Yes,,FALSE
C102432,Rahul Sen,Female,46,Hyderabad,01-04-2025,Postpaid,709.16,27657.24,39,Fiber,2 Year,Cash,10,Yes,,FALSE
C102433,Ananya Kapoor,Male,36,Kolkata,23-02-2025,Prepaid,1075.17,41931.63,39,Fiber,Monthly,UPI,7,Yes,,FALSE
C102434,Rahul Kapoor,Female,53,Kolkata,13-06-2025,Postpaid,1216.3,76626.9,63,5G,2 Year,Bank Transfer,8,No,,FALSE
C102435,Ananya Singh,Male,42,Chennai,15-01-2025,Prepaid,900.19,27005.7,30,DSL,1 Year,Card,1,Yes,,FALSE
C102436,Sourav Kapoor,Male,60,Delhi,11-11-2025,Postpaid,1497.32,100320.44,67,None,2 Year,Bank Transfer,2,Yes,,FALSE
C102437,Riya Sharma,Female,62,Mumbai,23-01-2025,Prepaid,1982.25,136775.25,69,Fiber,2 Year,Card,10,Yes,,FALSE
C102438,Riya Das,Male,70,Mumbai,23-03-2025,Prepaid,1243.33,87033.1,70,DSL,1 Year,Cash,8,No,,FALSE
C102439,Riya Dey,Female,36,Mumbai,07-08-2025,Postpaid,,27846,17,DSL,1 Year,Card,8,No,,FALSE
C102440,Sneha Roy,Male,65,Chennai,05-09-2025,Postpaid,1967.65,96414.85,49,DSL,1 Year,Cash,1,Yes,,FALSE
C102441,Sneha Sen,Female,44,Hyderabad,21-11-2025,Postpaid,1430.92,34342.08,24,5G,1 Year,Card,5,No,,FALSE
C102442,Amit Gupta,Female,29,Hyderabad,19-01-2025,Prepaid,1920.87,48021.75,25,5G,1 Year,Card,5,No,,FALSE
C102443,Amit Gupta,Male,63,Hyderabad,22-11-2025,Prepaid,670.15,40879.15,61,DSL,2 Year,Bank Transfer,12,No,,FALSE
C102444,Rohit Sharma,Male,19,Delhi,25-06-2025,Postpaid,1504.62,60184.8,40,5G,1 Year,Card,9,No,,FALSE
C102445,Rohit Das,Male,75,Bangalore,02-09-2025,Prepaid,1402.71,82759.89,59,5G,2 Year,Cash,10,No,,FALSE
C102446,Sourav Ghosh,Female,43,Chennai,06-01-2025,Postpaid,694.84,40995.56,59,5G,2 Year,Bank Transfer,11,No,,FALSE
C102447,Amit Paul,Male,49,Hyderabad,25-03-2025,Postpaid,651.29,19538.7,30,5G,1 Year,Cash,11,No,,FALSE
C102448,Sourav Roy,Male,19,Hyderabad,11-11-2025,Postpaid,1419.7,2839.4,2,5G,2 Year,Bank Transfer,2,No,,FALSE
C102449,Rahul Dey,Female,35,Mumbai,31-01-2025,Prepaid,1128.92,5644.6,5,DSL,2 Year,UPI,3,Yes,,FALSE
C102450,Priya Sen,Female,54,Kolkata,12-07-2025,Prepaid,348.19,22980.54,66,DSL,Monthly,Bank Transfer,6,Yes,,FALSE
C102451,Priya Sharma,Male,38,Kolkata,07-07-2025,Prepaid,1616.6,114778.6,71,DSL,1 Year,Bank Transfer,12,Yes,,FALSE
C102452,Amit Gupta,Female,38,,19-09-2025,Postpaid,1078.25,56069,52,Fiber,1 Year,Cash,5,No,,FALSE
C102453,Neha Singh,Female,60,Bangalore,24-06-2025,Postpaid,1085.56,52106.88,48,5G,1 Year,UPI,5,No,,FALSE
C102454,Sourav Roy,Male,75,Bangalore,28-02-2025,Postpaid,1469.16,45543.96,31,5G,1 Year,UPI,8,Yes,,FALSE
C102455,Ananya Roy,Female,57,Mumbai,01-02-2025,Postpaid,1900.5,85522.5,45,DSL,Monthly,Cash,10,No,,FALSE
C102456,Amit Das,Female,24,Delhi,09-09-2025,Postpaid,1336.44,12027.96,9,5G,1 Year,Card,0,Yes,,FALSE
C102457,Sourav Paul,Female,20,Bangalore,14-04-2025,Prepaid,1104.09,19873.62,18,DSL,1 Year,UPI,3,No,,FALSE
C102458,Priya Roy,Female,61,Delhi,05-01-2025,Prepaid,591.91,18349.21,31,DSL,1 Year,Card,4,Yes,,FALSE
C102459,Priya Dey,Male,54,Delhi,04-12-2025,Prepaid,452.43,14930.19,33,5G,1 Year,Bank Transfer,9,Yes,,FALSE
C102460,Riya Paul,Female,63,Kolkata,11-03-2025,Prepaid,778.93,3115.72,4,DSL,1 Year,Bank Transfer,6,Yes,,FALSE
C102461,Priya Das,Male,23,Delhi,30-04-2025,Postpaid,1829.08,129864.68,71,5G,1 Year,UPI,3,Yes,,FALSE
C102462,Riya Kapoor,Female,56,Kolkata,06-04-2025,Postpaid,1475.24,82613.44,56,DSL,1 Year,Card,1,Yes,,FALSE
C102463,Neha Das,Male,27,Chennai,12-02-2025,Prepaid,1613.56,6454.24,4,Fiber,Monthly,Bank Transfer,9,No,,FALSE
C102464,Vikram Paul,Male,53,Chennai,07-10-2025,Prepaid,575.69,2878.45,5,None,2 Year,Cash,4,No,,FALSE
C102465,Neha Das,Male,28,,20-03-2025,Prepaid,497.93,12448.25,25,DSL,Monthly,Bank Transfer,6,Yes,,FALSE
C102466,Sneha Kapoor,Female,24,Bangalore,28-01-2025,Postpaid,1929.47,109979.79,57,Fiber,1 Year,UPI,0,Yes,,FALSE
C102467,Priya Paul,Male,62,Chennai,03-09-2025,Postpaid,1832.25,130089.75,71,Fiber,1 Year,,1,Yes,,FALSE
C102468,Rahul Sen,Female,64,Delhi,31-10-2025,Postpaid,1627.93,43954.11,27,None,Monthly,Cash,1,No,,FALSE
C102469,Sourav Ghosh,Male,75,,11-09-2025,Postpaid,1106.07,74106.69,67,5G,2 Year,Card,5,No,,FALSE
C102470,Sourav Sen,Male,27,Bangalore,14-01-2025,Prepaid,426.91,12380.39,29,None,2 Year,UPI,1,Yes,,FALSE
C102471,Rahul Sen,Female,38,Mumbai,31-01-2025,Postpaid,1959.14,111670.98,57,None,1 Year,UPI,0,No,,FALSE
C102472,Neha Kapoor,Female,56,Hyderabad,06-11-2025,Prepaid,983.41,35402.76,36,DSL,Monthly,Card,11,No,,FALSE
C102473,Ananya Dey,Male,21,Kolkata,24-10-2025,Postpaid,1137.36,4549.44,4,Fiber,1 Year,UPI,8,No,,FALSE
C102474,Rohit Sen,Male,30,Bangalore,22-06-2025,Postpaid,609.43,19501.76,32,5G,1 Year,Card,9,Yes,,FALSE
C102475,Rahul Paul,Female,33,Mumbai,14-03-2025,Postpaid,868.59,52115.4,60,DSL,2 Year,Bank Transfer,8,No,,FALSE
C102476,Priya Sen,Male,65,Chennai,04-08-2025,Prepaid,904.32,32555.52,36,DSL,1 Year,Card,12,Yes,,FALSE
C102477,Sneha Dey,Female,45,Mumbai,22-07-2025,Prepaid,1221.52,78177.28,64,DSL,Monthly,UPI,0,No,,FALSE
C102478,Riya Ghosh,Female,62,Bangalore,04-08-2025,Postpaid,998.03,30938.93,31,None,2 Year,Cash,11,No,,FALSE
C102479,Priya Roy,Male,24,Bangalore,27-04-2025,Prepaid,691.51,35267.01,51,None,1 Year,Bank Transfer,2,No,,FALSE
C102480,Rohit Ghosh,Female,48,Kolkata,20-09-2025,Prepaid,362.44,18846.88,52,Fiber,2 Year,Bank Transfer,4,Yes,,FALSE
C102481,Priya Singh,Male,41,Hyderabad,14-07-2025,Prepaid,602.05,34316.85,57,Fiber,1 Year,Cash,1,Yes,,FALSE
C102482,Sneha Kapoor,Male,37,Kolkata,22-09-2025,Prepaid,1858.64,92932,50,None,2 Year,UPI,12,No,,FALSE
C102483,Rohit Kapoor,Female,39,Delhi,31-03-2025,Postpaid,1504.77,66209.88,44,DSL,1 Year,Bank Transfer,12,Yes,,FALSE
C102484,Rohit Sharma,Male,49,Delhi,13-12-2025,Postpaid,,26167.28,58,5G,1 Year,Bank Transfer,9,No,,FALSE
C102485,Rahul Sharma,Male,61,Kolkata,14-02-2025,Prepaid,1638.48,86839.44,53,None,2 Year,Card,2,No,,FALSE
C102486,Vikram Kapoor,Female,67,Delhi,18-12-2025,Prepaid,1924.98,38499.6,20,Fiber,2 Year,Cash,11,Yes,,FALSE
C102487,Ananya Sharma,Female,42,Hyderabad,20-11-2025,Postpaid,692.98,47122.64,68,Fiber,2 Year,Card,4,Yes,,FALSE
C102488,Ananya Sharma,Male,67,Kolkata,07-04-2025,Postpaid,989.86,10888.46,11,5G,Monthly,Card,4,No,,FALSE
C102489,Riya Gupta,Male,53,Kolkata,20-12-2025,Postpaid,619.99,21699.65,35,DSL,1 Year,Bank Transfer,11,No,,FALSE
C102490,Amit Paul,Female,74,Delhi,26-05-2025,Postpaid,817.3,13076.8,16,None,2 Year,Bank Transfer,4,Yes,,FALSE
C102491,Riya Ghosh,Female,71,Mumbai,01-09-2025,Postpaid,1966.65,21633.15,11,DSL,2 Year,UPI,0,Yes,,FALSE
C102492,Riya Sen,Female,44,Delhi,25-08-2025,Postpaid,1401.21,12610.89,9,5G,2 Year,Card,3,No,,FALSE
C102493,Sneha Dey,Male,61,Mumbai,05-08-2025,Postpaid,1686.39,26982.24,16,None,2 Year,UPI,10,Yes,,FALSE
C102494,Riya Dey,Male,21,Mumbai,16-12-2025,Postpaid,1055.43,12665.16,12,5G,1 Year,Cash,1,Yes,,FALSE
C102495,Neha Singh,Female,20,Kolkata,24-12-2025,Postpaid,1784.73,62465.55,35,DSL,2 Year,Card,5,No,,FALSE
C102496,Vikram Sen,Male,67,Bangalore,28-03-2025,Postpaid,1637.2,32744,20,5G,1 Year,Cash,9,Yes,,FALSE
C102497,Amit Kapoor,Female,60,Bangalore,21-05-2025,Postpaid,381.07,10288.89,27,None,Monthly,UPI,5,Yes,,FALSE
C102498,Riya Sharma,Female,74,Kolkata,02-01-2025,Postpaid,1719.85,15478.65,9,Fiber,Monthly,Cash,1,Yes,,FALSE
C102499,Sourav Das,Male,37,Chennai,16-09-2025,Prepaid,737.25,38337,52,Fiber,2 Year,Cash,5,No,,FALSE
C102500,Riya Sen,Female,29,Hyderabad,05-04-2025,Prepaid,1783.38,69551.82,39,None,2 Year,Cash,4,No,,FALSE
C102501,Vikram Dey,Male,47,Hyderabad,17-03-2025,Postpaid,,395.06,1,DSL,Monthly,Bank Transfer,1,Yes,,FALSE
C102502,Vikram Roy,Male,23,Bangalore,05-09-2025,Prepaid,1707.13,122913.36,72,None,2 Year,Cash,6,Yes,,FALSE
C102503,Sneha Dey,Male,27,Chennai,28-11-2025,Postpaid,1030.64,72144.8,70,None,Monthly,Cash,4,No,,FALSE
C102504,Priya Sharma,Male,66,Mumbai,16-12-2025,Postpaid,526.12,35776.16,68,Fiber,2 Year,UPI,7,Yes,,FALSE
C102505,Rahul Dey,Female,69,Hyderabad,27-12-2025,Postpaid,1127.61,36083.52,32,DSL,Monthly,UPI,7,Yes,,FALSE
C102506,Vikram Singh,Male,54,Hyderabad,22-12-2025,Postpaid,697.78,46053.48,66,None,2 Year,Bank Transfer,8,No,,FALSE
C102507,Amit Paul,Female,73,Delhi,31-01-2025,Postpaid,1886.58,99988.74,53,5G,2 Year,Bank Transfer,12,No,,FALSE
C102508,Sourav Gupta,Female,43,Delhi,13-12-2025,Postpaid,1049.79,43041.39,41,Fiber,2 Year,Card,8,Yes,,FALSE
C102509,Neha Ghosh,Male,46,Kolkata,10-04-2025,Postpaid,1146.3,40120.5,35,5G,Monthly,Card,0,Yes,,FALSE
C102510,Sneha Sharma,Male,45,Mumbai,19-07-2025,Postpaid,974.24,22407.52,23,5G,Monthly,Bank Transfer,7,Yes,,FALSE
C102511,Rahul Gupta,Female,33,Kolkata,15-07-2025,Prepaid,1339.04,2678.08,2,5G,Monthly,Cash,8,No,,FALSE
C102512,Sourav Gupta,Female,27,Kolkata,06-03-2025,Postpaid,761,15220,20,DSL,1 Year,UPI,0,No,,FALSE
C102513,Sourav Paul,Male,71,Mumbai,11-03-2025,Postpaid,978.05,26407.35,27,None,Monthly,Card,4,Yes,,FALSE
C102514,Sourav Roy,Male,27,Bangalore,13-03-2025,Prepaid,1903.25,131324.25,69,None,2 Year,Card,2,No,,FALSE
C102515,Sneha Sen,Female,66,Hyderabad,24-12-2025,Prepaid,472.41,12755.07,27,Fiber,2 Year,Bank Transfer,2,Yes,,FALSE
C102516,Riya Sharma,Female,34,,08-04-2025,Prepaid,646.5,3232.5,5,DSL,2 Year,UPI,10,Yes,,FALSE
C102517,Priya Roy,Female,52,Hyderabad,07-09-2025,Prepaid,923.13,33232.68,36,5G,1 Year,Card,7,Yes,,FALSE
C102518,Ananya Das,Female,55,Bangalore,20-10-2025,Postpaid,1660.61,112921.48,68,Fiber,2 Year,Cash,4,No,,FALSE
C102519,Amit Das,Female,72,Bangalore,07-12-2025,Prepaid,821.18,37774.28,46,None,2 Year,Card,6,No,,FALSE
C102520,Amit Gupta,Male,19,Hyderabad,05-11-2025,Postpaid,649.64,27284.88,42,5G,2 Year,Card,4,Yes,,FALSE
C102521,Neha Sharma,Male,51,Chennai,22-08-2025,Postpaid,661.75,47646,72,DSL,2 Year,Card,1,No,,FALSE
C102522,Neha Dey,Female,19,Chennai,12-12-2025,Postpaid,579.47,17963.57,31,5G,1 Year,UPI,10,Yes,,FALSE
C102523,Sourav Kapoor,Female,26,Hyderabad,10-12-2025,Prepaid,318.86,13710.98,43,None,2 Year,Cash,3,No,,FALSE
C102524,Rohit Paul,Female,49,Mumbai,14-03-2025,Postpaid,1099.75,59386.5,54,Fiber,2 Year,UPI,3,No,,FALSE
C102525,Riya Kapoor,Male,29,Mumbai,22-02-2025,Postpaid,548.28,21931.2,40,5G,2 Year,Cash,3,No,,FALSE
C102526,Sourav Sen,Female,36,Chennai,22-06-2025,Postpaid,1272.69,34362.63,27,Fiber,Monthly,Bank Transfer,5,No,,FALSE
C102527,Ananya Sen,Male,44,Bangalore,30-01-2025,Postpaid,1039.32,48848.04,47,DSL,Monthly,UPI,2,Yes,,FALSE
C102528,Riya Sen,Female,19,,12-07-2025,Prepaid,1550.71,29463.49,19,DSL,1 Year,Cash,10,No,,FALSE
C102529,Sneha Singh,Female,31,Delhi,16-10-2025,Prepaid,588.02,14112.48,24,Fiber,1 Year,Cash,0,Yes,,FALSE
C102530,Rahul Singh,Female,55,Bangalore,12-01-2025,Postpaid,355.75,5692,16,DSL,2 Year,Card,6,No,,FALSE
C102531,Vikram Paul,Male,37,Hyderabad,29-08-2025,Postpaid,,93613.74,58,5G,2 Year,Bank Transfer,1,No,,FALSE
C102532,Neha Sharma,Male,45,Bangalore,19-02-2025,Postpaid,1636.72,13093.76,8,5G,2 Year,Bank Transfer,10,Yes,,FALSE
C102533,Riya Sen,Female,18,Bangalore,11-08-2025,Postpaid,894.12,33082.44,37,5G,1 Year,Card,11,Yes,,FALSE
C102534,Rahul Ghosh,Male,52,Chennai,21-10-2025,Prepaid,1604.79,91473.03,57,5G,1 Year,Cash,5,Yes,,FALSE
C102535,Rohit Gupta,Female,53,Kolkata,31-10-2025,Prepaid,1051.25,26281.25,25,None,1 Year,Card,4,No,,FALSE
C102536,Neha Sen,Male,20,Bangalore,22-03-2025,Postpaid,1162.79,60465.08,52,Fiber,Monthly,Card,0,No,,FALSE
C102537,Amit Singh,Male,35,Delhi,29-04-2025,Postpaid,1662.77,84801.27,51,5G,2 Year,Cash,9,No,,FALSE
C102538,Priya Ghosh,Female,29,Kolkata,01-05-2025,Postpaid,616.33,9244.95,15,Fiber,Monthly,UPI,3,No,,FALSE
C102539,Rohit Kapoor,Female,73,Kolkata,03-06-2025,Prepaid,1012.33,40493.2,40,DSL,1 Year,Cash,4,No,,FALSE
C102540,Neha Das,Male,35,Bangalore,11-02-2025,Prepaid,1030.53,60801.27,59,DSL,Monthly,Bank Transfer,0,Yes,,FALSE
C102541,Ananya Dey,Female,64,Hyderabad,15-09-2025,Prepaid,1486.88,77317.76,52,Fiber,Monthly,Bank Transfer,1,No,,FALSE
C102542,Ananya Roy,Female,51,Hyderabad,05-12-2025,Postpaid,664.26,19263.54,29,Fiber,Monthly,Card,8,No,,FALSE
C102543,Rahul Roy,Female,38,Bangalore,09-04-2025,Prepaid,1601.91,1601.91,1,Fiber,Monthly,UPI,2,No,,FALSE
C102544,Priya Dey,Male,69,Delhi,14-10-2025,Prepaid,1754.46,80705.16,46,None,2 Year,UPI,9,No,,FALSE
C102545,Sourav Ghosh,Male,56,Delhi,22-06-2025,Prepaid,621.48,9322.2,15,Fiber,2 Year,Card,9,No,,FALSE
C102546,Sourav Gupta,Male,52,Bangalore,04-01-2025,Prepaid,437.52,24938.64,57,5G,2 Year,Card,9,Yes,,FALSE
C102547,Vikram Ghosh,Male,63,Bangalore,26-12-2025,Prepaid,1576.06,33097.26,21,None,Monthly,Card,9,Yes,,FALSE
C102548,Sneha Singh,Female,31,Mumbai,11-03-2025,Prepaid,425.18,7653.24,18,5G,Monthly,UPI,3,No,,FALSE
C102549,Riya Gupta,Female,73,Chennai,12-10-2025,Postpaid,1889.58,18895.8,10,None,Monthly,Cash,4,Yes,,FALSE
C102550,Amit Kapoor,Male,42,Hyderabad,17-01-2025,Prepaid,479.57,24937.64,52,Fiber,1 Year,Bank Transfer,1,No,,FALSE
C102551,Amit Das,Male,38,Chennai,09-08-2025,Prepaid,1444.42,90998.46,63,Fiber,2 Year,UPI,1,Yes,,FALSE
C102552,Neha Paul,Male,73,Mumbai,31-01-2025,Prepaid,1786.16,53584.8,30,5G,1 Year,Cash,9,Yes,,FALSE
C102553,Sneha Das,Female,21,Hyderabad,24-06-2025,Postpaid,1638.65,90125.75,55,Fiber,Monthly,Cash,10,Yes,,FALSE
C102554,Rahul Singh,Female,54,Kolkata,26-06-2025,Prepaid,1761.3,91587.6,52,Fiber,Monthly,Card,12,Yes,,FALSE
C102555,Rahul Dey,Male,71,Bangalore,21-05-2025,Prepaid,1646.43,46100.04,28,Fiber,1 Year,Bank Transfer,11,No,,FALSE
C102556,Priya Paul,Female,71,Kolkata,12-05-2025,Prepaid,1788.95,10733.7,6,DSL,1 Year,Cash,9,No,,FALSE
C102557,Ananya Sharma,Female,34,Kolkata,30-10-2025,Postpaid,1261.27,45405.72,36,Fiber,1 Year,Card,11,No,,FALSE
C102558,Neha Dey,Male,34,Hyderabad,13-11-2025,Postpaid,976.24,42954.56,44,Fiber,1 Year,Bank Transfer,2,No,,FALSE
C102559,Neha Sharma,Female,23,Chennai,03-07-2025,Postpaid,542.23,21689.2,40,None,1 Year,,5,Yes,,FALSE
C102560,Sourav Kapoor,Male,61,Chennai,26-06-2025,Prepaid,788.01,54372.69,69,Fiber,Monthly,Cash,4,No,,FALSE
C102561,Sourav Das,Female,26,Delhi,11-12-2025,Postpaid,1965.7,133667.6,68,5G,2 Year,UPI,2,No,,FALSE
C102562,Priya Das,Female,26,Bangalore,12-03-2025,Postpaid,1926.44,111733.52,58,None,Monthly,Card,4,Yes,,FALSE
C102563,Neha Kapoor,Female,35,Hyderabad,24-01-2025,Prepaid,1788.42,92997.84,52,None,1 Year,Cash,2,No,,FALSE
C102564,Rohit Sharma,Male,65,Kolkata,06-07-2025,Postpaid,1695.58,106821.54,63,DSL,Monthly,UPI,11,Yes,,FALSE
C102565,Sneha Ghosh,Male,38,Delhi,19-07-2025,Prepaid,763.98,14515.62,19,Fiber,2 Year,Bank Transfer,11,No,,FALSE
C102566,Riya Roy,Male,56,Delhi,29-01-2025,Postpaid,1792.57,89628.5,50,DSL,Monthly,Bank Transfer,11,Yes,,FALSE
C102567,Sneha Das,Female,39,Delhi,31-07-2025,Prepaid,1603.82,41699.32,26,5G,2 Year,Card,4,Yes,,FALSE
C102568,Priya Sharma,Male,33,Mumbai,24-10-2025,Postpaid,514.69,10293.8,20,5G,2 Year,Card,11,Yes,,FALSE
C102569,Priya Singh,Male,68,Chennai,06-09-2025,Prepaid,1843.91,66380.76,36,5G,2 Year,Card,10,No,,FALSE
C102570,Vikram Roy,Female,74,Kolkata,18-03-2025,Prepaid,1304.96,80907.52,62,Fiber,1 Year,Card,3,Yes,,FALSE
C102571,Neha Dey,Male,31,,25-02-2025,Prepaid,1357.6,85528.8,63,Fiber,2 Year,Cash,2,No,,FALSE
C102572,Riya Dey,Female,28,Mumbai,14-12-2025,Postpaid,883.47,46823.91,53,5G,2 Year,Cash,7,No,,FALSE
C102573,Sourav Sen,Female,67,Chennai,25-09-2025,Prepaid,1772.63,79768.35,45,DSL,2 Year,Cash,10,Yes,,FALSE
C102574,Amit Roy,Female,38,Mumbai,17-06-2025,Prepaid,801.23,32049.2,40,Fiber,1 Year,Card,8,Yes,,FALSE
C102575,Rohit Ghosh,Female,39,Mumbai,11-10-2025,Prepaid,1973.34,11840.04,6,None,Monthly,UPI,4,No,,FALSE
C102576,Sourav Sharma,Male,43,,07-10-2025,Postpaid,1038.75,63363.75,61,5G,1 Year,Cash,1,Yes,,FALSE
C102577,Priya Sen,Female,21,Chennai,04-07-2025,Prepaid,831.79,50739.19,61,Fiber,1 Year,Card,6,Yes,,FALSE
C102578,Rohit Das,Female,24,Delhi,23-04-2025,Prepaid,1116.3,5581.5,5,Fiber,Monthly,Cash,1,No,,FALSE
C102579,Neha Kapoor,Female,36,Delhi,29-12-2025,Postpaid,540.97,24884.62,46,5G,1 Year,Card,3,Yes,,FALSE
C102580,Priya Ghosh,Male,56,Mumbai,05-05-2025,Postpaid,463.36,28728.32,62,None,Monthly,Cash,9,No,,FALSE
C102581,Rahul Sen,Female,19,Mumbai,31-05-2025,Postpaid,341.76,4101.12,12,None,1 Year,Bank Transfer,8,No,,FALSE
C102582,Vikram Dey,Male,58,Bangalore,20-09-2025,Postpaid,1546.22,13915.98,9,Fiber,2 Year,Card,1,No,,FALSE
C102583,Rohit Sen,Female,54,Bangalore,23-04-2025,Prepaid,1147.54,22950.8,20,None,1 Year,UPI,3,Yes,,FALSE
C102584,Sneha Paul,Female,25,Delhi,13-10-2025,Prepaid,583.54,12254.34,21,None,Monthly,Bank Transfer,7,Yes,,FALSE
C102585,Vikram Sen,Female,61,Chennai,26-08-2025,Postpaid,1965.95,31455.2,16,None,1 Year,Cash,4,Yes,,FALSE
C102586,Sourav Kapoor,Female,47,Bangalore,07-01-2025,Prepaid,675.01,2025.03,3,None,1 Year,Card,2,Yes,,FALSE
C102587,Vikram Roy,Male,25,,19-04-2025,Postpaid,1637.65,39303.6,24,DSL,1 Year,Bank Transfer,12,No,,FALSE
C102588,Sneha Paul,Male,26,Mumbai,06-01-2025,Postpaid,743.43,40888.65,55,5G,2 Year,Cash,9,Yes,,FALSE
C102589,Sourav Kapoor,Male,60,Delhi,06-10-2025,Postpaid,1829.23,9146.15,5,DSL,Monthly,Card,3,No,,FALSE
C102590,Ananya Dey,Female,59,Chennai,15-10-2025,Prepaid,648.49,22048.66,34,Fiber,2 Year,Bank Transfer,12,No,,FALSE
C102591,Rohit Roy,Male,40,Kolkata,19-07-2025,Prepaid,,7290.79,13,None,2 Year,UPI,7,Yes,,FALSE
C102592,Sneha Kapoor,Female,37,Hyderabad,28-09-2025,Prepaid,1506.55,108471.6,72,Fiber,2 Year,Cash,,No,,FALSE
C102593,Vikram Ghosh,Female,55,Mumbai,07-02-2025,Prepaid,1872.72,84272.4,45,None,2 Year,Card,1,Yes,,FALSE
C102594,Sourav Ghosh,Female,66,Mumbai,08-09-2025,Postpaid,627.82,33274.46,53,None,1 Year,Cash,7,No,,FALSE
C102595,Vikram Kapoor,Male,41,Mumbai,08-06-2025,Prepaid,912.5,24637.5,27,None,1 Year,UPI,9,No,,FALSE
C102596,Vikram Dey,Female,32,Mumbai,10-08-2025,Postpaid,338.93,24402.96,72,DSL,Monthly,Card,9,Yes,,FALSE
C102597,Priya Ghosh,Male,61,Kolkata,18-02-2025,Prepaid,1743.19,109820.97,63,Fiber,Monthly,UPI,5,No,,FALSE
C102598,Amit Sen,Female,51,Delhi,13-09-2025,Prepaid,822.29,822.29,1,Fiber,1 Year,UPI,1,Yes,,FALSE
C102599,Priya Kapoor,Female,73,Bangalore,27-12-2025,Prepaid,1915.29,130239.72,68,5G,2 Year,UPI,5,No,,FALSE
C102600,Rahul Kapoor,Female,32,Chennai,21-10-2025,Postpaid,1423.52,96799.36,68,None,2 Year,Card,6,No,,FALSE
C102601,Sourav Das,Male,29,Mumbai,10-04-2025,Postpaid,1291.86,6459.3,5,DSL,1 Year,Bank Transfer,,Yes,,FALSE
C102602,Sourav Paul,Female,21,Mumbai,17-05-2025,Postpaid,1164.16,54715.52,47,None,Monthly,Bank Transfer,5,No,,FALSE
C102603,Riya Gupta,Male,57,Kolkata,01-03-2025,Postpaid,565.82,14711.32,26,5G,2 Year,UPI,7,No,,FALSE
C102604,Sourav Sharma,Female,31,Chennai,24-06-2025,Postpaid,1540.27,36966.48,24,None,Monthly,UPI,12,No,,FALSE
C102605,Ananya Dey,Female,61,Bangalore,30-10-2025,Postpaid,639.79,39027.19,61,DSL,2 Year,Card,6,No,,FALSE
C102606,Sourav Sen,Male,35,Bangalore,22-07-2025,Postpaid,385.8,24691.2,64,None,1 Year,Cash,12,No,,FALSE
C102607,Sourav Kapoor,Female,65,Chennai,21-11-2025,Postpaid,1180.01,50740.43,43,None,2 Year,UPI,5,No,,FALSE
C102608,Riya Singh,Female,71,Hyderabad,19-01-2025,Prepaid,766.63,23765.53,31,5G,Monthly,Bank Transfer,3,No,,FALSE
C102609,Rahul Dey,Female,49,Hyderabad,26-09-2025,Postpaid,1319.88,29037.36,22,5G,Monthly,Bank Transfer,5,Yes,,FALSE
C102610,Ananya Singh,Male,33,Bangalore,26-09-2025,Prepaid,1667.04,95021.28,57,5G,Monthly,Card,3,No,,FALSE
C102611,Neha Das,Male,43,Bangalore,04-11-2025,Postpaid,616.1,15402.5,25,5G,2 Year,UPI,11,No,,FALSE
C102612,Riya Sen,Male,69,Delhi,14-02-2025,Postpaid,1106.02,4424.08,4,Fiber,2 Year,Cash,,Yes,,FALSE
C102613,Ananya Das,Male,69,Hyderabad,14-03-2025,Postpaid,1724.33,56902.89,33,5G,2 Year,Card,8,No,,FALSE
C102614,Rohit Kapoor,Female,58,Delhi,28-11-2025,Postpaid,649.16,36352.96,56,5G,2 Year,Cash,6,Yes,,FALSE
C102615,Amit Gupta,Male,33,Chennai,14-11-2025,Postpaid,1745.3,48868.4,28,5G,Monthly,Bank Transfer,9,Yes,,FALSE
C102616,Neha Singh,Male,68,Kolkata,15-02-2025,Prepaid,1503.81,10526.67,7,DSL,2 Year,Cash,6,Yes,,FALSE
C102617,Neha Ghosh,Male,48,Bangalore,03-06-2025,Postpaid,486.3,33554.7,69,None,1 Year,Cash,3,Yes,,FALSE
C102618,Rohit Singh,Male,33,Delhi,17-08-2025,Postpaid,,3075.3,3,5G,2 Year,Cash,8,Yes,,FALSE
C102619,Ananya Roy,Female,72,Kolkata,06-04-2025,Postpaid,337.98,14871.12,44,Fiber,2 Year,,8,No,,FALSE
C102620,Rahul Gupta,Male,39,Hyderabad,25-12-2025,Prepaid,1584.57,88735.92,56,DSL,2 Year,Card,3,No,,FALSE
C102621,Amit Sen,Female,24,Bangalore,10-05-2025,Postpaid,1267.98,35503.44,28,5G,2 Year,UPI,11,Yes,,FALSE
C102622,Vikram Gupta,Male,33,Delhi,22-12-2025,Prepaid,998.08,63877.12,64,None,2 Year,UPI,12,Yes,,FALSE
C102623,Ananya Das,Male,58,Bangalore,17-05-2025,Prepaid,1735.54,90248.08,52,None,Monthly,Cash,8,Yes,,FALSE
C102624,Rohit Gupta,Female,66,Chennai,11-04-2025,Prepaid,1456.24,100480.56,69,DSL,1 Year,Bank Transfer,7,Yes,,FALSE
C102625,Rahul Singh,Female,45,Chennai,08-03-2025,Postpaid,1420.89,61098.27,43,DSL,2 Year,UPI,9,Yes,,FALSE
C102626,Vikram Dey,Male,30,Hyderabad,19-07-2025,Postpaid,1772.68,28362.88,16,DSL,2 Year,UPI,6,No,,FALSE
C102627,Neha Dey,Female,65,Delhi,17-05-2025,Prepaid,852.56,57121.52,67,5G,2 Year,Card,0,Yes,,FALSE
C102628,Ananya Kapoor,Male,29,Hyderabad,25-06-2025,Prepaid,1082.98,5414.9,5,None,2 Year,UPI,1,No,,FALSE
C102629,Rahul Roy,Female,28,Bangalore,11-04-2025,Prepaid,1715.79,46326.33,27,Fiber,2 Year,Card,3,No,,FALSE
C102630,Rahul Sen,Male,72,Bangalore,02-11-2025,Prepaid,898.46,46719.92,52,5G,1 Year,UPI,12,Yes,,FALSE
C102631,Amit Sharma,Male,61,Mumbai,18-11-2025,Postpaid,653.42,39205.2,60,DSL,Monthly,Bank Transfer,0,Yes,,FALSE
C102632,Vikram Roy,Male,36,Hyderabad,16-07-2025,Prepaid,639.81,10876.77,17,Fiber,1 Year,UPI,12,Yes,,FALSE
C102633,Rahul Ghosh,Female,54,Chennai,28-05-2025,Postpaid,,57228.48,31,DSL,2 Year,Bank Transfer,7,No,,FALSE
C102634,Neha Dey,Male,56,,18-06-2025,Postpaid,1803.46,104600.68,58,DSL,2 Year,UPI,5,Yes,,FALSE
C102635,Sneha Dey,Male,52,Bangalore,21-05-2025,Prepaid,1125.23,23629.83,21,5G,Monthly,Bank Transfer,2,No,,FALSE
C102636,Vikram Dey,Male,41,Delhi,23-06-2025,Prepaid,1464.45,87867,60,DSL,Monthly,UPI,9,No,,FALSE
C102637,Rohit Dey,Female,64,Bangalore,22-02-2025,Postpaid,1735.44,74623.92,43,Fiber,2 Year,Bank Transfer,8,No,,FALSE
C102638,Ananya Sharma,Male,55,Hyderabad,11-05-2025,Postpaid,1803.12,27046.8,15,None,2 Year,Bank Transfer,0,Yes,,FALSE
C102639,Sourav Paul,Female,39,Delhi,30-06-2025,Prepaid,1053.15,4212.6,4,5G,1 Year,UPI,0,Yes,,FALSE
C102640,Ananya Singh,Female,60,Bangalore,18-11-2025,Postpaid,1058.28,21165.6,20,None,1 Year,Bank Transfer,9,Yes,,FALSE
C102641,Priya Roy,Male,41,Chennai,18-08-2025,Prepaid,1793.95,66376.15,37,5G,2 Year,Card,7,No,,FALSE
C102642,Rahul Singh,Female,57,Delhi,04-11-2025,Postpaid,327.95,1639.75,5,5G,2 Year,Cash,7,No,,FALSE
C102643,Amit Sen,Female,64,Bangalore,04-12-2025,Postpaid,1040.84,14571.76,14,Fiber,Monthly,Bank Transfer,5,Yes,,FALSE
C102644,Riya Kapoor,Female,39,Delhi,16-11-2025,Prepaid,1880.22,7520.88,4,None,1 Year,UPI,12,Yes,,FALSE
C102645,Riya Kapoor,Female,67,Mumbai,02-02-2025,Postpaid,1133.39,22667.8,20,5G,Monthly,Card,4,Yes,,FALSE
C102646,Rohit Ghosh,Female,49,Chennai,04-05-2025,Postpaid,394,2758,7,5G,1 Year,Bank Transfer,5,No,,FALSE
C102647,Sourav Dey,Male,69,Mumbai,10-07-2025,Postpaid,1927.97,46271.28,24,None,1 Year,UPI,8,No,,FALSE
C102648,Neha Das,Male,66,Chennai,02-08-2025,Prepaid,811.59,811.59,1,5G,Monthly,UPI,7,Yes,,FALSE
C102649,Vikram Ghosh,Male,41,Kolkata,17-11-2025,Postpaid,1455.84,62601.12,43,DSL,Monthly,Cash,8,No,,FALSE
C102650,Neha Sen,Male,74,Hyderabad,15-12-2025,Postpaid,1622.34,9734.04,6,Fiber,2 Year,Bank Transfer,10,Yes,,FALSE
C102651,Vikram Sen,Male,23,Kolkata,25-02-2025,Postpaid,925.54,4627.7,5,DSL,Monthly,UPI,2,No,,FALSE
C102652,Sneha Sen,Male,36,Chennai,10-08-2025,Prepaid,355.06,2485.42,7,None,2 Year,UPI,2,Yes,,FALSE
C102653,Riya Dey,Male,60,Hyderabad,02-02-2025,Prepaid,1222.68,37903.08,31,5G,1 Year,Cash,8,Yes,,FALSE
C102654,Sourav Kapoor,Male,66,,20-05-2025,Prepaid,1612.97,85487.41,53,Fiber,2 Year,Card,4,Yes,,FALSE
C102655,Sourav Kapoor,Female,29,Bangalore,23-05-2025,Prepaid,615.79,23400.02,38,None,1 Year,Bank Transfer,0,No,,FALSE
C102656,Amit Gupta,Female,47,Bangalore,03-05-2025,Postpaid,629.01,45288.72,72,5G,2 Year,UPI,10,No,,FALSE
C102657,Neha Roy,Female,46,Bangalore,27-09-2025,Postpaid,762.46,29735.94,39,Fiber,1 Year,Bank Transfer,6,Yes,,FALSE
C102658,Ananya Ghosh,Female,68,Bangalore,09-06-2025,Prepaid,722.85,31082.55,43,DSL,2 Year,Bank Transfer,0,Yes,,FALSE
C102659,Neha Sharma,Female,58,Delhi,29-10-2025,Postpaid,1645.81,80644.69,49,None,1 Year,UPI,1,Yes,,FALSE
C102660,Amit Sen,Male,71,,16-07-2025,Postpaid,1279.12,23024.16,18,DSL,Monthly,UPI,3,No,,FALSE
C102661,Vikram Singh,Male,31,Bangalore,12-12-2025,Prepaid,1125.15,33754.5,30,DSL,2 Year,Cash,7,No,,FALSE
C102662,Riya Dey,Male,63,Kolkata,16-05-2025,Postpaid,1937.22,129793.74,67,5G,2 Year,Cash,10,No,,FALSE
C102663,Ananya Gupta,Female,61,Chennai,13-12-2025,Prepaid,1425.41,82673.78,58,Fiber,1 Year,,1,Yes,,FALSE
C102664,Rohit Singh,Female,43,Mumbai,01-08-2025,Prepaid,1406.82,87222.84,62,DSL,1 Year,UPI,5,No,,FALSE
C102665,Ananya Sen,Female,24,Delhi,01-04-2025,Prepaid,1934.62,63842.46,33,Fiber,1 Year,Card,1,No,,FALSE
C102666,Priya Ghosh,Male,46,Kolkata,08-05-2025,Postpaid,1074.05,35443.65,33,Fiber,2 Year,UPI,9,No,,FALSE
C102667,Sourav Ghosh,Male,60,Mumbai,25-04-2025,Postpaid,1666.59,4999.77,3,5G,Monthly,UPI,10,No,,FALSE
C102668,Neha Dey,Female,30,Bangalore,30-07-2025,Prepaid,1715.02,41160.48,24,DSL,1 Year,UPI,12,No,,FALSE
C102669,Priya Sharma,Female,26,Kolkata,16-09-2025,Prepaid,646.57,17457.39,27,None,Monthly,UPI,5,Yes,,FALSE
C102670,Ananya Gupta,Female,26,Chennai,28-07-2025,Postpaid,1197.87,13176.57,11,Fiber,1 Year,Card,7,Yes,,FALSE
C102671,Neha Kapoor,Male,63,Kolkata,29-05-2025,Prepaid,896.29,21510.96,24,5G,2 Year,Card,0,No,,FALSE
C102672,Riya Ghosh,Male,73,Mumbai,21-01-2025,Postpaid,1365.77,1365.77,1,Fiber,Monthly,Card,2,Yes,,FALSE
C102673,Rohit Ghosh,Male,43,Bangalore,26-02-2025,Postpaid,1298.05,92161.55,71,None,Monthly,,0,No,,FALSE
C102674,Riya Singh,Male,33,Kolkata,02-04-2025,Postpaid,1335.3,14688.3,11,None,1 Year,Bank Transfer,6,Yes,,FALSE
C102675,Priya Kapoor,Female,29,Delhi,19-09-2025,Prepaid,641.12,18592.48,29,None,Monthly,Bank Transfer,7,No,,FALSE
C102676,Riya Roy,Male,39,Hyderabad,04-05-2025,Postpaid,553.64,24360.16,44,None,2 Year,,2,No,,FALSE
C102677,Rahul Ghosh,Female,64,Chennai,07-09-2025,Prepaid,490.65,20116.65,41,None,2 Year,UPI,5,No,,FALSE
C102678,Priya Dey,Male,22,Bangalore,21-08-2025,Prepaid,,19505,10,DSL,Monthly,Bank Transfer,12,Yes,,FALSE
C102679,Sneha Sharma,Female,54,Delhi,29-09-2025,Postpaid,1591.41,47742.3,30,5G,Monthly,Cash,5,No,,FALSE
C102680,Neha Singh,Male,70,Mumbai,25-02-2025,Prepaid,1822.85,14582.8,8,Fiber,Monthly,Bank Transfer,2,No,,FALSE
C102681,Vikram Ghosh,Female,61,Hyderabad,26-02-2025,Prepaid,999.85,33994.9,34,DSL,2 Year,UPI,4,Yes,,FALSE
C102682,Rohit Dey,Male,72,Delhi,20-02-2025,Prepaid,848.09,7632.81,9,DSL,Monthly,Bank Transfer,6,No,,FALSE
C102683,Sourav Sen,Male,64,Kolkata,11-06-2025,Postpaid,680.26,21768.32,32,5G,2 Year,Bank Transfer,3,No,,FALSE
C102684,Vikram Singh,Male,62,Bangalore,15-05-2025,Prepaid,303.93,2127.51,7,None,1 Year,UPI,10,Yes,,FALSE
C102685,Rohit Gupta,Male,24,Kolkata,05-04-2025,Postpaid,317.23,19033.8,60,DSL,2 Year,Card,3,No,,FALSE
C102686,Vikram Ghosh,Female,23,Chennai,25-02-2025,Postpaid,1390.3,80637.4,58,None,2 Year,Cash,5,Yes,,FALSE
C102687,Sneha Paul,Male,40,Kolkata,26-12-2025,Prepaid,1138.09,14795.17,13,Fiber,2 Year,Bank Transfer,11,No,,FALSE
C102688,Neha Dey,Male,75,Mumbai,30-11-2025,Prepaid,,17771.27,11,None,2 Year,Card,6,No,,FALSE
C102689,Neha Singh,Female,59,Kolkata,17-07-2025,Postpaid,346.48,22174.72,64,5G,1 Year,Card,11,No,,FALSE
C102690,Ananya Gupta,Male,54,Hyderabad,12-09-2025,Postpaid,1882.37,48941.62,26,5G,Monthly,Bank Transfer,6,Yes,,FALSE
C102691,Ananya Kapoor,Male,73,Hyderabad,04-04-2025,Postpaid,1096.26,2192.52,2,Fiber,2 Year,Card,6,Yes,,FALSE
C102692,Sourav Das,Male,66,Chennai,12-08-2025,Prepaid,1961.93,33352.81,17,Fiber,Monthly,Card,6,Yes,,FALSE
C102693,Neha Sharma,Male,55,Hyderabad,28-08-2025,Prepaid,1301.26,11711.34,9,Fiber,Monthly,Card,7,No,,FALSE
C102694,Ananya Dey,Female,60,Bangalore,09-09-2025,Postpaid,1195.55,26302.1,22,Fiber,Monthly,Bank Transfer,10,No,,FALSE
C102695,Priya Das,Female,26,Bangalore,28-11-2025,Postpaid,1160.08,58004,50,5G,1 Year,UPI,7,No,,FALSE
C102696,Ananya Kapoor,Male,30,Chennai,27-03-2025,Prepaid,1933.98,79293.18,41,Fiber,1 Year,UPI,3,No,,FALSE
C102697,Neha Gupta,Female,43,Hyderabad,29-09-2025,Prepaid,1753.32,54352.92,31,5G,Monthly,UPI,7,No,,FALSE
C102698,Rohit Dey,Female,24,Hyderabad,31-08-2025,Prepaid,1092.86,60107.3,55,5G,2 Year,UPI,8,Yes,,FALSE
C102699,Riya Singh,Female,64,Delhi,13-09-2025,Postpaid,1132.11,16981.65,15,DSL,1 Year,Bank Transfer,10,No,,FALSE
C102700,Sourav Paul,Female,31,Kolkata,01-04-2025,Postpaid,698.83,48219.27,69,DSL,Monthly,UPI,9,Yes,,FALSE
C102701,Sourav Paul,Male,21,Mumbai,15-07-2025,Postpaid,,88959.5,49,Fiber,2 Year,UPI,9,No,,FALSE
C102702,Sneha Sharma,Male,55,Hyderabad,09-02-2025,Prepaid,657.39,16434.75,25,None,2 Year,Card,0,No,,FALSE
C102703,Vikram Gupta,Female,59,Mumbai,01-05-2025,Postpaid,1200.63,61232.13,51,5G,Monthly,Cash,11,Yes,,FALSE
C102704,Rohit Dey,Female,21,Delhi,03-09-2025,Prepaid,1315.98,23687.64,18,Fiber,Monthly,Card,6,Yes,,FALSE
C102705,Sneha Paul,Male,36,Mumbai,12-03-2025,Prepaid,506.77,24324.96,48,Fiber,1 Year,Cash,8,No,,FALSE
C102706,Neha Singh,Female,39,Delhi,26-11-2025,Prepaid,1647.47,3294.94,2,5G,1 Year,Cash,11,No,,FALSE
C102707,Neha Das,Female,64,Delhi,15-04-2025,Prepaid,1626.66,100852.92,62,DSL,2 Year,Bank Transfer,3,No,,FALSE
C102708,Sneha Dey,Male,59,Kolkata,20-12-2025,Postpaid,649.87,26644.67,41,None,1 Year,UPI,9,Yes,,FALSE
C102709,Neha Singh,Male,75,Hyderabad,07-04-2025,Postpaid,567.47,33480.73,59,5G,1 Year,Bank Transfer,6,Yes,,FALSE
C102710,Neha Das,Female,74,Chennai,13-07-2025,Postpaid,634.03,20922.99,33,Fiber,2 Year,Bank Transfer,5,Yes,,FALSE
C102711,Neha Singh,Female,43,Kolkata,31-01-2025,Prepaid,686.31,24020.85,35,Fiber,1 Year,Card,7,No,,FALSE
C102712,Neha Roy,Male,34,Kolkata,24-02-2025,Prepaid,891.97,22299.25,25,None,2 Year,UPI,3,Yes,,FALSE
C102713,Ananya Sen,Female,66,Chennai,21-11-2025,Prepaid,927.51,29680.32,32,Fiber,Monthly,Bank Transfer,11,No,,FALSE
C102714,Ananya Kapoor,Male,20,Hyderabad,17-02-2025,Postpaid,808.27,20206.75,25,5G,2 Year,Card,6,Yes,,FALSE
C102715,Rohit Kapoor,Male,37,Kolkata,02-04-2025,Prepaid,1843.61,79275.23,43,DSL,1 Year,Bank Transfer,12,No,,FALSE
C102716,Sneha Paul,Female,57,Kolkata,08-09-2025,Prepaid,543.95,11966.9,22,None,Monthly,Bank Transfer,3,No,,FALSE
C102717,Neha Ghosh,Female,42,Bangalore,17-12-2025,Prepaid,1851.22,92561,50,Fiber,1 Year,UPI,12,Yes,,FALSE
C102718,Priya Sharma,Female,54,Chennai,03-07-2025,Prepaid,1749.5,118966,68,None,Monthly,Bank Transfer,2,Yes,,FALSE
C102719,Rahul Roy,Male,34,Delhi,21-11-2025,Prepaid,1557.36,17130.96,11,None,1 Year,Cash,1,No,,FALSE
C102720,Ananya Kapoor,Female,50,Hyderabad,13-02-2025,Postpaid,1838.26,11029.56,6,5G,Monthly,Card,3,Yes,,FALSE
C102721,Rahul Roy,Female,45,Chennai,04-02-2025,Postpaid,910.42,46431.42,51,None,2 Year,Bank Transfer,8,Yes,,FALSE
C102722,Riya Dey,Male,46,Chennai,31-01-2025,Postpaid,1432.87,18627.31,13,DSL,2 Year,Bank Transfer,9,Yes,,FALSE
C102723,Priya Das,Female,28,Mumbai,20-10-2025,Postpaid,1683.55,18519.05,11,Fiber,1 Year,UPI,4,Yes,,FALSE
C102724,Vikram Ghosh,Female,66,Chennai,25-10-2025,Prepaid,666.88,7335.68,11,Fiber,1 Year,Card,6,No,,FALSE
C102725,Amit Sharma,Male,27,Bangalore,04-06-2025,Prepaid,1838.8,1838.8,1,DSL,Monthly,Bank Transfer,11,No,,FALSE
C102726,Vikram Kapoor,Female,45,Delhi,16-11-2025,Postpaid,1171.93,76175.45,65,Fiber,2 Year,Card,7,Yes,,FALSE
C102727,Sourav Gupta,Female,69,Chennai,22-02-2025,Postpaid,719.4,11510.4,16,5G,1 Year,UPI,5,Yes,,FALSE
C102728,Vikram Sharma,Male,68,Kolkata,08-04-2025,Prepaid,1521.85,30437,20,5G,Monthly,Card,1,No,,FALSE
C102729,Sneha Singh,Male,43,Chennai,09-05-2025,Prepaid,1603.75,110658.75,69,DSL,Monthly,Bank Transfer,6,Yes,,FALSE
C102730,Sneha Roy,Male,43,Mumbai,10-06-2025,Prepaid,1716.17,106402.54,62,5G,Monthly,Card,8,No,,FALSE
C102731,Riya Kapoor,Male,46,Delhi,10-03-2025,Prepaid,1682.02,10092.12,6,None,2 Year,Cash,11,No,,FALSE
C102732,Vikram Gupta,Female,48,Mumbai,08-02-2025,Prepaid,387.08,15096.12,39,None,2 Year,Bank Transfer,2,No,,FALSE
C102733,Sneha Sharma,Female,71,Kolkata,10-01-2025,Postpaid,333.79,2336.53,7,DSL,1 Year,Cash,12,Yes,,FALSE
C102734,Ananya Singh,Male,40,Bangalore,08-12-2025,Prepaid,609.84,21954.24,36,DSL,1 Year,Cash,12,Yes,,FALSE
C102735,Amit Sen,Male,55,Chennai,28-03-2025,Prepaid,841.41,59740.11,71,None,2 Year,Card,10,Yes,,FALSE
C102736,Sourav Dey,Male,67,Bangalore,21-01-2025,Postpaid,1232.78,72734.02,59,DSL,2 Year,Card,5,No,,FALSE
C102737,Neha Paul,Female,67,Chennai,01-05-2025,Prepaid,433.42,13002.6,30,Fiber,2 Year,Cash,10,Yes,,FALSE
C102738,Ananya Sen,Female,61,Hyderabad,28-08-2025,Prepaid,1405.36,15458.96,11,5G,Monthly,Cash,10,Yes,,FALSE
C102739,Vikram Dey,Female,49,Chennai,25-05-2025,Postpaid,936.43,58058.66,62,DSL,1 Year,Cash,6,No,,FALSE
C102740,Priya Sen,Male,63,Delhi,24-10-2025,Postpaid,,27643.68,54,Fiber,2 Year,Bank Transfer,8,No,,FALSE
C102741,Amit Roy,Female,65,Chennai,20-06-2025,Postpaid,771.44,35486.24,46,Fiber,Monthly,Card,11,Yes,,FALSE
C102742,Ananya Singh,Male,65,Chennai,31-07-2025,Prepaid,1339.97,56278.74,42,5G,Monthly,UPI,0,No,,FALSE
C102743,Sneha Kapoor,Male,49,Bangalore,02-07-2025,Prepaid,881.46,35258.4,40,5G,2 Year,UPI,4,Yes,,FALSE
C102744,Amit Roy,Male,49,Delhi,10-03-2025,Postpaid,1143.27,35441.37,31,None,2 Year,Cash,0,Yes,,FALSE
C102745,Vikram Das,Male,74,Chennai,11-02-2025,Postpaid,667.01,15341.23,23,Fiber,2 Year,Card,5,No,,FALSE
C102746,Ananya Roy,Male,61,Kolkata,24-03-2025,Postpaid,1559.93,88916.01,57,5G,2 Year,Cash,3,No,,FALSE
C102747,Rohit Paul,Male,75,Mumbai,23-02-2025,Prepaid,418.56,11719.68,28,None,Monthly,Card,0,No,,FALSE
C102748,Neha Singh,Male,64,Kolkata,01-05-2025,Prepaid,1627.5,69982.5,43,Fiber,Monthly,Cash,4,No,,FALSE
C102749,Rahul Roy,Male,63,Chennai,20-03-2025,Postpaid,1450.77,17409.24,12,Fiber,2 Year,Bank Transfer,0,Yes,,FALSE
C102750,Rohit Kapoor,Male,46,Bangalore,21-11-2025,Postpaid,528.02,3168.12,6,None,2 Year,Card,2,Yes,,FALSE
C102751,Rahul Sen,Male,36,Kolkata,24-05-2025,Prepaid,1764.19,109379.78,62,5G,2 Year,Cash,4,Yes,,FALSE
C102752,Amit Das,Male,64,Bangalore,04-07-2025,Prepaid,820.54,22154.58,27,Fiber,Monthly,Bank Transfer,6,Yes,,FALSE
C102753,Priya Sen,Male,22,Mumbai,22-06-2025,Postpaid,1368.31,2736.62,2,5G,2 Year,Cash,9,No,,FALSE
C102754,Amit Roy,Male,26,Chennai,02-07-2025,Postpaid,1524.28,10669.96,7,None,Monthly,UPI,7,No,,FALSE
C102755,Neha Dey,Female,68,Hyderabad,11-10-2025,Postpaid,1507.31,15073.1,10,None,1 Year,Cash,11,No,,FALSE
C102756,Riya Gupta,Male,41,Mumbai,20-04-2025,Prepaid,669.15,6022.35,9,DSL,2 Year,,10,Yes,,FALSE
C102757,Sneha Sharma,Female,20,Delhi,01-03-2025,Postpaid,1160.35,41772.6,36,5G,1 Year,Cash,8,Yes,,FALSE
C102758,Sneha Singh,Male,59,Chennai,12-10-2025,Prepaid,1707.11,100719.49,59,None,2 Year,Cash,12,No,,FALSE
C102759,Priya Ghosh,Female,64,Delhi,19-09-2025,Postpaid,720.56,4323.36,6,DSL,2 Year,UPI,12,No,,FALSE
C102760,Rahul Ghosh,Female,33,Delhi,04-11-2025,Prepaid,1523.5,77698.5,51,DSL,2 Year,Card,7,Yes,,FALSE
C102761,Sourav Sen,Female,61,Bangalore,22-08-2025,Prepaid,726.83,29800.03,41,DSL,Monthly,Cash,10,Yes,,FALSE
C102762,Vikram Singh,Male,67,Kolkata,18-12-2025,Postpaid,634.27,29176.42,46,5G,2 Year,Bank Transfer,11,No,,FALSE
C102763,Rohit Singh,Male,66,Bangalore,22-09-2025,Postpaid,1444.41,41887.89,29,None,1 Year,Card,10,Yes,,FALSE
C102764,Rahul Sharma,Female,69,Mumbai,14-12-2025,Prepaid,1594.89,22328.46,14,5G,Monthly,Bank Transfer,7,Yes,,FALSE
C102765,Priya Gupta,Female,25,Hyderabad,09-09-2025,Prepaid,800.58,18413.34,23,5G,Monthly,UPI,11,No,,FALSE
C102766,Priya Dey,Female,53,Delhi,20-05-2025,Prepaid,994.05,54672.75,55,None,Monthly,Bank Transfer,4,No,,FALSE
C102767,Sourav Gupta,Male,21,Kolkata,09-01-2025,Prepaid,1256.02,42704.68,34,None,1 Year,UPI,3,Yes,,FALSE
C102768,Rahul Singh,Female,28,Mumbai,15-01-2025,Postpaid,1086.51,45633.42,42,DSL,Monthly,Bank Transfer,6,No,,FALSE
C102769,Neha Gupta,Female,67,Chennai,14-12-2025,Prepaid,,85795.6,68,DSL,2 Year,UPI,4,Yes,,FALSE
C102770,Riya Paul,Male,50,Delhi,26-07-2025,Prepaid,1663.76,21628.88,13,5G,1 Year,UPI,4,Yes,,FALSE
C102771,Vikram Kapoor,Female,24,Mumbai,11-03-2025,Prepaid,399.62,9990.5,25,Fiber,1 Year,Bank Transfer,11,No,,FALSE
C102772,Priya Roy,Female,70,Delhi,01-11-2025,Prepaid,463.73,22259.04,48,None,Monthly,UPI,3,No,,FALSE
C102773,Amit Ghosh,Female,33,Hyderabad,29-08-2025,Postpaid,759.38,44803.42,59,Fiber,2 Year,Bank Transfer,3,No,,FALSE
C102774,Amit Sen,Male,26,Kolkata,22-06-2025,Postpaid,454.4,18630.4,41,Fiber,2 Year,UPI,1,Yes,,FALSE
C102775,Rahul Gupta,Male,58,Mumbai,25-07-2025,Prepaid,346.21,6231.78,18,Fiber,Monthly,Bank Transfer,2,Yes,,FALSE
C102776,Sourav Gupta,Male,22,Hyderabad,07-07-2025,Prepaid,749.12,29964.8,40,5G,2 Year,Card,5,No,,FALSE
C102777,Priya Ghosh,Female,25,Delhi,14-03-2025,Postpaid,1714.28,27428.48,16,Fiber,2 Year,Bank Transfer,5,No,,FALSE
C102778,Ananya Dey,Male,31,Bangalore,29-09-2025,Prepaid,1596.42,90995.94,57,5G,Monthly,UPI,4,No,,FALSE
C102779,Amit Sen,Female,20,Chennai,09-07-2025,Prepaid,1657.42,39778.08,24,5G,2 Year,UPI,11,Yes,,FALSE
C102780,Amit Dey,Male,60,Delhi,15-01-2025,Postpaid,1788.02,76884.86,43,5G,Monthly,Cash,11,Yes,,FALSE
C102781,Ananya Singh,Female,55,Mumbai,03-07-2025,Prepaid,1673.1,97039.8,58,5G,2 Year,Cash,7,No,,FALSE
C102782,Rohit Paul,Female,48,Delhi,28-10-2025,Prepaid,783.97,25871.01,33,Fiber,1 Year,Cash,4,Yes,,FALSE
C102783,Neha Dey,Male,21,Bangalore,02-06-2025,Postpaid,313.81,17573.36,56,DSL,2 Year,Cash,5,No,,FALSE
C102784,Neha Sen,Female,69,Hyderabad,29-05-2025,Postpaid,1143.63,30878.01,27,Fiber,2 Year,,2,Yes,,FALSE
C102785,Amit Ghosh,Female,19,Delhi,12-04-2025,Postpaid,340.41,11233.53,33,Fiber,Monthly,Cash,0,Yes,,FALSE
C102786,Riya Paul,Male,27,Bangalore,11-03-2025,Postpaid,1095.85,36163.05,33,Fiber,2 Year,Cash,4,Yes,,FALSE
C102787,Sneha Roy,Female,25,Kolkata,29-11-2025,Prepaid,1614.55,82342.05,51,5G,Monthly,Bank Transfer,4,Yes,,FALSE
C102788,Amit Sen,Female,47,Kolkata,13-09-2025,Postpaid,1273.45,91688.4,72,None,2 Year,Bank Transfer,5,No,,FALSE
C102789,Ananya Gupta,Male,56,Mumbai,18-08-2025,Prepaid,1508.13,69373.98,46,Fiber,1 Year,Bank Transfer,10,Yes,,FALSE
C102790,Amit Roy,Female,46,Kolkata,24-03-2025,Prepaid,1198.44,16778.16,14,DSL,1 Year,Card,7,No,,FALSE
C102791,Rohit Sharma,Female,24,Kolkata,23-05-2025,Postpaid,993.71,59622.6,60,5G,2 Year,Bank Transfer,1,Yes,,FALSE
C102792,Vikram Das,Male,28,Kolkata,29-06-2025,Prepaid,941.21,66825.91,71,DSL,2 Year,Card,8,Yes,,FALSE
C102793,Rohit Ghosh,Female,20,Mumbai,27-09-2025,Prepaid,1616.41,100217.42,62,None,1 Year,Cash,7,No,,FALSE
C102794,Ananya Singh,Male,29,Mumbai,24-11-2025,Postpaid,1361.42,36758.34,27,DSL,2 Year,Card,11,No,,FALSE
C102795,Neha Roy,Male,51,Delhi,03-03-2025,Prepaid,1332.45,37308.6,28,Fiber,Monthly,Cash,0,No,,FALSE
C102796,Sneha Singh,Female,46,Chennai,08-12-2025,Postpaid,414.11,9110.42,22,5G,Monthly,Cash,1,No,,FALSE
C102797,Priya Sharma,Female,75,Mumbai,03-01-2025,Prepaid,1108.88,51008.48,46,Fiber,2 Year,Cash,3,Yes,,FALSE
C102798,Neha Sen,Male,60,Bangalore,19-08-2025,Prepaid,386.96,18187.12,47,Fiber,Monthly,Cash,,No,,FALSE
C102799,Rahul Roy,Female,23,Hyderabad,11-07-2025,Prepaid,1178.23,47129.2,40,DSL,1 Year,UPI,0,Yes,,FALSE
C102800,Vikram Gupta,Male,48,Mumbai,04-03-2025,Postpaid,592.8,11856,20,5G,Monthly,Card,9,No,,FALSE
C102801,Amit Sen,Male,54,Kolkata,17-06-2025,Postpaid,1612.12,85442.36,53,5G,Monthly,Cash,5,No,,FALSE
C102802,Sneha Sharma,Male,68,,02-01-2025,Postpaid,635.09,2540.36,4,Fiber,1 Year,Bank Transfer,0,Yes,,FALSE
C102803,Sneha Sharma,Male,68,Bangalore,20-09-2025,Postpaid,506,18216,36,None,2 Year,Bank Transfer,8,No,,FALSE
C102804,Ananya Sharma,Female,38,Chennai,19-02-2025,Postpaid,1459.71,64227.24,44,5G,Monthly,Bank Transfer,9,No,,FALSE
C102805,Neha Singh,Female,29,Mumbai,17-08-2025,Prepaid,963.41,30829.12,32,None,1 Year,UPI,8,Yes,,FALSE
C102806,Sneha Dey,Female,36,Hyderabad,15-06-2025,Prepaid,365.91,6586.38,18,5G,1 Year,Card,1,No,,FALSE
C102807,Sneha Singh,Male,74,Chennai,27-05-2025,Prepaid,742.34,37117,50,None,2 Year,Cash,7,No,,FALSE
C102808,Vikram Kapoor,Female,20,Chennai,11-06-2025,Postpaid,1244.05,70910.85,57,5G,2 Year,UPI,12,Yes,,FALSE
C102809,Sourav Gupta,Male,21,Bangalore,29-05-2025,Prepaid,,71225.07,51,None,2 Year,Card,10,No,,FALSE
C102810,Riya Sharma,Male,52,Mumbai,23-05-2025,Prepaid,667.26,27357.66,41,Fiber,1 Year,Bank Transfer,5,Yes,,FALSE
C102811,Riya Dey,Male,75,Delhi,14-08-2025,Prepaid,1968.7,66935.8,34,5G,Monthly,Cash,10,Yes,,FALSE
C102812,Vikram Gupta,Female,42,Bangalore,24-10-2025,Prepaid,415.06,18677.7,45,None,2 Year,Card,12,Yes,,FALSE
C102813,Amit Gupta,Male,71,Delhi,12-09-2025,Prepaid,1434.99,41614.71,29,DSL,1 Year,Cash,7,Yes,,FALSE
C102814,Rahul Sharma,Female,22,Bangalore,04-12-2025,Postpaid,1748.48,34969.6,20,Fiber,1 Year,Card,2,No,,FALSE
C102815,Sourav Sharma,Male,29,Chennai,04-10-2025,Prepaid,,71170.44,44,5G,1 Year,Card,6,Yes,,FALSE
C102816,Rohit Das,Male,62,Hyderabad,27-07-2025,Postpaid,351.4,9487.8,27,DSL,Monthly,Bank Transfer,6,No,,FALSE
C102817,Riya Sharma,Female,57,Kolkata,07-08-2025,Prepaid,1770.76,100933.32,57,Fiber,1 Year,Bank Transfer,6,Yes,,FALSE
C102818,Sneha Gupta,Male,71,Kolkata,23-05-2025,Prepaid,1637.21,58939.56,36,None,1 Year,Bank Transfer,3,No,,FALSE
C102819,Sourav Sen,Female,53,Bangalore,06-04-2025,Prepaid,439.16,25032.12,57,5G,1 Year,Cash,12,No,,FALSE
C102820,Rohit Ghosh,Female,71,,04-03-2025,Prepaid,1555.39,1555.39,1,5G,2 Year,Cash,4,Yes,,FALSE
C102821,Ananya Sen,Male,35,Delhi,25-02-2025,Postpaid,1130.36,24867.92,22,DSL,1 Year,Card,11,No,,FALSE
C102822,Amit Roy,Male,61,Hyderabad,23-04-2025,Prepaid,438.67,10089.41,23,Fiber,1 Year,UPI,0,No,,FALSE
C102823,Amit Sharma,Female,62,Hyderabad,20-05-2025,Postpaid,658.76,10540.16,16,5G,1 Year,Cash,12,No,,FALSE
C102824,Rohit Das,Female,22,Hyderabad,23-12-2025,Postpaid,1710.08,80373.76,47,None,Monthly,Bank Transfer,5,No,,FALSE
C102825,Priya Kapoor,Female,53,Delhi,14-08-2025,Postpaid,1279.44,38383.2,30,None,2 Year,Cash,12,No,,FALSE
C102826,Sourav Kapoor,Female,41,Bangalore,21-07-2025,Prepaid,1522.28,92859.08,61,5G,Monthly,UPI,8,No,,FALSE
C102827,Rohit Ghosh,Female,72,Mumbai,06-02-2025,Postpaid,1295.4,23317.2,18,5G,Monthly,Bank Transfer,9,No,,FALSE
C102828,Vikram Gupta,Male,51,Bangalore,04-07-2025,Postpaid,1307.58,23536.44,18,5G,Monthly,Card,0,No,,FALSE
C102829,Rahul Kapoor,Male,22,Chennai,02-10-2025,Postpaid,914.09,64900.39,71,DSL,2 Year,Cash,12,No,,FALSE
C102830,Riya Roy,Female,20,Bangalore,10-08-2025,Prepaid,944.84,7558.72,8,Fiber,Monthly,Card,12,Yes,,FALSE
C102831,Priya Dey,Male,34,Chennai,03-05-2025,Prepaid,393.54,12593.28,32,Fiber,Monthly,UPI,1,No,,FALSE
C102832,Rohit Dey,Female,60,Delhi,25-09-2025,Postpaid,979.82,2939.46,3,5G,1 Year,Card,11,No,,FALSE
C102833,Priya Ghosh,Male,40,Delhi,09-04-2025,Postpaid,1267.17,25343.4,20,None,1 Year,Bank Transfer,7,Yes,,FALSE
C102834,Neha Dey,Male,38,Hyderabad,14-09-2025,Postpaid,1892.68,18926.8,10,Fiber,2 Year,Card,5,No,,FALSE
C102835,Sourav Sen,Male,43,Chennai,31-12-2025,Postpaid,1852.57,101891.35,55,None,2 Year,Bank Transfer,1,No,,FALSE
C102836,Ananya Kapoor,Male,59,Hyderabad,04-03-2025,Prepaid,1868.82,128948.58,69,None,Monthly,Bank Transfer,6,No,,FALSE
C102837,Amit Paul,Male,58,Bangalore,17-12-2025,Postpaid,1014.54,61886.94,61,DSL,1 Year,Bank Transfer,1,No,,FALSE
C102838,Riya Paul,Male,55,Kolkata,03-01-2025,Prepaid,624.11,36822.49,59,None,Monthly,UPI,10,No,,FALSE
C102839,Sneha Dey,Female,72,Mumbai,21-02-2025,Prepaid,1721.36,29263.12,17,Fiber,1 Year,UPI,9,Yes,,FALSE
C102840,Sourav Roy,Female,58,Hyderabad,19-05-2025,Postpaid,1827.36,65784.96,36,DSL,Monthly,UPI,1,No,,FALSE
C102841,Sneha Paul,Male,39,Hyderabad,30-06-2025,Prepaid,992.66,54596.3,55,DSL,1 Year,Card,11,Yes,,FALSE
C102842,Vikram Das,Female,42,Kolkata,01-05-2025,Prepaid,848.16,14418.72,17,None,1 Year,Bank Transfer,9,No,,FALSE
C102843,Rahul Roy,Female,22,Chennai,02-06-2025,Prepaid,1818.75,65475,36,5G,Monthly,Cash,4,No,,FALSE
C102844,Sneha Roy,Male,18,Chennai,24-11-2025,Postpaid,1552.75,43477,28,Fiber,Monthly,Bank Transfer,4,Yes,,FALSE
C102845,Neha Sharma,Female,37,Bangalore,19-02-2025,Prepaid,445.27,11577.02,26,DSL,2 Year,Bank Transfer,11,Yes,,FALSE
C102846,Sneha Gupta,Female,26,Delhi,25-06-2025,Postpaid,1106.02,69679.26,63,None,1 Year,UPI,7,Yes,,FALSE
C102847,Sneha Ghosh,Female,46,,13-10-2025,Prepaid,1107.89,50962.94,46,5G,1 Year,UPI,2,No,,FALSE
C102848,Sneha Paul,Male,44,Chennai,07-03-2025,Postpaid,478.78,26332.9,55,DSL,1 Year,UPI,2,Yes,,FALSE
C102849,Priya Sen,Female,40,Mumbai,22-11-2025,Prepaid,1886.35,15090.8,8,Fiber,1 Year,Card,7,No,,FALSE
C102850,Riya Gupta,Male,50,Mumbai,27-12-2025,Prepaid,1814.79,43554.96,24,DSL,2 Year,UPI,3,No,,FALSE
C102851,Riya Ghosh,Male,25,Chennai,23-12-2025,Postpaid,550.66,8259.9,15,5G,1 Year,UPI,4,Yes,,FALSE
C102852,Amit Roy,Male,23,Hyderabad,20-07-2025,Postpaid,1015.42,12185.04,12,Fiber,Monthly,UPI,11,No,,FALSE
C102853,Rohit Sen,Female,71,Delhi,29-05-2025,Postpaid,621.3,20502.9,33,DSL,Monthly,Cash,9,Yes,,FALSE
C102854,Rahul Sharma,Female,34,Hyderabad,18-03-2025,Prepaid,564.73,10729.87,19,None,1 Year,Card,5,Yes,,FALSE
C102855,Vikram Gupta,Female,47,Hyderabad,04-09-2025,Prepaid,378.83,25002.78,66,Fiber,2 Year,Card,3,No,,FALSE
C102856,Neha Sharma,Male,31,Hyderabad,05-08-2025,Prepaid,323.25,1939.5,6,DSL,1 Year,Cash,10,No,,FALSE
C102857,Ananya Dey,Female,46,Kolkata,03-09-2025,Prepaid,781.27,33594.61,43,5G,1 Year,UPI,3,No,,FALSE
C102858,Sneha Roy,Female,35,Bangalore,01-07-2025,Postpaid,1383.13,74689.02,54,5G,Monthly,Bank Transfer,4,No,,FALSE
C102859,Riya Ghosh,Female,65,Mumbai,10-06-2025,Prepaid,864.92,22487.92,26,5G,Monthly,Cash,6,No,,FALSE
C102860,Sourav Ghosh,Female,40,Kolkata,22-01-2025,Prepaid,1851.3,87011.1,47,DSL,1 Year,Bank Transfer,2,Yes,,FALSE
C102861,Vikram Singh,Male,54,Kolkata,05-01-2025,Prepaid,1551.5,79126.5,51,DSL,Monthly,Bank Transfer,1,No,,FALSE
C102862,Neha Ghosh,Male,39,Bangalore,25-11-2025,Prepaid,1114.93,51286.78,46,DSL,1 Year,Cash,6,Yes,,FALSE
C102863,Sourav Singh,Male,35,Kolkata,05-04-2025,Postpaid,783.06,7047.54,9,Fiber,2 Year,UPI,3,No,,FALSE
C102864,Amit Das,Male,27,Chennai,13-04-2025,Postpaid,1302.57,29959.11,23,DSL,1 Year,Card,9,Yes,,FALSE
C102865,Rohit Paul,Female,28,Mumbai,13-10-2025,Postpaid,354.99,17039.52,48,Fiber,1 Year,Cash,10,No,,FALSE
C102866,Riya Dey,Male,30,Hyderabad,03-12-2025,Postpaid,1864.95,13054.65,7,None,1 Year,Cash,10,Yes,,FALSE
C102867,Rohit Singh,Female,21,Bangalore,20-07-2025,Postpaid,1158.83,66053.31,57,5G,2 Year,Card,6,Yes,,FALSE
C102868,Sourav Dey,Male,61,Hyderabad,02-07-2025,Prepaid,656.61,26264.4,40,5G,1 Year,Card,5,No,,FALSE
C102869,Sourav Kapoor,Male,28,Mumbai,15-03-2025,Postpaid,1646.69,102094.78,62,None,2 Year,Card,7,Yes,,FALSE
C102870,Sourav Dey,Male,58,Bangalore,29-01-2025,Postpaid,1519.33,59253.87,39,None,Monthly,Card,12,Yes,,FALSE
C102871,Sourav Kapoor,Female,34,Kolkata,24-01-2025,Postpaid,1786.91,58968.03,33,Fiber,1 Year,Cash,1,Yes,,FALSE
C102872,Vikram Dey,Female,42,Hyderabad,24-09-2025,Postpaid,971.95,64148.7,66,DSL,1 Year,Bank Transfer,9,No,,FALSE
C102873,Neha Ghosh,Male,74,Chennai,07-08-2025,Postpaid,1580.65,4741.95,3,None,Monthly,Card,10,No,,FALSE
C102874,Vikram Sen,Male,35,Kolkata,06-10-2025,Prepaid,1744.16,12209.12,7,Fiber,Monthly,Cash,9,Yes,,FALSE
C102875,Priya Roy,Male,35,Bangalore,10-09-2025,Prepaid,1014.41,61879.01,61,Fiber,Monthly,Card,2,Yes,,FALSE
C102876,Vikram Ghosh,Male,22,Kolkata,04-01-2025,Prepaid,664.6,33230,50,DSL,2 Year,UPI,5,Yes,,FALSE
C102877,Sneha Kapoor,Male,31,Hyderabad,04-02-2025,Postpaid,1876.91,18769.1,10,Fiber,2 Year,,1,Yes,,FALSE
C102878,Priya Dey,Female,49,Bangalore,06-04-2025,Prepaid,611.1,3666.6,6,Fiber,Monthly,Bank Transfer,9,Yes,,FALSE
C102879,Riya Gupta,Female,75,Bangalore,22-10-2025,Prepaid,465.06,14881.92,32,Fiber,2 Year,UPI,11,Yes,,FALSE
C102880,Sourav Ghosh,Male,59,Mumbai,31-05-2025,Postpaid,1916.07,21076.77,11,DSL,1 Year,Card,12,No,,FALSE
C102881,Ananya Singh,Female,25,Delhi,11-08-2025,Prepaid,1851.35,88864.8,48,Fiber,1 Year,UPI,11,No,,FALSE
C102882,Vikram Roy,Male,18,Delhi,28-01-2025,Prepaid,1119.48,20150.64,18,DSL,2 Year,UPI,8,Yes,,FALSE
C102883,Sneha Roy,Male,36,Bangalore,08-12-2025,Prepaid,602.83,9042.45,15,Fiber,1 Year,Card,2,No,,FALSE
C102884,Amit Ghosh,Male,62,Hyderabad,19-08-2025,Postpaid,1227.85,12278.5,10,DSL,1 Year,Card,10,Yes,,FALSE
C102885,Priya Das,Female,74,Bangalore,16-10-2025,Postpaid,449.04,9429.84,21,5G,Monthly,Card,2,No,,FALSE
C102886,Priya Kapoor,Female,49,Chennai,26-02-2025,Prepaid,471.57,1886.28,4,None,1 Year,Cash,11,Yes,,FALSE
C102887,Priya Ghosh,Male,56,Chennai,23-07-2025,Postpaid,604.18,604.18,1,DSL,1 Year,Cash,3,Yes,,FALSE
C102888,Neha Singh,Male,28,,18-12-2025,Postpaid,368.35,8103.7,22,DSL,2 Year,UPI,4,Yes,,FALSE
C102889,Vikram Singh,Male,41,Kolkata,07-12-2025,Postpaid,430.93,11204.18,26,Fiber,1 Year,Bank Transfer,12,No,,FALSE
C102890,Ananya Roy,Female,18,Bangalore,08-09-2025,Postpaid,,50325.44,68,Fiber,Monthly,Cash,8,No,,FALSE
C102891,Rahul Sharma,Male,45,Kolkata,30-11-2025,Postpaid,1335.95,77485.1,58,None,1 Year,Bank Transfer,0,No,,FALSE
C102892,Rahul Das,Female,50,Mumbai,15-08-2025,Prepaid,846.28,25388.4,30,None,2 Year,Cash,3,Yes,,FALSE
C102893,Priya Dey,Male,53,Mumbai,06-01-2025,Postpaid,1259,30216,24,Fiber,Monthly,Card,1,Yes,,FALSE
C102894,Sneha Kapoor,Male,34,Kolkata,13-11-2025,Prepaid,1025.2,4100.8,4,5G,Monthly,Card,4,Yes,,FALSE
C102895,Riya Singh,Female,43,Kolkata,15-02-2025,Postpaid,408.17,16734.97,41,Fiber,2 Year,Cash,4,No,,FALSE
C102896,Vikram Dey,Female,69,Mumbai,19-11-2025,Prepaid,1262.46,71960.22,57,DSL,1 Year,UPI,7,Yes,,FALSE
C102897,Priya Sen,Male,37,Chennai,01-02-2025,Prepaid,1222.14,47663.46,39,Fiber,1 Year,Bank Transfer,11,No,,FALSE
C102898,Sourav Das,Female,49,Mumbai,18-05-2025,Postpaid,1089.03,56629.56,52,Fiber,Monthly,Cash,0,Yes,,FALSE
C102899,Rohit Ghosh,Male,68,Bangalore,27-08-2025,Prepaid,,13828.75,13,DSL,Monthly,Card,8,Yes,,FALSE
C102900,Rohit Gupta,Male,34,Bangalore,24-08-2025,Prepaid,1926.33,86684.85,45,5G,Monthly,Card,0,No,,FALSE
C102901,Vikram Paul,Female,58,Mumbai,04-07-2025,Postpaid,1203.6,28886.4,24,DSL,1 Year,Card,9,Yes,,FALSE
C102902,Rahul Roy,Female,31,Kolkata,10-11-2025,Prepaid,1490,65560,44,None,2 Year,Cash,3,No,,FALSE
C102903,Rohit Singh,Male,67,Hyderabad,21-08-2025,Prepaid,785.51,39275.5,50,DSL,1 Year,Cash,12,No,,FALSE
C102904,Vikram Dey,Female,26,Hyderabad,21-08-2025,Postpaid,1323.78,41037.18,31,DSL,Monthly,Cash,3,No,,FALSE
C102905,Rohit Sharma,Female,73,Hyderabad,22-03-2025,Prepaid,1710.74,49611.46,29,Fiber,1 Year,Cash,3,Yes,,FALSE
C102906,Amit Das,Female,35,Bangalore,20-12-2025,Prepaid,497.37,3978.96,8,5G,2 Year,Bank Transfer,2,No,,FALSE
C102907,Vikram Dey,Female,31,Mumbai,22-04-2025,Prepaid,590.26,30693.52,52,5G,1 Year,UPI,4,No,,FALSE
C102908,Priya Singh,Male,35,Delhi,29-05-2025,Prepaid,916.22,43062.34,47,Fiber,Monthly,UPI,7,No,,FALSE
C102909,Neha Ghosh,Female,34,Hyderabad,28-05-2025,Prepaid,797.15,27103.1,34,Fiber,2 Year,Bank Transfer,2,No,,FALSE
C102910,Ananya Das,Male,42,Chennai,26-02-2025,Prepaid,1158.63,35917.53,31,None,1 Year,Cash,10,Yes,,FALSE
C102911,Rohit Roy,Female,75,Mumbai,10-05-2025,Postpaid,1422.07,46928.31,33,DSL,1 Year,Card,10,No,,FALSE
C102912,Rahul Sharma,Female,41,Delhi,03-03-2025,Postpaid,911.23,14579.68,16,5G,2 Year,UPI,12,Yes,,FALSE
C102913,Neha Roy,Male,72,Kolkata,23-06-2025,Postpaid,1115.18,40146.48,36,DSL,1 Year,Bank Transfer,11,Yes,,FALSE
C102914,Priya Roy,Female,22,Bangalore,03-06-2025,Prepaid,1530.17,6120.68,4,None,2 Year,Cash,2,No,,FALSE
C102915,Priya Singh,Female,31,Kolkata,06-08-2025,Postpaid,1978.24,13847.68,7,None,Monthly,UPI,6,No,,FALSE
C102916,Neha Das,Male,33,Kolkata,23-09-2025,Postpaid,1851.33,107377.14,58,Fiber,1 Year,Bank Transfer,0,No,,FALSE
C102917,Ananya Paul,Male,22,Kolkata,25-02-2025,Prepaid,1043.21,36512.35,35,5G,Monthly,Card,11,Yes,,FALSE
C102918,Rohit Sharma,Male,23,Bangalore,26-03-2025,Postpaid,373.97,20194.38,54,DSL,2 Year,Card,1,Yes,,FALSE
C102919,Priya Singh,Female,21,Mumbai,10-07-2025,Prepaid,963.89,68436.19,71,None,2 Year,Cash,12,No,,FALSE
C102920,Rohit Roy,Male,57,Kolkata,28-11-2025,Prepaid,1157.93,67159.94,58,5G,Monthly,Bank Transfer,4,Yes,,FALSE
C102921,Riya Sen,Female,34,Mumbai,07-05-2025,Postpaid,322.53,16449.03,51,Fiber,2 Year,Bank Transfer,9,No,,FALSE
C102922,Ananya Paul,Female,28,Bangalore,15-06-2025,Postpaid,1496.87,100290.29,67,None,Monthly,Cash,11,Yes,,FALSE
C102923,Ananya Gupta,Female,55,Chennai,29-08-2025,Prepaid,347.82,10434.6,30,None,1 Year,Cash,0,No,,FALSE
C102924,Neha Sen,Female,37,Hyderabad,11-12-2025,Prepaid,,4778.93,13,5G,Monthly,Bank Transfer,3,Yes,,FALSE
C102925,Sourav Sharma,Male,33,Chennai,02-07-2025,Postpaid,1953.24,85942.56,44,None,1 Year,UPI,9,No,,FALSE
C102926,Riya Kapoor,Male,31,Bangalore,17-06-2025,Prepaid,821.33,37781.18,46,DSL,Monthly,,1,No,,FALSE
C102927,Amit Kapoor,Female,26,Hyderabad,27-05-2025,Prepaid,579.83,28991.5,50,Fiber,Monthly,Bank Transfer,5,No,,FALSE
C102928,Neha Sen,Female,21,Bangalore,11-07-2025,Prepaid,892.37,58004.05,65,5G,Monthly,Bank Transfer,10,Yes,,FALSE
C102929,Neha Ghosh,Male,48,Bangalore,02-08-2025,Postpaid,1597.43,94248.37,59,5G,1 Year,Card,7,No,,FALSE
C102930,Amit Ghosh,Male,53,Mumbai,29-03-2025,Postpaid,1535.61,70638.06,46,5G,1 Year,Cash,12,Yes,,FALSE
C102931,Amit Roy,Female,23,Chennai,21-11-2025,Prepaid,1668.24,105099.12,63,5G,2 Year,Cash,5,Yes,,FALSE
C102932,Neha Paul,Male,31,Mumbai,31-01-2025,Prepaid,1142.8,58282.8,51,5G,1 Year,UPI,7,Yes,,FALSE
C102933,Priya Ghosh,Male,21,Mumbai,25-05-2025,Prepaid,744.79,53624.88,72,None,2 Year,Bank Transfer,7,No,,FALSE
C102934,Sneha Paul,Female,32,Bangalore,28-12-2025,Prepaid,878.2,61474,70,5G,Monthly,Bank Transfer,6,Yes,,FALSE
C102935,Amit Sharma,Female,37,Kolkata,19-09-2025,Postpaid,1528.13,25978.21,17,DSL,Monthly,Cash,12,Yes,,FALSE
C102936,Priya Das,Female,31,Chennai,11-09-2025,Prepaid,1803.74,61327.16,34,None,Monthly,Card,10,No,,FALSE
C102937,Sneha Sen,Male,75,Delhi,22-02-2025,Prepaid,1993.22,89694.9,45,None,Monthly,Cash,0,Yes,,FALSE
C102938,Ananya Singh,Female,30,Kolkata,28-09-2025,Postpaid,402.96,12088.8,30,DSL,1 Year,Cash,0,Yes,,FALSE
C102939,Sneha Das,Male,61,Bangalore,11-10-2025,Prepaid,1370.78,4112.34,3,DSL,2 Year,UPI,0,Yes,,FALSE
C102940,Sourav Gupta,Female,44,Bangalore,21-08-2025,Prepaid,1531.27,96470.01,63,None,1 Year,Cash,6,No,,FALSE
C102941,Neha Sharma,Male,40,,16-09-2025,Prepaid,806.95,36312.75,45,5G,2 Year,Bank Transfer,3,No,,FALSE
C102942,Rahul Roy,Female,67,Chennai,15-04-2025,Postpaid,482.39,7235.85,15,5G,Monthly,Card,0,Yes,,FALSE
C102943,Priya Sen,Female,30,Hyderabad,05-02-2025,Postpaid,619.61,19827.52,32,5G,1 Year,UPI,7,Yes,,FALSE
C102944,Sourav Roy,Female,27,Kolkata,17-07-2025,Postpaid,724.68,35509.32,49,5G,2 Year,UPI,5,Yes,,FALSE
C102945,Vikram Gupta,Female,65,Mumbai,24-02-2025,Postpaid,818.71,31929.69,39,5G,2 Year,Card,11,No,,FALSE
C102946,Neha Gupta,Male,60,Kolkata,31-03-2025,Postpaid,1069.38,19248.84,18,Fiber,1 Year,Bank Transfer,7,Yes,,FALSE
C102947,Amit Sen,Female,40,Chennai,14-11-2025,Prepaid,1432.38,31512.36,22,None,1 Year,UPI,2,No,,FALSE
C102948,Vikram Dey,Male,52,Chennai,09-12-2025,Postpaid,1211.92,29086.08,24,5G,Monthly,Cash,10,No,,FALSE
C102949,Neha Singh,Female,57,Bangalore,03-12-2025,Postpaid,1572.54,14152.86,9,5G,1 Year,Bank Transfer,12,No,,FALSE
C102950,Rahul Sharma,Female,27,Kolkata,09-07-2025,Prepaid,1700.93,52728.83,31,5G,Monthly,Cash,,No,,FALSE
C102951,Rahul Das,Female,39,Bangalore,03-11-2025,Postpaid,1138.31,37564.23,33,Fiber,Monthly,Bank Transfer,6,No,,FALSE
C102952,Amit Ghosh,Male,20,Hyderabad,07-03-2025,Prepaid,1018.98,30569.4,30,Fiber,2 Year,Bank Transfer,10,Yes,,FALSE
C102953,Rahul Gupta,Male,47,Delhi,25-12-2025,Postpaid,1829.53,113430.86,62,Fiber,2 Year,Card,1,No,,FALSE
C102954,Rahul Gupta,Male,24,Hyderabad,14-02-2025,Postpaid,1427.16,41387.64,29,5G,1 Year,Cash,5,Yes,,FALSE
C102955,Amit Dey,Male,49,Mumbai,15-10-2025,Postpaid,789.59,35531.55,45,None,2 Year,Bank Transfer,1,No,,FALSE
C102956,Sourav Dey,Male,61,Delhi,03-07-2025,Postpaid,1017.94,7125.58,7,Fiber,2 Year,Bank Transfer,5,No,,FALSE
C102957,Sourav Kapoor,Female,61,Kolkata,17-10-2025,Prepaid,436.62,23577.48,54,None,2 Year,Card,6,No,,FALSE
C102958,Ananya Ghosh,Male,44,Hyderabad,31-07-2025,Prepaid,879.78,1759.56,2,Fiber,Monthly,Card,9,No,,FALSE
C102959,Rohit Ghosh,Male,44,Chennai,18-03-2025,Postpaid,617.52,15438,25,None,2 Year,Cash,1,Yes,,FALSE
C102960,Sourav Paul,Female,23,Hyderabad,09-06-2025,Postpaid,1389.11,26393.09,19,None,2 Year,Bank Transfer,8,No,,FALSE
C102961,Sourav Sen,Male,54,Chennai,06-08-2025,Prepaid,1365.7,88770.5,65,Fiber,1 Year,Card,7,Yes,,FALSE
C102962,Amit Roy,Female,34,Chennai,10-02-2025,Postpaid,959.76,25913.52,27,5G,Monthly,Card,0,Yes,,FALSE
C102963,Neha Sharma,Male,26,Bangalore,19-07-2025,Prepaid,777.66,48214.92,62,Fiber,2 Year,UPI,9,No,,FALSE
C102964,Rahul Dey,Female,33,Hyderabad,27-06-2025,Prepaid,1992.53,119551.8,60,None,Monthly,Cash,12,Yes,,FALSE
C102965,Sneha Ghosh,Female,29,Bangalore,16-04-2025,Postpaid,319.52,7988,25,None,1 Year,Bank Transfer,6,No,,FALSE
C102966,Priya Sharma,Female,28,Kolkata,30-12-2025,Prepaid,824.96,55272.32,67,DSL,2 Year,Card,7,Yes,,FALSE
C102967,Rohit Dey,Male,19,Hyderabad,16-08-2025,Postpaid,1578.08,44186.24,28,None,Monthly,Bank Transfer,2,Yes,,FALSE
C102968,Priya Das,Male,68,Kolkata,05-05-2025,Prepaid,1725.39,75917.16,44,None,2 Year,Bank Transfer,8,No,,FALSE
C102969,Sneha Das,Male,26,Kolkata,02-12-2025,Prepaid,1254.71,11292.39,9,Fiber,1 Year,Cash,12,Yes,,FALSE
C102970,Sourav Kapoor,Female,69,Mumbai,20-07-2025,Postpaid,1382.83,37336.41,27,None,Monthly,UPI,10,Yes,,FALSE
C102971,Ananya Paul,Female,28,Delhi,06-01-2025,Prepaid,1916.82,103508.28,54,DSL,2 Year,Cash,9,Yes,,FALSE
C102972,Neha Singh,Male,63,Mumbai,09-09-2025,Postpaid,1434.33,32989.59,23,DSL,1 Year,Card,10,Yes,,FALSE
C102973,Rohit Ghosh,Male,60,Hyderabad,18-08-2025,Postpaid,563.01,14638.26,26,None,1 Year,UPI,9,No,,FALSE
C102974,Sourav Dey,Female,21,Chennai,01-02-2025,Postpaid,391.67,12533.44,32,Fiber,Monthly,Cash,5,Yes,,FALSE
C102975,Neha Das,Female,36,,03-11-2025,Prepaid,1651.32,62750.16,38,DSL,Monthly,UPI,5,Yes,,FALSE
C102976,Sourav Singh,Male,35,Mumbai,24-07-2025,Prepaid,1049.92,62995.2,60,None,1 Year,Cash,6,No,,FALSE
C102977,Amit Roy,Female,26,Kolkata,18-10-2025,Postpaid,1832.78,120963.48,66,5G,2 Year,,2,No,,FALSE
C102978,Rohit Sen,Female,53,Hyderabad,13-06-2025,Postpaid,1285.68,43713.12,34,None,1 Year,Cash,1,Yes,,FALSE
C102979,Ananya Ghosh,Male,52,Hyderabad,18-01-2025,Prepaid,1734.21,119660.49,69,5G,2 Year,Bank Transfer,11,No,,FALSE
C102980,Amit Sen,Female,65,Chennai,07-04-2025,Postpaid,1175.47,67001.79,57,Fiber,Monthly,Bank Transfer,1,Yes,,FALSE
C102981,Sourav Das,Female,58,Hyderabad,28-04-2025,Postpaid,351.17,20719.03,59,Fiber,2 Year,Cash,8,Yes,,FALSE
C102982,Amit Sharma,Male,46,Hyderabad,31-12-2025,Prepaid,300.22,5403.96,18,Fiber,Monthly,Card,0,No,,FALSE
C102983,Sneha Gupta,Male,43,Kolkata,13-04-2025,Postpaid,1027.64,63713.68,62,DSL,1 Year,Bank Transfer,8,Yes,,FALSE
C102984,Riya Sharma,Female,75,Hyderabad,21-02-2025,Prepaid,913.72,44772.28,49,5G,1 Year,Bank Transfer,7,No,,FALSE
C102985,Riya Gupta,Male,71,Delhi,14-05-2025,Postpaid,1300.22,32505.5,25,None,Monthly,Card,1,No,,FALSE
C102986,Ananya Singh,Female,34,Chennai,01-12-2025,Postpaid,1302.58,1302.58,1,DSL,2 Year,UPI,12,No,,FALSE
C102987,Priya Sharma,Male,51,Delhi,19-04-2025,Prepaid,1027.88,66812.2,65,DSL,2 Year,Card,6,No,,FALSE
C102988,Riya Dey,Male,26,Hyderabad,17-01-2025,Postpaid,761.61,31226.01,41,Fiber,1 Year,UPI,1,No,,FALSE
C102989,Neha Gupta,Male,42,Kolkata,14-01-2025,Prepaid,1713.37,27413.92,16,Fiber,Monthly,Cash,3,No,,FALSE
C102990,Sneha Singh,Female,34,Delhi,05-05-2025,Postpaid,1048.75,53486.25,51,DSL,2 Year,UPI,8,No,,FALSE
C102991,Vikram Ghosh,Female,24,Bangalore,04-02-2025,Prepaid,481.43,12998.61,27,DSL,Monthly,Card,0,No,,FALSE
C102992,Vikram Singh,Male,36,Delhi,19-11-2025,Prepaid,1884.27,32032.59,17,Fiber,Monthly,UPI,3,No,,FALSE
C102993,Rahul Paul,Female,56,Mumbai,05-12-2025,Postpaid,1760.69,68666.91,39,Fiber,Monthly,Bank Transfer,9,No,,FALSE
C102994,Sneha Roy,Male,57,Chennai,05-10-2025,Postpaid,1537.79,7688.95,5,None,1 Year,Cash,6,Yes,,FALSE
C102995,Vikram Paul,Female,58,Kolkata,14-04-2025,Postpaid,1712.36,85618,50,Fiber,2 Year,Card,9,No,,FALSE
C102996,Rohit Singh,Male,53,Kolkata,28-09-2025,Prepaid,1206.38,33778.64,28,DSL,1 Year,Card,2,Yes,,FALSE
C102997,Amit Kapoor,Female,58,Mumbai,19-09-2025,Prepaid,1498.59,86918.22,58,Fiber,1 Year,UPI,5,No,,FALSE
C102998,Priya Sen,Male,53,Kolkata,09-02-2025,Postpaid,1235.58,13591.38,11,None,Monthly,Bank Transfer,7,No,,FALSE
C102999,Neha Roy,Male,43,Kolkata,27-04-2025,Prepaid,1137.6,65980.8,58,DSL,2 Year,Cash,5,No,,FALSE
C103000,Neha Roy,Male,35,Hyderabad,07-01-2025,Prepaid,906.79,4533.95,5,None,Monthly,Cash,7,No,,FALSE
C103001,Amit Singh,Female,51,Hyderabad,31-03-2025,Postpaid,,30212.6,62,5G,1 Year,Cash,1,Yes,,FALSE
C103002,Sourav Gupta,Female,43,Hyderabad,06-07-2025,Prepaid,1278.52,47305.24,37,5G,1 Year,Card,7,No,,FALSE
C103003,Rohit Singh,Male,66,Delhi,13-03-2025,Postpaid,903.25,20774.75,23,Fiber,2 Year,UPI,8,No,,FALSE
C103004,Ananya Kapoor,Female,24,Mumbai,29-04-2025,Postpaid,1691.19,23676.66,14,Fiber,1 Year,Cash,6,No,,FALSE
C103005,Rahul Ghosh,Male,65,Hyderabad,31-07-2025,Prepaid,1139.56,61536.24,54,DSL,2 Year,Card,1,Yes,,FALSE
C103006,Rahul Roy,Female,34,Delhi,18-09-2025,Postpaid,849.14,47551.84,56,Fiber,Monthly,Bank Transfer,11,No,,FALSE
C103007,Sneha Dey,Male,42,Mumbai,03-06-2025,Postpaid,1468.86,38190.36,26,DSL,1 Year,Bank Transfer,7,Yes,,FALSE
C103008,Ananya Gupta,Male,39,Bangalore,09-04-2025,Prepaid,837.55,8375.5,10,DSL,Monthly,Bank Transfer,10,Yes,,FALSE
C103009,Vikram Kapoor,Male,47,Hyderabad,19-12-2025,Postpaid,940.81,11289.72,12,None,2 Year,Bank Transfer,7,No,,FALSE
C103010,Sneha Gupta,Male,64,Mumbai,17-12-2025,Postpaid,1918.55,46045.2,24,5G,1 Year,Cash,12,Yes,,FALSE
C103011,Sneha Das,Male,44,Mumbai,20-10-2025,Postpaid,462.17,31427.56,68,Fiber,2 Year,Card,11,Yes,,FALSE
C103012,Rahul Kapoor,Male,26,Delhi,04-05-2025,Postpaid,1580.24,104295.84,66,Fiber,2 Year,Bank Transfer,4,No,,FALSE
C103013,Vikram Paul,Male,41,Delhi,03-10-2025,Prepaid,408.52,14706.72,36,Fiber,1 Year,UPI,0,Yes,,FALSE
C103014,Sneha Roy,Male,40,Bangalore,01-09-2025,Prepaid,680.92,35407.84,52,5G,2 Year,Bank Transfer,9,Yes,,FALSE
C103015,Vikram Kapoor,Female,37,Bangalore,21-02-2025,Postpaid,1284.27,74487.66,58,None,2 Year,Card,1,Yes,,FALSE
C103016,Sourav Roy,Female,27,Chennai,10-06-2025,Postpaid,400.46,18821.62,47,5G,2 Year,Card,4,No,,FALSE
C103017,Vikram Dey,Male,42,Mumbai,11-01-2025,Prepaid,1463.88,10247.16,7,5G,2 Year,Cash,2,No,,FALSE
C103018,Sneha Kapoor,Male,43,Kolkata,23-07-2025,Prepaid,1884.94,113096.4,60,DSL,Monthly,Bank Transfer,6,Yes,,FALSE
C103019,Sourav Roy,Male,24,Mumbai,17-04-2025,Postpaid,567.09,34592.49,61,5G,2 Year,UPI,8,No,,FALSE
C103020,Priya Das,Female,68,Mumbai,11-05-2025,Prepaid,777.19,49740.16,64,Fiber,Monthly,UPI,0,Yes,,FALSE
C103021,Sourav Kapoor,Male,42,Mumbai,26-09-2025,Postpaid,698.28,37008.84,53,5G,1 Year,Bank Transfer,1,No,,FALSE
C103022,Ananya Gupta,Female,66,,25-03-2025,Postpaid,1205.82,1205.82,1,Fiber,Monthly,UPI,8,No,,FALSE
C103023,Sourav Kapoor,Male,51,Hyderabad,04-12-2025,Prepaid,434.66,23906.3,55,DSL,1 Year,UPI,4,No,,FALSE
C103024,Riya Singh,Female,55,Mumbai,19-09-2025,Prepaid,1382.14,4146.42,3,None,Monthly,Bank Transfer,4,Yes,,FALSE
C103025,Riya Dey,Female,19,,29-08-2025,Prepaid,960.06,51843.24,54,DSL,Monthly,Cash,5,Yes,,FALSE
C103026,Rohit Roy,Male,73,Chennai,20-10-2025,Prepaid,1848,42504,23,5G,1 Year,Bank Transfer,0,No,,FALSE
C103027,Rahul Gupta,Male,22,Chennai,22-09-2025,Postpaid,1390.81,12517.29,9,Fiber,Monthly,Card,10,Yes,,FALSE
C103028,Sourav Gupta,Male,40,Delhi,04-10-2025,Postpaid,1727.91,6911.64,4,DSL,Monthly,Card,12,Yes,,FALSE
C103029,Neha Ghosh,Female,49,Delhi,03-02-2025,Prepaid,732.03,8052.33,11,DSL,1 Year,Card,2,Yes,,FALSE
C103030,Vikram Das,Female,70,Hyderabad,03-04-2025,Prepaid,1162,27888,24,5G,Monthly,UPI,7,No,,FALSE
C103031,Amit Kapoor,Female,53,Mumbai,21-06-2025,Prepaid,503.34,503.34,1,5G,Monthly,Cash,11,Yes,,FALSE
C103032,Neha Das,Male,63,Chennai,01-06-2025,Prepaid,772.55,13905.9,18,Fiber,Monthly,Card,5,Yes,,FALSE
C103033,Neha Kapoor,Male,65,Mumbai,15-10-2025,Prepaid,1125.78,24767.16,22,5G,1 Year,UPI,,Yes,,FALSE
C103034,Sneha Paul,Female,48,Mumbai,15-10-2025,Postpaid,902.13,46008.63,51,Fiber,Monthly,Card,0,No,,FALSE
C103035,Rohit Dey,Female,58,Hyderabad,06-05-2025,Prepaid,1694.92,55932.36,33,Fiber,2 Year,Bank Transfer,12,Yes,,FALSE
C103036,Rohit Dey,Female,39,Hyderabad,24-02-2025,Postpaid,1580.71,12645.68,8,Fiber,1 Year,UPI,8,Yes,,FALSE
C103037,Priya Sharma,Male,31,Bangalore,10-05-2025,Postpaid,1128.99,67739.4,60,5G,1 Year,Card,9,Yes,,FALSE
C103038,Riya Singh,Male,62,Kolkata,13-04-2025,Postpaid,1100.83,11008.3,10,5G,1 Year,Bank Transfer,8,No,,FALSE
C103039,Riya Singh,Female,39,Chennai,13-07-2025,Postpaid,1581.33,99623.79,63,None,Monthly,Cash,2,Yes,,FALSE
C103040,Rohit Gupta,Female,43,Kolkata,17-03-2025,Prepaid,1539.34,75427.66,49,Fiber,2 Year,UPI,3,No,,FALSE
C103041,Amit Ghosh,Male,51,Chennai,14-12-2025,Postpaid,1150.82,31072.14,27,Fiber,1 Year,Card,9,Yes,,FALSE
C103042,Rahul Roy,Female,67,Chennai,29-12-2025,Postpaid,497.84,23398.48,47,None,1 Year,Bank Transfer,2,No,,FALSE
C103043,Vikram Sharma,Male,44,Hyderabad,20-02-2025,Postpaid,791.44,56983.68,72,DSL,1 Year,Cash,8,Yes,,FALSE
C103044,Vikram Das,Male,47,Delhi,05-05-2025,Postpaid,553.1,22677.1,41,None,1 Year,Card,9,Yes,,FALSE
C103045,Neha Ghosh,Male,66,Chennai,07-07-2025,Prepaid,318.42,9234.18,29,None,Monthly,Bank Transfer,3,Yes,,FALSE
C103046,Sneha Singh,Male,56,Kolkata,13-02-2025,Postpaid,1721.36,123937.92,72,None,2 Year,Bank Transfer,7,No,,FALSE
C103047,Riya Gupta,Male,35,Delhi,29-10-2025,Prepaid,641.9,40439.7,63,None,1 Year,UPI,9,No,,FALSE
C103048,Ananya Paul,Female,41,Bangalore,30-04-2025,Postpaid,1959.33,97966.5,50,Fiber,Monthly,Card,12,No,,FALSE
C103049,Sourav Dey,Male,19,Kolkata,23-09-2025,Prepaid,1098.24,48322.56,44,5G,Monthly,Cash,5,No,,FALSE
C103050,Rahul Gupta,Male,57,,17-12-2025,Postpaid,1812.69,65256.84,36,None,Monthly,Cash,9,Yes,,FALSE
C103051,Amit Sen,Female,42,Mumbai,07-06-2025,Prepaid,1159.71,47548.11,41,Fiber,Monthly,Bank Transfer,8,No,,FALSE
C103052,Sourav Gupta,Male,46,Mumbai,17-07-2025,Postpaid,1858.24,133793.28,72,None,2 Year,Card,8,Yes,,FALSE
C103053,Neha Das,Male,53,Bangalore,15-10-2025,Postpaid,1728.73,32845.87,19,DSL,1 Year,UPI,,No,,FALSE
C103054,Ananya Dey,Female,19,Delhi,09-04-2025,Postpaid,795.75,54111,68,DSL,Monthly,Bank Transfer,3,No,,FALSE
C103055,Vikram Ghosh,Female,75,Chennai,26-07-2025,Postpaid,644.44,34799.76,54,Fiber,1 Year,UPI,6,No,,FALSE
C103056,Priya Singh,Female,34,Kolkata,03-01-2025,Prepaid,1505.98,106924.58,71,5G,Monthly,Cash,5,No,,FALSE
C103057,Priya Sharma,Female,20,Delhi,21-01-2025,Postpaid,704.35,14087,20,None,Monthly,Cash,8,Yes,,FALSE
C103058,Ananya Singh,Male,29,Bangalore,16-04-2025,Postpaid,1154.61,83131.92,72,5G,2 Year,Cash,9,Yes,,FALSE
C103059,Neha Gupta,Male,75,Bangalore,28-07-2025,Postpaid,494.34,23728.32,48,5G,1 Year,Bank Transfer,8,No,,FALSE
C103060,Sneha Gupta,Male,71,Kolkata,25-12-2025,Postpaid,1492.82,107483.04,72,DSL,2 Year,Card,5,Yes,,FALSE
C103061,Riya Gupta,Male,68,Chennai,15-06-2025,Prepaid,1477.44,82736.64,56,None,Monthly,UPI,,No,,FALSE
C103062,Amit Ghosh,Female,32,Kolkata,24-01-2025,Postpaid,736.21,2208.63,3,Fiber,Monthly,UPI,6,No,,FALSE
C103063,Amit Gupta,Male,72,Bangalore,26-02-2025,Prepaid,1089.24,69711.36,64,None,2 Year,,1,No,,FALSE
C103064,Ananya Sharma,Female,45,Delhi,02-04-2025,Postpaid,1559.19,43657.32,28,DSL,2 Year,UPI,11,No,,FALSE
C103065,Priya Gupta,Female,31,Bangalore,23-07-2025,Prepaid,1230.19,81192.54,66,DSL,1 Year,UPI,2,No,,FALSE
C103066,Sourav Sen,Male,37,Delhi,19-09-2025,Postpaid,1915.28,61288.96,32,None,1 Year,Cash,2,No,,FALSE
C103067,Sourav Gupta,Male,44,Hyderabad,23-01-2025,Prepaid,1703.47,11924.29,7,None,2 Year,UPI,6,Yes,,FALSE
C103068,Amit Kapoor,Male,38,Mumbai,12-05-2025,Prepaid,354.78,15965.1,45,None,Monthly,UPI,2,Yes,,FALSE
C103069,Sourav Kapoor,Female,68,Bangalore,27-07-2025,Postpaid,1685.41,13483.28,8,5G,2 Year,UPI,5,Yes,,FALSE
C103070,Priya Kapoor,Female,65,Mumbai,21-06-2025,Prepaid,771.12,17735.76,23,DSL,2 Year,Cash,1,No,,FALSE
C103071,Priya Sen,Male,53,Delhi,20-08-2025,Prepaid,920.68,1841.36,2,DSL,Monthly,Card,6,No,,FALSE
C103072,Vikram Kapoor,Female,72,Delhi,20-06-2025,Postpaid,1586.25,114210,72,DSL,1 Year,UPI,5,Yes,,FALSE
C103073,Ananya Ghosh,Female,19,Kolkata,06-07-2025,Prepaid,317.93,18122.01,57,5G,Monthly,Cash,8,No,,FALSE
C103074,Amit Sen,Female,74,Hyderabad,28-10-2025,Postpaid,790.8,27678,35,DSL,1 Year,Cash,9,Yes,,FALSE
C103075,Sourav Sharma,Male,73,Bangalore,28-11-2025,Prepaid,718.07,37339.64,52,5G,2 Year,Bank Transfer,1,No,,FALSE
C103076,Neha Gupta,Female,23,Kolkata,27-10-2025,Prepaid,1659.58,102893.96,62,None,2 Year,Bank Transfer,9,No,,FALSE
C103077,Amit Gupta,Male,31,Delhi,09-05-2025,Postpaid,1718.69,15468.21,9,Fiber,2 Year,UPI,9,No,,FALSE
C103078,Rohit Kapoor,Male,45,Bangalore,22-05-2025,Postpaid,489.4,10277.4,21,Fiber,1 Year,Card,11,No,,FALSE
C103079,Amit Roy,Female,67,,21-01-2025,Prepaid,721.04,31004.72,43,Fiber,Monthly,Bank Transfer,8,Yes,,FALSE
C103080,Vikram Dey,Female,28,Kolkata,12-10-2025,Postpaid,421.91,24048.87,57,DSL,1 Year,Bank Transfer,8,Yes,,FALSE
C103081,Vikram Das,Female,69,Chennai,08-05-2025,Prepaid,1819.21,32745.78,18,Fiber,2 Year,UPI,5,Yes,,FALSE
C103082,Priya Singh,Male,39,Mumbai,21-04-2025,Postpaid,370.06,24423.96,66,Fiber,1 Year,UPI,8,Yes,,FALSE
C103083,Sneha Ghosh,Female,62,Chennai,30-10-2025,Prepaid,875.48,6128.36,7,DSL,Monthly,Card,1,Yes,,FALSE
C103084,Sourav Sharma,Male,44,Hyderabad,08-02-2025,Prepaid,1265.27,68324.58,54,5G,1 Year,Cash,6,No,,FALSE
C103085,Ananya Paul,Male,27,Bangalore,23-03-2025,Prepaid,494.08,32115.2,65,None,1 Year,Bank Transfer,9,No,,FALSE
C103086,Sourav Sharma,Male,56,Kolkata,06-05-2025,Prepaid,1739.3,17393,10,Fiber,2 Year,Bank Transfer,11,No,,FALSE
C103087,Ananya Gupta,Male,41,Bangalore,20-07-2025,Postpaid,1945.65,105065.1,54,None,2 Year,UPI,3,Yes,,FALSE
C103088,Rohit Sen,Female,36,Delhi,29-11-2025,Prepaid,1742.92,78431.4,45,None,1 Year,Bank Transfer,0,No,,FALSE
C103089,Amit Roy,Male,27,Kolkata,30-08-2025,Prepaid,622.05,26126.1,42,5G,2 Year,Cash,6,No,,FALSE
C103090,Sneha Paul,Female,24,Delhi,08-09-2025,Postpaid,1001.48,24035.52,24,5G,2 Year,Cash,1,Yes,,FALSE
C103091,Sneha Paul,Male,62,Delhi,19-01-2025,Prepaid,1752.91,73622.22,42,5G,1 Year,Bank Transfer,2,No,,FALSE
C103092,Vikram Dey,Male,50,Chennai,30-03-2025,Prepaid,898.88,61123.84,68,None,2 Year,Cash,5,No,,FALSE
C103093,Neha Kapoor,Male,57,Bangalore,12-08-2025,Prepaid,601.23,15631.98,26,DSL,Monthly,Cash,8,Yes,,FALSE
C103094,Sneha Singh,Male,23,Chennai,16-04-2025,Postpaid,1098.02,25254.46,23,5G,2 Year,Cash,8,Yes,,FALSE
C103095,Rahul Das,Female,28,Bangalore,11-02-2025,Prepaid,1818.83,32738.94,18,None,Monthly,Bank Transfer,5,Yes,,FALSE
C103096,Neha Singh,Female,26,Bangalore,25-04-2025,Postpaid,1421.92,71096,50,DSL,1 Year,UPI,10,No,,FALSE
C103097,Rahul Sen,Male,62,Mumbai,25-12-2025,Prepaid,1355.18,43365.76,32,None,2 Year,Cash,7,Yes,,FALSE
C103098,Riya Singh,Female,74,Bangalore,27-11-2025,Prepaid,1016.45,55904.75,55,Fiber,2 Year,,1,Yes,,FALSE
C103099,Vikram Singh,Male,36,Hyderabad,28-08-2025,Prepaid,1236.22,1236.22,1,None,Monthly,UPI,10,No,,FALSE
C103100,Ananya Sen,Male,48,Hyderabad,25-05-2025,Prepaid,1634.94,99731.34,61,DSL,1 Year,Card,9,Yes,,FALSE
C103101,Amit Ghosh,Female,57,Bangalore,19-08-2025,Prepaid,526.69,8953.73,17,None,1 Year,Bank Transfer,5,No,,FALSE
C103102,Priya Dey,Female,61,Mumbai,17-02-2025,Prepaid,380.43,16738.92,44,5G,2 Year,Bank Transfer,6,Yes,,FALSE
C103103,Sneha Paul,Female,32,Hyderabad,01-10-2025,Postpaid,621.33,30445.17,49,5G,Monthly,UPI,12,No,,FALSE
C103104,Neha Dey,Male,47,Delhi,06-12-2025,Postpaid,1829.37,78662.91,43,None,1 Year,UPI,6,Yes,,FALSE
C103105,Sneha Roy,Male,61,Mumbai,12-06-2025,Postpaid,1193.58,27452.34,23,None,Monthly,Cash,11,No,,FALSE
C103106,Riya Gupta,Male,55,Chennai,19-10-2025,Postpaid,998.57,37945.66,38,DSL,2 Year,Cash,11,Yes,,FALSE
C103107,Ananya Paul,Female,73,Hyderabad,17-06-2025,Prepaid,1777.54,51548.66,29,Fiber,Monthly,Bank Transfer,11,No,,FALSE
C103108,Ananya Sharma,Male,29,,24-05-2025,Postpaid,1918.85,57565.5,30,DSL,1 Year,Cash,9,No,,FALSE
C103109,Vikram Paul,Female,26,Delhi,30-05-2025,Postpaid,1445.96,75189.92,52,None,2 Year,UPI,11,No,,FALSE
C103110,Amit Sharma,Male,53,Chennai,27-11-2025,Prepaid,1676.15,33523,20,Fiber,Monthly,UPI,11,No,,FALSE
C103111,Sourav Paul,Male,29,Bangalore,04-04-2025,Postpaid,1687.9,109713.5,65,Fiber,1 Year,Cash,5,No,,FALSE
C103112,Rahul Paul,Female,24,Bangalore,20-02-2025,Prepaid,1772.97,58508.01,33,Fiber,Monthly,Bank Transfer,10,No,,FALSE
C103113,Rohit Roy,Male,50,Bangalore,11-12-2025,Postpaid,1829.36,113420.32,62,None,1 Year,Bank Transfer,11,Yes,,FALSE
C103114,Sneha Sharma,Female,57,Kolkata,22-08-2025,Prepaid,1686.39,65769.21,39,None,Monthly,Bank Transfer,1,Yes,,FALSE
C103115,Rohit Sen,Male,59,Delhi,29-04-2025,Postpaid,1768.9,49529.2,28,None,1 Year,Cash,10,No,,FALSE
C103116,Amit Kapoor,Female,49,Chennai,04-09-2025,Postpaid,660.55,37651.35,57,Fiber,Monthly,UPI,0,No,,FALSE
C103117,Rohit Sharma,Female,63,Bangalore,08-02-2025,Prepaid,1317.75,75111.75,57,Fiber,1 Year,UPI,10,Yes,,FALSE
C103118,Sourav Kapoor,Female,48,Hyderabad,20-05-2025,Postpaid,1992.96,67760.64,34,DSL,2 Year,UPI,7,Yes,,FALSE
C103119,Sneha Ghosh,Female,66,Bangalore,14-09-2025,Prepaid,791.71,17417.62,22,Fiber,Monthly,Card,5,Yes,,FALSE
C103120,Ananya Ghosh,Female,42,Hyderabad,14-07-2025,Postpaid,1514.72,72706.56,48,DSL,1 Year,UPI,7,Yes,,FALSE
C103121,Amit Dey,Male,65,Hyderabad,01-11-2025,Postpaid,1423.02,11384.16,8,None,1 Year,Bank Transfer,11,No,,FALSE
C103122,Sourav Das,Female,65,Chennai,24-12-2025,Prepaid,610.8,6108,10,None,2 Year,Card,1,No,,FALSE
C103123,Rohit Singh,Male,29,Chennai,20-01-2025,Postpaid,866.37,49383.09,57,Fiber,2 Year,Bank Transfer,6,No,,FALSE
C103124,Sourav Sen,Female,31,Mumbai,31-12-2025,Prepaid,403.83,1211.49,3,Fiber,1 Year,UPI,6,No,,FALSE
C103125,Rahul Singh,Male,21,Kolkata,15-04-2025,Postpaid,1166.71,67669.18,58,DSL,2 Year,,11,Yes,,FALSE
C103126,Amit Gupta,Male,56,Chennai,12-06-2025,Postpaid,919.31,49642.74,54,None,1 Year,Cash,11,Yes,,FALSE
C103127,Neha Paul,Male,39,Bangalore,15-02-2025,Prepaid,805.94,37879.18,47,None,2 Year,UPI,5,No,,FALSE
C103128,Riya Sharma,Male,63,Hyderabad,07-03-2025,Prepaid,610.24,43327.04,71,DSL,2 Year,UPI,3,Yes,,FALSE
C103129,Riya Singh,Female,43,Kolkata,22-03-2025,Prepaid,1271.28,83904.48,66,DSL,1 Year,Bank Transfer,1,No,,FALSE
C103130,Amit Paul,Male,49,Chennai,17-05-2025,Prepaid,441.11,27348.82,62,5G,Monthly,Bank Transfer,12,No,,FALSE
C103131,Ananya Ghosh,Male,66,Mumbai,23-04-2025,Postpaid,1102.97,12132.67,11,5G,Monthly,Bank Transfer,8,No,,FALSE
C103132,Sourav Sen,Male,60,Hyderabad,19-03-2025,Prepaid,1777.36,7109.44,4,DSL,2 Year,Card,12,Yes,,FALSE
C103133,Riya Dey,Female,40,Kolkata,11-07-2025,Prepaid,1222.39,23225.41,19,5G,2 Year,Cash,4,No,,FALSE
C103134,Rohit Gupta,Female,28,Bangalore,22-05-2025,Postpaid,1193.62,63261.86,53,5G,Monthly,Cash,10,Yes,,FALSE
C103135,Rahul Das,Female,75,Hyderabad,17-12-2025,Prepaid,716.16,47982.72,67,Fiber,2 Year,Cash,5,No,,FALSE
C103136,Ananya Sharma,Female,65,Chennai,26-02-2025,Prepaid,1691,67640,40,5G,2 Year,UPI,1,Yes,,FALSE
C103137,Sourav Gupta,Female,53,Delhi,10-05-2025,Postpaid,1811.41,130421.52,72,None,Monthly,Card,7,No,,FALSE
C103138,Rohit Kapoor,Female,42,Mumbai,23-04-2025,Prepaid,1710.13,42753.25,25,5G,1 Year,Cash,4,No,,FALSE
C103139,Neha Roy,Male,32,Hyderabad,09-08-2025,Prepaid,1918.54,49882.04,26,Fiber,2 Year,UPI,5,Yes,,FALSE
C103140,Sneha Dey,Female,29,Mumbai,28-05-2025,Postpaid,1123.37,31454.36,28,Fiber,1 Year,Card,1,No,,FALSE
C103141,Rahul Singh,Female,18,Mumbai,02-08-2025,Prepaid,1843.08,75566.28,41,None,2 Year,Cash,2,Yes,,FALSE
C103142,Riya Gupta,Male,35,Bangalore,13-07-2025,Prepaid,1913.11,88003.06,46,5G,2 Year,UPI,9,Yes,,FALSE
C103143,Sneha Kapoor,Female,46,Delhi,15-04-2025,Postpaid,1122.97,43795.83,39,5G,2 Year,Cash,12,No,,FALSE
C103144,Ananya Gupta,Male,50,Mumbai,27-02-2025,Postpaid,,82546.65,45,5G,1 Year,Cash,1,No,,FALSE
C103145,Riya Singh,Female,33,Bangalore,05-09-2025,Postpaid,606.85,24880.85,41,DSL,1 Year,Card,1,Yes,,FALSE
C103146,Riya Gupta,Female,32,Bangalore,07-02-2025,Prepaid,765.08,49730.2,65,None,1 Year,Bank Transfer,7,Yes,,FALSE
C103147,Rahul Sharma,Male,26,Delhi,29-10-2025,Prepaid,1682.76,40386.24,24,5G,1 Year,Bank Transfer,11,Yes,,FALSE
C103148,Vikram Ghosh,Female,46,Kolkata,15-06-2025,Prepaid,944.63,28338.9,30,DSL,1 Year,Bank Transfer,2,No,,FALSE
C103149,Riya Das,Male,44,Mumbai,09-11-2025,Prepaid,1760.54,29929.18,17,DSL,Monthly,Cash,5,Yes,,FALSE
C103150,Sneha Ghosh,Female,30,Delhi,27-10-2025,Prepaid,1790.38,85938.24,48,None,Monthly,Card,11,Yes,,FALSE
C103151,Vikram Gupta,Female,56,,16-06-2025,Postpaid,1856.59,96542.68,52,DSL,2 Year,Cash,3,No,,FALSE
C103152,Neha Gupta,Female,72,Mumbai,25-10-2025,Prepaid,719.84,39591.2,55,None,1 Year,Cash,0,No,,FALSE
C103153,Ananya Ghosh,Male,60,Kolkata,18-12-2025,Postpaid,1154.52,73889.28,64,5G,1 Year,UPI,7,Yes,,FALSE
C103154,Neha Sharma,Male,56,Kolkata,15-08-2025,Prepaid,566.03,29433.56,52,DSL,2 Year,Card,6,No,,FALSE
C103155,Ananya Singh,Female,27,Mumbai,09-01-2025,Postpaid,1177.55,68297.9,58,5G,2 Year,UPI,11,No,,FALSE
C103156,Riya Gupta,Female,45,Mumbai,27-10-2025,Postpaid,504.81,32307.84,64,DSL,1 Year,Bank Transfer,8,Yes,,FALSE
C103157,Rahul Dey,Female,63,Kolkata,11-09-2025,Postpaid,1081.6,76793.6,71,5G,Monthly,UPI,5,Yes,,FALSE
C103158,Riya Roy,Female,65,Chennai,22-04-2025,Postpaid,874.84,44616.84,51,Fiber,1 Year,UPI,5,Yes,,FALSE
C103159,Sourav Paul,Female,69,Bangalore,04-04-2025,Prepaid,1747.49,43687.25,25,DSL,2 Year,UPI,5,No,,FALSE
C103160,Rahul Roy,Female,53,Chennai,20-06-2025,Prepaid,1238.74,39639.68,32,None,2 Year,Card,1,No,,FALSE
C103161,Sneha Gupta,Male,64,Bangalore,04-05-2025,Prepaid,826.31,18178.82,22,None,2 Year,Card,9,Yes,,FALSE
C103162,Sneha Sharma,Female,71,,14-05-2025,Prepaid,931.36,63332.48,68,None,2 Year,UPI,6,No,,FALSE
C103163,Sourav Ghosh,Female,28,Kolkata,24-07-2025,Postpaid,1209.74,31453.24,26,None,1 Year,Bank Transfer,9,No,,FALSE
C103164,Ananya Singh,Male,46,Kolkata,13-06-2025,Postpaid,1548.52,49552.64,32,None,2 Year,Card,5,Yes,,FALSE
C103165,Vikram Paul,Male,36,Kolkata,18-11-2025,Postpaid,603.02,3618.12,6,5G,2 Year,Cash,2,Yes,,FALSE
C103166,Ananya Gupta,Male,39,Kolkata,27-09-2025,Prepaid,1155.55,72799.65,63,DSL,1 Year,UPI,0,No,,FALSE
C103167,Riya Singh,Male,23,Kolkata,27-07-2025,Postpaid,399.75,19188,48,Fiber,2 Year,UPI,6,Yes,,FALSE
C103168,Sourav Kapoor,Male,23,Mumbai,28-11-2025,Postpaid,1378.86,60669.84,44,Fiber,2 Year,Bank Transfer,7,No,,FALSE
C103169,Rohit Ghosh,Female,20,Kolkata,25-11-2025,Prepaid,369.43,2216.58,6,DSL,2 Year,Cash,0,No,,FALSE
C103170,Sourav Singh,Female,73,Chennai,04-05-2025,Postpaid,1874.65,9373.25,5,None,2 Year,Bank Transfer,11,Yes,,FALSE
C103171,Sourav Sen,Male,61,Bangalore,30-05-2025,Postpaid,1639.47,47544.63,29,DSL,Monthly,Bank Transfer,5,No,,FALSE
C103172,Priya Gupta,Male,67,Chennai,24-04-2025,Prepaid,1856.72,122543.52,66,5G,Monthly,Bank Transfer,10,Yes,,FALSE
C103173,Neha Kapoor,Female,34,Hyderabad,07-05-2025,Prepaid,1398.74,48955.9,35,Fiber,2 Year,UPI,4,No,,FALSE
C103174,Vikram Dey,Female,31,Bangalore,20-11-2025,Prepaid,329.9,23422.9,71,5G,Monthly,Bank Transfer,0,No,,FALSE
C103175,Neha Dey,Female,25,Mumbai,07-02-2025,Postpaid,385.58,21978.06,57,Fiber,2 Year,UPI,6,No,,FALSE
C103176,Rahul Sen,Female,52,Bangalore,05-11-2025,Prepaid,473.5,34092,72,DSL,2 Year,UPI,5,Yes,,FALSE
C103177,Rohit Kapoor,Female,24,Mumbai,09-07-2025,Postpaid,728.05,35674.45,49,DSL,Monthly,Card,5,Yes,,FALSE
C103178,Sourav Paul,Female,44,Bangalore,30-03-2025,Prepaid,515.29,7214.06,14,5G,1 Year,Bank Transfer,7,No,,FALSE
C103179,Neha Dey,Female,41,Kolkata,27-08-2025,Prepaid,1243.13,6215.65,5,DSL,Monthly,Bank Transfer,12,No,,FALSE
C103180,Rohit Roy,Female,24,Kolkata,16-05-2025,Postpaid,361.6,19888,55,None,Monthly,Cash,5,Yes,,FALSE
C103181,Priya Ghosh,Male,72,Bangalore,14-05-2025,Postpaid,745.24,25338.16,34,5G,2 Year,Card,,No,,FALSE
C103182,Ananya Singh,Male,65,,11-12-2025,Prepaid,1537.28,56879.36,37,DSL,2 Year,Cash,8,Yes,,FALSE
C103183,Sourav Roy,Male,34,Chennai,07-04-2025,Prepaid,1123.68,73039.2,65,None,Monthly,Cash,5,Yes,,FALSE
C103184,Sourav Sharma,Female,37,Delhi,04-12-2025,Prepaid,1687.48,38812.04,23,5G,1 Year,Bank Transfer,12,No,,FALSE
C103185,Priya Sen,Female,18,Mumbai,25-05-2025,Prepaid,1039.06,22859.32,22,5G,1 Year,Bank Transfer,6,Yes,,FALSE
C103186,Sourav Roy,Male,53,Mumbai,01-10-2025,Postpaid,542.74,14111.24,26,Fiber,2 Year,Bank Transfer,5,Yes,,FALSE
C103187,Ananya Singh,Male,71,Hyderabad,05-07-2025,Prepaid,1277.59,2555.18,2,None,1 Year,UPI,5,No,,FALSE
C103188,Rahul Dey,Female,75,Hyderabad,27-09-2025,Prepaid,1154.64,80824.8,70,Fiber,1 Year,Card,7,Yes,,FALSE
C103189,Rohit Sharma,Male,27,Hyderabad,13-11-2025,Prepaid,618.85,31561.35,51,None,2 Year,UPI,11,Yes,,FALSE
C103190,Riya Sen,Male,27,Mumbai,29-07-2025,Prepaid,1097.77,58181.81,53,None,1 Year,Cash,7,No,,FALSE
C103191,Vikram Das,Female,45,Bangalore,03-10-2025,Postpaid,1848.59,79489.37,43,None,1 Year,Card,9,No,,FALSE
C103192,Sneha Kapoor,Female,35,Delhi,23-11-2025,Postpaid,1637.52,40938,25,DSL,2 Year,Cash,6,No,,FALSE
C103193,Ananya Sen,Female,63,Hyderabad,05-08-2025,Postpaid,1845.7,1845.7,1,DSL,Monthly,UPI,3,Yes,,FALSE
C103194,Sneha Das,Female,43,Bangalore,02-11-2025,Prepaid,1832.3,29316.8,16,5G,Monthly,Bank Transfer,0,Yes,,FALSE
C103195,Sneha Das,Female,53,Hyderabad,19-02-2025,Prepaid,675.73,46625.37,69,Fiber,1 Year,Cash,4,Yes,,FALSE
C103196,Vikram Sharma,Male,28,Chennai,24-04-2025,Postpaid,1018.74,32599.68,32,DSL,Monthly,UPI,5,No,,FALSE
C103197,Vikram Das,Female,67,Bangalore,06-05-2025,Postpaid,1256.73,38958.63,31,Fiber,1 Year,UPI,0,No,,FALSE
C103198,Sourav Roy,Male,67,Hyderabad,14-07-2025,Postpaid,319.93,17596.15,55,Fiber,1 Year,Cash,0,Yes,,FALSE
C103199,Rohit Gupta,Male,44,Mumbai,22-06-2025,Prepaid,1675.56,38537.88,23,DSL,1 Year,UPI,12,Yes,,FALSE
C103200,Amit Das,Male,39,Chennai,29-05-2025,Prepaid,1923.3,11539.8,6,Fiber,1 Year,Cash,9,No,,FALSE
C103201,Neha Dey,Male,59,Kolkata,16-10-2025,Postpaid,969.96,2909.88,3,5G,Monthly,Cash,8,No,,FALSE
C103202,Vikram Sen,Female,44,Chennai,17-02-2025,Postpaid,383.35,18400.8,48,DSL,Monthly,Bank Transfer,0,No,,FALSE
C103203,Rahul Dey,Female,32,Kolkata,24-05-2025,Prepaid,1974.59,120449.99,61,Fiber,Monthly,UPI,9,Yes,,FALSE
C103204,Sourav Roy,Female,19,Kolkata,04-09-2025,Prepaid,879.19,6154.33,7,DSL,2 Year,Bank Transfer,7,No,,FALSE
C103205,Riya Paul,Male,50,Kolkata,29-04-2025,Prepaid,1816.78,76304.76,42,None,Monthly,UPI,5,Yes,,FALSE
C103206,Neha Gupta,Male,27,Delhi,12-05-2025,Prepaid,592.97,16010.19,27,Fiber,1 Year,Card,8,No,,FALSE
C103207,Priya Dey,Female,49,Delhi,04-07-2025,Postpaid,,38149.92,48,None,2 Year,UPI,0,No,,FALSE
C103208,Rohit Kapoor,Male,70,Bangalore,30-07-2025,Prepaid,1550.96,35672.08,23,None,1 Year,Bank Transfer,10,No,,FALSE
C103209,Ananya Dey,Male,59,Chennai,10-09-2025,Postpaid,775.24,2325.72,3,Fiber,Monthly,Cash,11,No,,FALSE
C103210,Priya Gupta,Male,20,Kolkata,19-11-2025,Prepaid,1542.97,10800.79,7,DSL,1 Year,UPI,4,Yes,,FALSE
C103211,Ananya Kapoor,Female,31,Delhi,10-01-2025,Prepaid,485.99,15065.69,31,Fiber,Monthly,Bank Transfer,6,Yes,,FALSE
C103212,Sneha Ghosh,Male,23,Kolkata,11-08-2025,Prepaid,1980.27,51487.02,26,DSL,1 Year,UPI,10,Yes,,FALSE
C103213,Amit Kapoor,Female,22,Mumbai,29-04-2025,Prepaid,1562.51,78125.5,50,None,Monthly,Bank Transfer,0,Yes,,FALSE
C103214,Riya Das,Female,30,Kolkata,05-11-2025,Postpaid,312.26,4371.64,14,5G,1 Year,Bank Transfer,0,No,,FALSE
C103215,Neha Ghosh,Male,66,Chennai,07-02-2025,Prepaid,1325.33,19879.95,15,Fiber,1 Year,Cash,12,No,,FALSE
C103216,Amit Kapoor,Male,69,Delhi,03-11-2025,Postpaid,1383.07,41492.1,30,Fiber,1 Year,Cash,3,No,,FALSE
C103217,Rahul Roy,Male,29,Chennai,12-07-2025,Postpaid,485.03,16491.02,34,Fiber,Monthly,Cash,6,No,,FALSE
C103218,Rohit Paul,Male,65,Mumbai,07-07-2025,Postpaid,335.89,18473.95,55,None,1 Year,Bank Transfer,1,No,,FALSE
C103219,Priya Gupta,Female,55,Mumbai,19-03-2025,Prepaid,923.25,5539.5,6,None,2 Year,Cash,11,No,,FALSE
C103220,Ananya Dey,Female,28,Chennai,16-11-2025,Prepaid,1973.55,100651.05,51,None,2 Year,Card,1,No,,FALSE
C103221,Priya Das,Male,24,Delhi,25-03-2025,Postpaid,1770.81,72603.21,41,Fiber,Monthly,Bank Transfer,11,No,,FALSE
C103222,Riya Sen,Male,41,Hyderabad,15-04-2025,Postpaid,1941.46,77658.4,40,Fiber,2 Year,Cash,11,No,,FALSE
C103223,Sourav Paul,Female,23,Delhi,12-06-2025,Prepaid,1459.07,1459.07,1,5G,1 Year,UPI,3,No,,FALSE
C103224,Priya Gupta,Female,18,Kolkata,25-08-2025,Prepaid,1403.2,22451.2,16,None,Monthly,Card,10,Yes,,FALSE
C103225,Riya Sen,Male,25,Kolkata,07-12-2025,Prepaid,1441.58,20182.12,14,None,Monthly,UPI,3,No,,FALSE
C103226,Sourav Singh,Male,48,Kolkata,02-02-2025,Prepaid,907.02,44443.98,49,5G,1 Year,Card,12,No,,FALSE
C103227,Riya Dey,Male,64,Delhi,08-02-2025,Prepaid,1505.33,12042.64,8,None,1 Year,Card,4,Yes,,FALSE
C103228,Rohit Gupta,Female,37,Delhi,04-12-2025,Postpaid,1720.57,15485.13,9,None,Monthly,Bank Transfer,12,Yes,,FALSE
C103229,Rahul Kapoor,Female,26,Mumbai,07-02-2025,Prepaid,1917.96,57538.8,30,None,2 Year,Bank Transfer,6,Yes,,FALSE
C103230,Neha Ghosh,Male,32,Hyderabad,26-12-2025,Postpaid,1670.38,111915.46,67,DSL,Monthly,Bank Transfer,11,No,,FALSE
C103231,Riya Singh,Female,43,Delhi,16-06-2025,Prepaid,548.67,22495.47,41,DSL,Monthly,Cash,12,No,,FALSE
C103232,Rahul Ghosh,Female,55,Kolkata,19-02-2025,Prepaid,315.23,12924.43,41,None,2 Year,UPI,3,No,,FALSE
C103233,Sneha Das,Male,59,Bangalore,06-10-2025,Prepaid,1561.81,85899.55,55,None,2 Year,Cash,9,No,,FALSE
C103234,Vikram Dey,Male,46,Kolkata,21-05-2025,Prepaid,389.97,19108.53,49,5G,2 Year,Bank Transfer,10,No,,FALSE
C103235,Sneha Sen,Female,49,Hyderabad,25-04-2025,Postpaid,1723.28,68931.2,40,None,Monthly,Cash,12,No,,FALSE
C103236,Vikram Ghosh,Male,20,Delhi,04-05-2025,Prepaid,1429.25,18580.25,13,None,1 Year,UPI,4,Yes,,FALSE
C103237,Priya Das,Female,68,Chennai,23-07-2025,Postpaid,1104.41,30923.48,28,5G,2 Year,UPI,11,No,,FALSE
C103238,Ananya Sharma,Female,28,Bangalore,20-10-2025,Prepaid,855.84,2567.52,3,Fiber,2 Year,Bank Transfer,7,Yes,,FALSE
C103239,Sourav Sen,Male,42,,09-02-2025,Postpaid,1158.06,59061.06,51,Fiber,Monthly,Bank Transfer,4,Yes,,FALSE
C103240,Riya Dey,Male,69,Chennai,30-09-2025,Prepaid,,29436.75,49,None,2 Year,Card,1,Yes,,FALSE
C103241,Neha Ghosh,Male,27,Chennai,18-03-2025,Prepaid,1081.59,17305.44,16,DSL,Monthly,UPI,2,No,,FALSE
C103242,Ananya Sharma,Male,42,Chennai,26-06-2025,Postpaid,1146.23,72212.49,63,Fiber,1 Year,Card,11,No,,FALSE
C103243,Rohit Das,Male,62,Delhi,31-03-2025,Postpaid,1927.55,28913.25,15,None,Monthly,Card,3,No,,FALSE
C103244,Riya Singh,Male,59,Kolkata,13-12-2025,Postpaid,694.29,43740.27,63,DSL,Monthly,Bank Transfer,2,Yes,,FALSE
C103245,Rohit Das,Female,46,Hyderabad,18-09-2025,Postpaid,1822.85,56508.35,31,Fiber,2 Year,Bank Transfer,2,No,,FALSE
C103246,Amit Ghosh,Male,21,Hyderabad,02-01-2025,Postpaid,1992.84,85692.12,43,5G,2 Year,Cash,7,Yes,,FALSE
C103247,Amit Gupta,Male,43,Bangalore,27-10-2025,Postpaid,1440.39,54734.82,38,None,Monthly,Card,8,Yes,,FALSE
C103248,Amit Das,Male,45,Delhi,23-02-2025,Prepaid,516.02,5160.2,10,Fiber,Monthly,Card,0,Yes,,FALSE
C103249,Ananya Sharma,Male,19,Delhi,27-07-2025,Postpaid,856.89,52270.29,61,5G,2 Year,UPI,2,Yes,,FALSE
C103250,Amit Sharma,Female,26,Mumbai,26-09-2025,Postpaid,607.31,10324.27,17,None,Monthly,Bank Transfer,3,Yes,,FALSE
C103251,Vikram Ghosh,Female,33,Chennai,16-04-2025,Postpaid,319.29,19795.98,62,DSL,Monthly,Card,1,No,,FALSE
C103252,Sourav Sharma,Male,70,Chennai,02-11-2025,Prepaid,614.87,43655.77,71,None,Monthly,Bank Transfer,1,Yes,,FALSE
C103253,Rohit Singh,Male,22,Chennai,02-01-2025,Prepaid,1731.17,100407.86,58,None,2 Year,Bank Transfer,10,No,,FALSE
C103254,Priya Sen,Male,74,Bangalore,01-02-2025,Postpaid,1223.34,36700.2,30,5G,1 Year,Card,4,No,,FALSE
C103255,Riya Sharma,Male,38,Delhi,30-04-2025,Postpaid,351.99,14079.6,40,5G,2 Year,Card,3,No,,FALSE
C103256,Vikram Sharma,Male,53,Chennai,30-11-2025,Prepaid,1433.13,18630.69,13,5G,Monthly,Card,11,No,,FALSE
C103257,Vikram Roy,Female,49,Chennai,06-09-2025,Postpaid,1304.65,80888.3,62,DSL,1 Year,UPI,5,No,,FALSE
C103258,Sneha Sen,Male,67,Bangalore,09-01-2025,Postpaid,469.54,17842.52,38,None,1 Year,Cash,0,No,,FALSE
C103259,Neha Das,Female,31,Hyderabad,17-02-2025,Prepaid,453.04,13591.2,30,5G,1 Year,Card,0,Yes,,FALSE
C103260,Sneha Singh,Male,49,Mumbai,07-09-2025,Postpaid,1533.88,41414.76,27,Fiber,1 Year,UPI,12,Yes,,FALSE
C103261,Priya Dey,Male,49,Kolkata,08-01-2025,Postpaid,345.72,9680.16,28,5G,2 Year,,0,No,,FALSE
C103262,Rohit Gupta,Female,27,Mumbai,02-06-2025,Postpaid,963.96,12531.48,13,5G,1 Year,Card,2,No,,FALSE
C103263,Sourav Ghosh,Male,74,Chennai,05-12-2025,Prepaid,402.05,16886.1,42,5G,2 Year,Card,6,No,,FALSE
C103264,Riya Roy,Male,57,Chennai,26-06-2025,Postpaid,518.96,8303.36,16,Fiber,Monthly,Bank Transfer,11,No,,FALSE
C103265,Neha Kapoor,Female,18,Delhi,14-06-2025,Postpaid,466.82,32210.58,69,5G,2 Year,Cash,11,Yes,,FALSE
C103266,Amit Sharma,Female,70,Delhi,29-01-2025,Postpaid,747.02,43327.16,58,Fiber,1 Year,Bank Transfer,6,No,,FALSE
C103267,Amit Sharma,Male,69,Hyderabad,21-07-2025,Postpaid,315.35,11352.6,36,5G,2 Year,Card,0,Yes,,FALSE
C103268,Priya Singh,Male,22,Delhi,19-11-2025,Prepaid,1802.25,52265.25,29,None,2 Year,Cash,0,Yes,,FALSE
C103269,Rohit Kapoor,Female,71,Delhi,23-09-2025,Postpaid,1630.83,53817.39,33,Fiber,Monthly,UPI,0,No,,FALSE
C103270,Sourav Singh,Female,20,Delhi,16-11-2025,Postpaid,796.91,2390.73,3,None,2 Year,Card,4,No,,FALSE
C103271,Rahul Singh,Male,40,Delhi,22-07-2025,Postpaid,913.18,20089.96,22,DSL,1 Year,Cash,6,Yes,,FALSE
C103272,Riya Paul,Female,23,Hyderabad,10-02-2025,Prepaid,1200.59,30014.75,25,Fiber,Monthly,UPI,12,No,,FALSE
C103273,Ananya Sharma,Male,40,Delhi,17-10-2025,Postpaid,1457.15,33514.45,23,Fiber,1 Year,Card,1,No,,FALSE
C103274,Priya Gupta,Female,19,Kolkata,20-11-2025,Postpaid,1774.63,101153.91,57,5G,1 Year,Cash,12,No,,FALSE
C103275,Priya Sharma,Male,74,Mumbai,25-12-2025,Prepaid,,42263.75,25,Fiber,2 Year,Cash,6,No,,FALSE
C103276,Sourav Das,Female,21,Chennai,11-05-2025,Postpaid,914.78,19210.38,21,5G,1 Year,Cash,4,No,,FALSE
C103277,Amit Singh,Female,66,Kolkata,07-12-2025,Prepaid,1330.8,86502,65,DSL,2 Year,UPI,1,Yes,,FALSE
C103278,Rohit Singh,Female,73,Hyderabad,01-11-2025,Prepaid,1374.62,78353.34,57,None,2 Year,Bank Transfer,9,Yes,,FALSE
C103279,Rohit Dey,Female,63,Kolkata,03-01-2025,Postpaid,1855.26,64934.1,35,None,1 Year,Bank Transfer,6,Yes,,FALSE
C103280,Rohit Dey,Female,74,Chennai,10-01-2025,Postpaid,,27888.2,20,DSL,1 Year,Cash,10,No,,FALSE
C103281,Riya Sen,Female,44,Chennai,24-01-2025,Postpaid,1750.29,57759.57,33,DSL,1 Year,Card,5,Yes,,FALSE
C103282,Riya Das,Female,54,Mumbai,03-10-2025,Postpaid,1752.5,22782.5,13,5G,1 Year,Cash,12,No,,FALSE
C103283,Sourav Sharma,Male,45,Chennai,03-03-2025,Prepaid,1479.14,81352.7,55,5G,Monthly,Cash,4,Yes,,FALSE
C103284,Sourav Paul,Female,39,Kolkata,29-09-2025,Postpaid,491.48,13269.96,27,None,1 Year,Bank Transfer,9,Yes,,FALSE
C103285,Sourav Sen,Female,19,Bangalore,24-01-2025,Postpaid,1736.72,83362.56,48,5G,1 Year,Cash,7,Yes,,FALSE
C103286,Riya Gupta,Male,35,Mumbai,06-07-2025,Prepaid,903.24,4516.2,5,Fiber,1 Year,Bank Transfer,4,No,,FALSE
C103287,Neha Paul,Female,57,Bangalore,15-06-2025,Prepaid,359.83,13313.71,37,5G,1 Year,Card,7,No,,FALSE
C103288,Ananya Ghosh,Female,35,Bangalore,11-12-2025,Postpaid,756.45,53707.95,71,DSL,Monthly,Bank Transfer,11,No,,FALSE
C103289,Ananya Sharma,Female,29,Mumbai,06-01-2025,Postpaid,1503.59,1503.59,1,DSL,1 Year,Cash,2,Yes,,FALSE
C103290,Vikram Dey,Female,48,Kolkata,12-10-2025,Postpaid,1271.03,63551.5,50,DSL,2 Year,Cash,6,Yes,,FALSE
C103291,Neha Dey,Male,33,Hyderabad,06-04-2025,Postpaid,1871.71,99200.63,53,None,2 Year,Bank Transfer,4,Yes,,FALSE
C103292,Ananya Sharma,Male,59,Bangalore,05-11-2025,Postpaid,633.13,23425.81,37,Fiber,1 Year,Bank Transfer,3,No,,FALSE
C103293,Rohit Roy,Female,49,Bangalore,24-02-2025,Postpaid,1456.3,87378,60,5G,2 Year,UPI,9,Yes,,FALSE
C103294,Sourav Paul,Female,42,Kolkata,18-12-2025,Postpaid,1905.23,47630.75,25,DSL,1 Year,Card,5,Yes,,FALSE
C103295,Ananya Kapoor,Female,24,Chennai,01-02-2025,Postpaid,1329.94,66497,50,DSL,Monthly,UPI,7,Yes,,FALSE
C103296,Sneha Singh,Male,19,Mumbai,17-04-2025,Postpaid,406.63,27650.84,68,5G,Monthly,Card,6,Yes,,FALSE
C103297,Priya Dey,Male,66,Kolkata,23-12-2025,Postpaid,1358.98,48923.28,36,5G,2 Year,UPI,1,Yes,,FALSE
C103298,Rohit Sharma,Male,54,Kolkata,24-02-2025,Prepaid,1013.9,39542.1,39,None,2 Year,UPI,4,No,,FALSE
C103299,Priya Roy,Male,40,Mumbai,29-04-2025,Prepaid,462.01,20790.45,45,5G,2 Year,Cash,6,No,,FALSE
C103300,Neha Singh,Male,59,Chennai,12-12-2025,Prepaid,561.11,18516.63,33,None,1 Year,Bank Transfer,2,No,,FALSE
C103301,Riya Sen,Female,42,Hyderabad,09-10-2025,Postpaid,1104.88,35356.16,32,Fiber,2 Year,Card,0,Yes,,FALSE
C103302,Amit Das,Female,73,Chennai,15-04-2025,Prepaid,1106.33,64167.14,58,None,Monthly,Bank Transfer,0,No,,FALSE
C103303,Riya Paul,Male,40,Delhi,02-12-2025,Postpaid,567.5,14755,26,DSL,2 Year,Cash,2,No,,FALSE
C103304,Riya Paul,Male,53,Hyderabad,19-09-2025,Postpaid,1594.9,95694,60,Fiber,Monthly,Cash,7,Yes,,FALSE
C103305,Riya Dey,Female,50,Chennai,12-02-2025,Prepaid,1115.22,70258.86,63,5G,Monthly,Cash,6,Yes,,FALSE
C103306,Sourav Ghosh,Male,56,Hyderabad,25-05-2025,Prepaid,1771.54,86805.46,49,5G,1 Year,Card,1,Yes,,FALSE
C103307,Rohit Das,Male,27,Bangalore,22-02-2025,Prepaid,784.62,2353.86,3,DSL,2 Year,Bank Transfer,3,Yes,,FALSE
C103308,Amit Kapoor,Female,47,Bangalore,28-09-2025,Prepaid,1979.24,15833.92,8,5G,2 Year,Cash,3,No,,FALSE
C103309,Sneha Ghosh,Male,38,Kolkata,05-12-2025,Prepaid,433.21,1732.84,4,Fiber,Monthly,Bank Transfer,8,No,,FALSE
C103310,Sneha Das,Male,41,Bangalore,30-01-2025,Prepaid,1051.96,53649.96,51,Fiber,2 Year,Cash,4,Yes,,FALSE
C103311,Rahul Gupta,Male,23,Kolkata,05-04-2025,Prepaid,910.08,52784.64,58,None,Monthly,Cash,3,Yes,,FALSE
C103312,Rahul Das,Male,71,Kolkata,05-12-2025,Postpaid,1678.18,104047.16,62,DSL,1 Year,Card,1,Yes,,FALSE
C103313,Rohit Sharma,Male,73,Bangalore,09-02-2025,Prepaid,1912.8,40168.8,21,None,1 Year,,11,No,,FALSE
C103314,Ananya Das,Female,43,Mumbai,24-06-2025,Prepaid,589.82,4128.74,7,5G,1 Year,UPI,1,Yes,,FALSE
C103315,Ananya Sharma,Male,68,Delhi,05-05-2025,Prepaid,1925.65,9628.25,5,Fiber,2 Year,Bank Transfer,9,No,,FALSE
C103316,Neha Sen,Female,21,Bangalore,06-09-2025,Postpaid,1118.26,22365.2,20,None,Monthly,Bank Transfer,4,No,,FALSE
C103317,Ananya Sharma,Female,42,Mumbai,02-04-2025,Postpaid,837.6,16752,20,None,1 Year,UPI,6,No,,FALSE
C103318,Priya Gupta,Female,60,Delhi,24-02-2025,Prepaid,1004.55,65295.75,65,None,1 Year,UPI,12,Yes,,FALSE
C103319,Priya Kapoor,Male,37,Delhi,12-10-2025,Prepaid,1247.73,89836.56,72,Fiber,2 Year,Cash,10,No,,FALSE
C103320,Amit Kapoor,Female,40,Hyderabad,08-10-2025,Postpaid,370.47,23339.61,63,5G,Monthly,Bank Transfer,4,No,,FALSE
C103321,Rohit Roy,Female,23,Mumbai,27-07-2025,Postpaid,1839.43,71737.77,39,Fiber,2 Year,UPI,11,No,,FALSE
C103322,Priya Sen,Female,72,,20-09-2025,Postpaid,409.16,2454.96,6,DSL,1 Year,Bank Transfer,9,No,,FALSE
C103323,Priya Kapoor,Male,20,Delhi,18-03-2025,Prepaid,542.07,20598.66,38,None,1 Year,UPI,7,Yes,,FALSE
C103324,Rohit Sen,Female,20,Delhi,23-10-2025,Postpaid,1208.29,66455.95,55,DSL,2 Year,Card,9,No,,FALSE
C103325,Rahul Ghosh,Female,43,Kolkata,24-08-2025,Prepaid,1552.24,82268.72,53,5G,Monthly,UPI,12,No,,FALSE
C103326,Riya Ghosh,Male,45,Hyderabad,02-10-2025,Prepaid,435.56,871.12,2,Fiber,1 Year,Cash,8,No,,FALSE
C103327,Ananya Ghosh,Female,29,Bangalore,22-02-2025,Postpaid,781.71,50811.15,65,None,1 Year,UPI,6,No,,FALSE
C103328,Neha Roy,Male,49,Chennai,30-04-2025,Postpaid,1468.7,24967.9,17,Fiber,1 Year,Card,0,Yes,,FALSE
C103329,Amit Ghosh,Female,25,Chennai,24-04-2025,Prepaid,568.35,26712.45,47,None,1 Year,Bank Transfer,12,Yes,,FALSE
C103330,Priya Roy,Male,75,Delhi,31-10-2025,Postpaid,1451.38,98693.84,68,5G,2 Year,Cash,10,No,,FALSE
C103331,Vikram Sharma,Male,55,Mumbai,10-12-2025,Prepaid,1980.24,136636.56,69,5G,1 Year,Card,0,Yes,,FALSE
C103332,Vikram Dey,Male,44,Mumbai,03-07-2025,Postpaid,1562.08,20307.04,13,Fiber,Monthly,Cash,10,Yes,,FALSE
C103333,Sourav Sen,Female,63,Kolkata,26-04-2025,Postpaid,1548.88,10842.16,7,5G,2 Year,Bank Transfer,9,Yes,,FALSE
C103334,Sourav Das,Female,38,Hyderabad,31-07-2025,Prepaid,964.42,15430.72,16,None,1 Year,Cash,11,Yes,,FALSE
C103335,Ananya Sen,Female,42,Chennai,07-09-2025,Prepaid,524.68,3672.76,7,DSL,Monthly,Card,2,No,,FALSE
C103336,Vikram Sharma,Female,73,Chennai,18-05-2025,Prepaid,910.3,32770.8,36,None,2 Year,Cash,3,No,,FALSE
C103337,Rohit Das,Male,24,Kolkata,24-11-2025,Prepaid,1854.1,127932.9,69,None,1 Year,Bank Transfer,8,No,,FALSE
C103338,Sneha Paul,Male,50,Kolkata,03-01-2025,Postpaid,1985.91,73478.67,37,None,Monthly,Card,11,No,,FALSE
C103339,Vikram Paul,Female,71,Kolkata,16-07-2025,Postpaid,301.23,16266.42,54,DSL,1 Year,Bank Transfer,9,Yes,,FALSE
C103340,Neha Sharma,Female,36,Hyderabad,11-10-2025,Prepaid,1093.71,40467.27,37,Fiber,1 Year,Cash,0,Yes,,FALSE
C103341,Amit Gupta,Female,49,,08-07-2025,Prepaid,1279.81,87027.08,68,DSL,Monthly,UPI,5,Yes,,FALSE
C103342,Vikram Ghosh,Female,75,Delhi,02-06-2025,Postpaid,1820.54,29128.64,16,DSL,2 Year,UPI,8,No,,FALSE
C103343,Sourav Roy,Male,29,Chennai,16-06-2025,Prepaid,821.68,51765.84,63,None,Monthly,Bank Transfer,5,Yes,,FALSE
C103344,Amit Dey,Female,29,Kolkata,13-06-2025,Postpaid,928.77,1857.54,2,Fiber,Monthly,Card,5,Yes,,FALSE
C103345,Riya Dey,Female,34,Hyderabad,26-06-2025,Prepaid,436.06,26163.6,60,5G,Monthly,Card,9,Yes,,FALSE
C103346,Priya Dey,Male,74,Delhi,17-02-2025,Postpaid,1378.68,93750.24,68,Fiber,Monthly,UPI,11,Yes,,FALSE
C103347,Rahul Singh,Female,49,Kolkata,19-06-2025,Postpaid,1373.32,46692.88,34,DSL,Monthly,Card,7,No,,FALSE
C103348,Sourav Dey,Female,62,Bangalore,26-04-2025,Postpaid,1632.81,31023.39,19,DSL,Monthly,Card,10,No,,FALSE
C103349,Sourav Sharma,Female,29,Bangalore,12-04-2025,Postpaid,1323.64,35738.28,27,Fiber,1 Year,UPI,2,No,,FALSE
C103350,Sneha Paul,Female,71,Chennai,14-02-2025,Prepaid,645.1,10321.6,16,5G,2 Year,UPI,9,Yes,,FALSE
C103351,Rohit Sen,Female,75,Delhi,17-04-2025,Postpaid,960.93,53812.08,56,5G,2 Year,Card,1,No,,FALSE
C103352,Neha Singh,Female,75,,10-10-2025,Prepaid,1477.07,60559.87,41,5G,Monthly,Bank Transfer,1,No,,FALSE
C103353,Priya Dey,Female,42,Chennai,09-10-2025,Postpaid,1641.62,49248.6,30,None,Monthly,Card,10,Yes,,FALSE
C103354,Amit Sen,Male,26,Mumbai,21-12-2025,Prepaid,312.32,8120.32,26,Fiber,2 Year,Cash,0,Yes,,FALSE
C103355,Amit Gupta,Male,38,Delhi,03-01-2025,Prepaid,1336.99,5347.96,4,5G,Monthly,Cash,6,No,,FALSE
C103356,Riya Roy,Female,50,Kolkata,24-03-2025,Postpaid,1093.41,42642.99,39,5G,1 Year,Cash,6,Yes,,FALSE
C103357,Sneha Gupta,Male,44,Chennai,30-01-2025,Prepaid,,22633,65,DSL,Monthly,UPI,9,No,,FALSE
C103358,Neha Dey,Male,19,Delhi,26-08-2025,Postpaid,1333.8,16005.6,12,Fiber,2 Year,Cash,5,Yes,,FALSE
C103359,Rahul Paul,Female,51,Mumbai,26-07-2025,Postpaid,534.63,27266.13,51,DSL,2 Year,UPI,6,No,,FALSE
C103360,Sourav Dey,Male,18,Mumbai,07-09-2025,Prepaid,942.28,1884.56,2,5G,2 Year,Card,5,Yes,,FALSE
C103361,Vikram Sharma,Female,52,Chennai,08-02-2025,Postpaid,940.64,32922.4,35,DSL,Monthly,Bank Transfer,1,No,,FALSE
C103362,Priya Sharma,Male,56,Chennai,19-04-2025,Postpaid,313.26,17855.82,57,Fiber,2 Year,Bank Transfer,11,No,,FALSE
C103363,Vikram Paul,Male,34,Delhi,01-10-2025,Prepaid,1975.33,134322.44,68,DSL,1 Year,Cash,12,No,,FALSE
C103364,Riya Roy,Female,52,Kolkata,04-04-2025,Prepaid,1859.49,91115.01,49,DSL,Monthly,UPI,6,No,,FALSE
C103365,Ananya Paul,Female,65,Hyderabad,17-12-2025,Postpaid,805,43470,54,DSL,2 Year,UPI,8,No,,FALSE
C103366,Sneha Gupta,Male,64,Hyderabad,21-06-2025,Prepaid,313.64,22582.08,72,None,Monthly,Card,6,No,,FALSE
C103367,Priya Ghosh,Female,19,Bangalore,04-10-2025,Prepaid,1987.02,73519.74,37,DSL,2 Year,Cash,3,Yes,,FALSE
C103368,Priya Gupta,Female,36,Bangalore,12-03-2025,Postpaid,1953.22,42970.84,22,None,2 Year,Bank Transfer,11,No,,FALSE
C103369,Riya Dey,Male,33,Bangalore,26-04-2025,Prepaid,1718.61,44683.86,26,5G,2 Year,Cash,6,No,,FALSE
C103370,Rahul Gupta,Female,26,Hyderabad,25-07-2025,Postpaid,1196.39,5981.95,5,Fiber,Monthly,Bank Transfer,7,No,,FALSE
C103371,Amit Das,Female,36,Chennai,06-12-2025,Postpaid,1948.89,103291.17,53,None,1 Year,Card,5,No,,FALSE
C103372,Ananya Dey,Female,60,Bangalore,21-08-2025,Prepaid,553.47,21585.33,39,DSL,2 Year,UPI,7,Yes,,FALSE
C103373,Rohit Sharma,Female,26,Hyderabad,13-01-2025,Prepaid,1101.7,59491.8,54,5G,1 Year,UPI,3,Yes,,FALSE
C103374,Vikram Dey,Male,46,Mumbai,12-11-2025,Prepaid,1246.07,37382.1,30,DSL,2 Year,Cash,2,Yes,,FALSE
C103375,Vikram Kapoor,Male,40,Chennai,31-07-2025,Postpaid,1018.45,33608.85,33,Fiber,Monthly,Card,5,No,,FALSE
C103376,Vikram Sharma,Female,41,Mumbai,09-09-2025,Prepaid,755.76,48368.64,64,5G,2 Year,Card,6,Yes,,FALSE
C103377,Rahul Kapoor,Male,48,Kolkata,09-02-2025,Prepaid,1364.72,40941.6,30,None,1 Year,Bank Transfer,6,Yes,,FALSE
C103378,Neha Sharma,Male,55,Kolkata,25-01-2025,Prepaid,427.3,23928.8,56,None,1 Year,Bank Transfer,10,No,,FALSE
C103379,Sneha Sharma,Male,37,Kolkata,31-08-2025,Postpaid,1901.7,83674.8,44,None,Monthly,Cash,11,No,,FALSE
C103380,Rahul Ghosh,Male,73,Hyderabad,08-03-2025,Postpaid,1666.47,34995.87,21,None,2 Year,Card,0,No,,FALSE
C103381,Sourav Kapoor,Female,67,Bangalore,19-10-2025,Prepaid,567.34,14750.84,26,Fiber,2 Year,Cash,0,No,,FALSE
C103382,Riya Das,Male,66,Hyderabad,10-05-2025,Prepaid,1768.7,15918.3,9,DSL,1 Year,UPI,0,No,,FALSE
C103383,Riya Kapoor,Female,35,Mumbai,08-06-2025,Postpaid,550.08,12651.84,23,None,1 Year,Card,6,No,,FALSE
C103384,Rohit Gupta,Female,21,Hyderabad,15-05-2025,Prepaid,1953.36,80087.76,41,Fiber,1 Year,UPI,2,No,,FALSE
C103385,Vikram Dey,Female,62,Delhi,03-07-2025,Postpaid,625.82,28787.72,46,5G,2 Year,Card,0,No,,FALSE
C103386,Ananya Roy,Male,64,Mumbai,26-01-2025,Prepaid,1443.28,12989.52,9,None,1 Year,Card,0,Yes,,FALSE
C103387,Riya Gupta,Female,58,Delhi,26-11-2025,Postpaid,1324.26,23836.68,18,DSL,Monthly,Card,9,No,,FALSE
C103388,Riya Singh,Male,40,Delhi,30-08-2025,Postpaid,1192.01,70328.59,59,DSL,1 Year,,11,No,,FALSE
C103389,Vikram Sen,Female,57,Kolkata,16-10-2025,Prepaid,554.58,34383.96,62,None,1 Year,UPI,0,Yes,,FALSE
C103390,Rohit Roy,Male,56,Chennai,19-10-2025,Prepaid,1249.36,71213.52,57,Fiber,1 Year,Bank Transfer,2,Yes,,FALSE
C103391,Ananya Dey,Female,26,Chennai,29-08-2025,Prepaid,514.3,33429.5,65,DSL,1 Year,UPI,0,No,,FALSE
C103392,Neha Paul,Male,59,Delhi,28-09-2025,Postpaid,1097.27,51571.69,47,DSL,1 Year,Bank Transfer,6,No,,FALSE
C103393,Sneha Singh,Male,25,Delhi,21-05-2025,Prepaid,1988.63,37783.97,19,None,2 Year,UPI,8,Yes,,FALSE
C103394,Sneha Paul,Female,44,Chennai,29-11-2025,Postpaid,419.9,11757.2,28,DSL,1 Year,,8,No,,FALSE
C103395,Riya Sen,Male,72,Mumbai,25-09-2025,Prepaid,1351.94,56781.48,42,Fiber,2 Year,UPI,12,Yes,,FALSE
C103396,Amit Das,Male,29,Delhi,12-05-2025,Postpaid,823.56,42001.56,51,None,2 Year,Card,12,No,,FALSE
C103397,Rahul Ghosh,Male,58,Bangalore,13-01-2025,Postpaid,,22841.26,59,Fiber,2 Year,Cash,2,No,,FALSE
C103398,Sourav Roy,Female,60,Hyderabad,03-12-2025,Prepaid,614.35,17201.8,28,DSL,1 Year,Bank Transfer,7,Yes,,FALSE
C103399,Rahul Singh,Female,18,Kolkata,04-09-2025,Prepaid,1329.83,85109.12,64,None,2 Year,Cash,7,No,,FALSE
C103400,Neha Kapoor,Male,28,Bangalore,17-10-2025,Prepaid,1353.54,33838.5,25,5G,1 Year,Bank Transfer,4,Yes,,FALSE
C103401,Vikram Ghosh,Female,73,Hyderabad,19-10-2025,Prepaid,1444.17,101091.9,70,DSL,1 Year,Card,11,Yes,,FALSE
C103402,Ananya Das,Female,24,Chennai,23-10-2025,Postpaid,1664.56,89886.24,54,DSL,1 Year,Bank Transfer,7,No,,FALSE
C103403,Sneha Sen,Male,24,Kolkata,28-11-2025,Postpaid,1391.73,65411.31,47,DSL,Monthly,Card,10,No,,FALSE
C103404,Sourav Das,Female,70,Hyderabad,18-02-2025,Postpaid,859.1,54982.4,64,None,1 Year,UPI,2,Yes,,FALSE
C103405,Rahul Roy,Female,69,Chennai,06-08-2025,Postpaid,1662.01,4986.03,3,5G,2 Year,Cash,0,Yes,,FALSE
C103406,Ananya Sen,Male,40,Hyderabad,04-08-2025,Prepaid,1381.05,22096.8,16,Fiber,2 Year,UPI,5,Yes,,FALSE
C103407,Sourav Paul,Male,74,Mumbai,12-10-2025,Postpaid,1717.96,109949.44,64,DSL,2 Year,Cash,4,No,,FALSE
C103408,Vikram Paul,Female,67,Delhi,10-04-2025,Prepaid,603.28,14478.72,24,Fiber,2 Year,Bank Transfer,2,No,,FALSE
C103409,Amit Sharma,Female,66,Delhi,17-08-2025,Prepaid,1215.4,32815.8,27,Fiber,1 Year,Bank Transfer,4,No,,FALSE
C103410,Neha Kapoor,Female,69,Delhi,14-12-2025,Postpaid,1308.32,19624.8,15,DSL,2 Year,Bank Transfer,10,Yes,,FALSE
C103411,Neha Roy,Female,53,Bangalore,07-12-2025,Prepaid,309.78,11152.08,36,5G,1 Year,Card,10,No,,FALSE
C103412,Riya Sharma,Female,51,Hyderabad,26-02-2025,Prepaid,308.42,13262.06,43,5G,Monthly,UPI,12,Yes,,FALSE
C103413,Sourav Gupta,Male,30,Kolkata,02-09-2025,Postpaid,1409.15,16909.8,12,Fiber,1 Year,Bank Transfer,11,No,,FALSE
C103414,Priya Paul,Female,44,Bangalore,24-08-2025,Postpaid,1916.15,105388.25,55,Fiber,Monthly,Bank Transfer,0,No,,FALSE
C103415,Priya Sharma,Male,33,Bangalore,01-12-2025,Postpaid,1990.17,69655.95,35,5G,1 Year,Cash,11,No,,FALSE
C103416,Sourav Ghosh,Female,47,Mumbai,13-03-2025,Postpaid,1011.73,48563.04,48,None,1 Year,UPI,12,Yes,,FALSE
C103417,Ananya Paul,Male,39,Hyderabad,19-03-2025,Prepaid,1035.48,1035.48,1,DSL,Monthly,Bank Transfer,6,Yes,,FALSE
C103418,Rahul Kapoor,Male,25,Bangalore,21-06-2025,Prepaid,1494.06,59762.4,40,None,Monthly,UPI,5,Yes,,FALSE
C103419,Neha Sharma,Female,67,Hyderabad,28-09-2025,Prepaid,579.36,22015.68,38,None,Monthly,Card,,No,,FALSE
C103420,Riya Das,Male,25,Bangalore,23-07-2025,Prepaid,1774.01,81604.46,46,None,2 Year,UPI,3,No,,FALSE
C103421,Neha Sharma,Female,72,Kolkata,03-03-2025,Postpaid,397.06,23426.54,59,None,1 Year,Cash,10,Yes,,FALSE
C103422,Rahul Paul,Female,24,Hyderabad,25-01-2025,Postpaid,1000.09,37003.33,37,5G,2 Year,Cash,1,Yes,,FALSE
C103423,Vikram Gupta,Female,27,Hyderabad,29-08-2025,Postpaid,671.28,44304.48,66,DSL,1 Year,Card,7,No,,FALSE
C103424,Sourav Dey,Female,57,Mumbai,17-08-2025,Postpaid,1975.56,102729.12,52,DSL,2 Year,Card,0,Yes,,FALSE
C103425,Ananya Singh,Female,54,Delhi,30-10-2025,Postpaid,409.16,23322.12,57,Fiber,Monthly,Card,12,Yes,,FALSE
C103426,Priya Das,Female,42,Bangalore,17-08-2025,Prepaid,1757.42,101930.36,58,5G,Monthly,Card,8,Yes,,FALSE
C103427,Neha Das,Male,36,Bangalore,10-02-2025,Postpaid,823.6,42827.2,52,5G,Monthly,Bank Transfer,10,Yes,,FALSE
C103428,Ananya Paul,Female,60,Hyderabad,01-05-2025,Postpaid,1422.13,39819.64,28,Fiber,Monthly,UPI,10,Yes,,FALSE
C103429,Priya Sen,Female,41,Chennai,12-01-2025,Prepaid,1170.52,16387.28,14,5G,1 Year,UPI,4,No,,FALSE
C103430,Rohit Sharma,Female,64,Hyderabad,07-10-2025,Prepaid,777.42,31096.8,40,5G,Monthly,Card,,No,,FALSE
C103431,Priya Das,Male,27,Bangalore,01-10-2025,Prepaid,1250.53,80033.92,64,Fiber,2 Year,Cash,10,Yes,,FALSE
C103432,Vikram Das,Female,58,Delhi,11-02-2025,Postpaid,1704.67,93756.85,55,None,2 Year,Cash,1,Yes,,FALSE
C103433,Neha Singh,Male,48,Kolkata,29-07-2025,Postpaid,1463.22,87793.2,60,Fiber,2 Year,UPI,5,No,,FALSE
C103434,Rahul Singh,Female,53,Bangalore,31-12-2025,Postpaid,775.22,15504.4,20,None,Monthly,Bank Transfer,0,Yes,,FALSE
C103435,Ananya Das,Female,32,Kolkata,18-08-2025,Postpaid,634.4,5075.2,8,None,Monthly,Card,10,No,,FALSE
C103436,Riya Kapoor,Female,57,Hyderabad,21-02-2025,Postpaid,1376.24,53673.36,39,5G,2 Year,Card,2,No,,FALSE
C103437,Amit Kapoor,Male,22,Mumbai,15-05-2025,Prepaid,439.68,2198.4,5,DSL,1 Year,Cash,11,No,,FALSE
C103438,Rohit Roy,Female,21,Chennai,30-03-2025,Prepaid,855.54,59032.26,69,5G,2 Year,Bank Transfer,4,Yes,,FALSE
C103439,Amit Das,Male,62,Chennai,21-11-2025,Prepaid,734.32,26435.52,36,Fiber,Monthly,Bank Transfer,10,No,,FALSE
C103440,Priya Ghosh,Male,48,Mumbai,15-11-2025,Postpaid,,68766.36,52,5G,Monthly,Card,3,No,,FALSE
C103441,Sneha Paul,Female,41,Mumbai,02-03-2025,Postpaid,1156.21,2312.42,2,5G,Monthly,Bank Transfer,2,Yes,,FALSE
C103442,Amit Das,Male,27,Chennai,28-06-2025,Postpaid,698.04,25129.44,36,None,1 Year,Cash,,Yes,,FALSE
C103443,Ananya Sharma,Male,49,Bangalore,30-12-2025,Postpaid,1806.02,46956.52,26,5G,1 Year,UPI,4,Yes,,FALSE
C103444,Vikram Roy,Female,57,Mumbai,07-07-2025,Postpaid,369.83,14053.54,38,None,2 Year,Card,9,Yes,,FALSE
C103445,Sourav Roy,Female,73,Chennai,26-08-2025,Prepaid,338.61,19639.38,58,None,Monthly,UPI,5,No,,FALSE
C103446,Amit Kapoor,Male,52,Mumbai,28-12-2025,Prepaid,1703.91,30670.38,18,None,1 Year,Bank Transfer,0,Yes,,FALSE
C103447,Amit Gupta,Male,23,Mumbai,03-06-2025,Prepaid,635.54,30505.92,48,5G,1 Year,Cash,5,No,,FALSE
C103448,Sourav Sen,Female,72,Kolkata,02-05-2025,Postpaid,1164.85,81539.5,70,None,Monthly,UPI,12,No,,FALSE
C103449,Neha Dey,Male,33,Mumbai,27-12-2025,Prepaid,612.33,39801.45,65,DSL,2 Year,Cash,12,No,,FALSE
C103450,Riya Kapoor,Female,46,Delhi,20-06-2025,Prepaid,1735.56,81571.32,47,DSL,2 Year,Bank Transfer,6,Yes,,FALSE
C103451,Sneha Singh,Female,28,Delhi,13-12-2025,Postpaid,319.44,6388.8,20,DSL,2 Year,Cash,1,Yes,,FALSE
C103452,Vikram Kapoor,Male,51,Hyderabad,10-08-2025,Prepaid,1059.87,8478.96,8,5G,1 Year,UPI,0,No,,FALSE
C103453,Amit Paul,Male,60,Kolkata,15-07-2025,Prepaid,638.46,43415.28,68,None,Monthly,Bank Transfer,11,Yes,,FALSE
C103454,Riya Das,Male,49,Mumbai,04-08-2025,Prepaid,933.54,60680.1,65,Fiber,1 Year,Cash,9,No,,FALSE
C103455,Ananya Sharma,Female,59,Chennai,03-06-2025,Prepaid,1850.96,99951.84,54,DSL,Monthly,Bank Transfer,2,Yes,,FALSE
C103456,Vikram Kapoor,Male,61,Chennai,05-02-2025,Prepaid,1811.29,128601.59,71,Fiber,1 Year,UPI,4,Yes,,FALSE
C103457,Sourav Dey,Male,31,,29-11-2025,Postpaid,342.63,17816.76,52,5G,1 Year,Bank Transfer,3,No,,FALSE
C103458,Amit Kapoor,Female,26,Bangalore,02-08-2025,Prepaid,1727.7,25915.5,15,DSL,Monthly,UPI,10,Yes,,FALSE
C103459,Rohit Sen,Male,69,Chennai,29-08-2025,Postpaid,694.99,27104.61,39,5G,1 Year,Bank Transfer,2,Yes,,FALSE
C103460,Rahul Das,Female,53,Delhi,25-08-2025,Prepaid,1244.44,19911.04,16,Fiber,2 Year,Card,1,Yes,,FALSE
C103461,Riya Singh,Female,28,Kolkata,22-04-2025,Prepaid,905.57,45278.5,50,DSL,2 Year,Card,1,Yes,,FALSE
C103462,Riya Sharma,Female,22,Mumbai,27-12-2025,Prepaid,1196.3,75366.9,63,DSL,1 Year,Bank Transfer,8,Yes,,FALSE
C103463,Neha Roy,Male,73,Bangalore,22-04-2025,Prepaid,1205.21,13257.31,11,5G,Monthly,Cash,5,Yes,,FALSE
C103464,Sourav Das,Male,73,Kolkata,22-10-2025,Postpaid,,34437.71,59,DSL,Monthly,UPI,0,Yes,,FALSE
C103465,Priya Sen,Female,47,Hyderabad,28-03-2025,Prepaid,1587.15,38091.6,24,DSL,2 Year,UPI,1,Yes,,FALSE
C103466,Amit Sharma,Male,60,Chennai,09-06-2025,Prepaid,1922.48,111503.84,58,Fiber,1 Year,Cash,9,No,,FALSE
C103467,Rahul Gupta,Female,23,Mumbai,09-09-2025,Prepaid,1686.13,52270.03,31,Fiber,2 Year,Bank Transfer,5,Yes,,FALSE
C103468,Sneha Ghosh,Male,62,Mumbai,16-04-2025,Postpaid,311.24,22098.04,71,Fiber,Monthly,Cash,11,Yes,,FALSE
C103469,Priya Sharma,Female,44,Chennai,20-05-2025,Postpaid,852.28,14488.76,17,Fiber,1 Year,Card,0,No,,FALSE
C103470,Ananya Das,Male,60,Mumbai,03-12-2025,Prepaid,1676.23,16762.3,10,Fiber,2 Year,Cash,7,Yes,,FALSE
C103471,Rahul Gupta,Female,21,Kolkata,23-11-2025,Prepaid,797.81,15956.2,20,5G,2 Year,Cash,6,No,,FALSE
C103472,Sneha Kapoor,Male,33,Hyderabad,22-09-2025,Postpaid,1256.89,38963.59,31,None,1 Year,Card,3,Yes,,FALSE
C103473,Rahul Sharma,Male,55,Chennai,02-06-2025,Prepaid,1784.11,73148.51,41,None,Monthly,Cash,,No,,FALSE
C103474,Sourav Dey,Male,20,Hyderabad,04-03-2025,Postpaid,1511.73,18140.76,12,None,1 Year,UPI,12,Yes,,FALSE
C103475,Ananya Ghosh,Female,32,Bangalore,28-05-2025,Prepaid,1605.51,52981.83,33,Fiber,Monthly,UPI,12,Yes,,FALSE
C103476,Priya Kapoor,Female,26,Kolkata,04-11-2025,Prepaid,586.61,16425.08,28,None,2 Year,UPI,9,Yes,,FALSE
C103477,Rahul Gupta,Female,72,Kolkata,24-10-2025,Prepaid,1600.58,100836.54,63,None,1 Year,Cash,10,No,,FALSE
C103478,Priya Kapoor,Male,69,Hyderabad,16-03-2025,Postpaid,775.96,2327.88,3,DSL,2 Year,Cash,5,No,,FALSE
C103479,Riya Roy,Male,52,Mumbai,02-01-2025,Postpaid,1712.76,123318.72,72,None,Monthly,UPI,3,No,,FALSE
C103480,Riya Kapoor,Female,68,Kolkata,10-05-2025,Postpaid,685.72,30171.68,44,DSL,2 Year,Cash,1,No,,FALSE
C103481,Rohit Ghosh,Female,36,Delhi,08-01-2025,Prepaid,669.4,29453.6,44,Fiber,Monthly,UPI,6,No,,FALSE
C103482,Ananya Kapoor,Female,37,Mumbai,18-08-2025,Prepaid,631.86,38543.46,61,5G,Monthly,Cash,10,Yes,,FALSE
C103483,Amit Singh,Female,20,Kolkata,27-11-2025,Prepaid,1260.34,5041.36,4,5G,2 Year,Cash,10,No,,FALSE
C103484,Sneha Kapoor,Male,46,Bangalore,01-06-2025,Prepaid,555.48,3332.88,6,None,Monthly,Cash,0,Yes,,FALSE
C103485,Ananya Sen,Male,29,Mumbai,11-05-2025,Prepaid,587.66,27620.02,47,None,1 Year,Card,2,Yes,,FALSE
C103486,Priya Gupta,Female,54,Delhi,14-12-2025,Prepaid,807.59,36341.55,45,Fiber,1 Year,Card,7,Yes,,FALSE
C103487,Amit Dey,Male,40,Bangalore,07-04-2025,Prepaid,754.88,53596.48,71,DSL,2 Year,Cash,9,Yes,,FALSE
C103488,Neha Kapoor,Female,19,Bangalore,25-02-2025,Prepaid,577.18,40402.6,70,Fiber,1 Year,Bank Transfer,6,No,,FALSE
C103489,Riya Kapoor,Female,64,Bangalore,12-10-2025,Postpaid,1721.42,91235.26,53,None,Monthly,Bank Transfer,0,No,,FALSE
C103490,Priya Singh,Male,40,Chennai,25-10-2025,Prepaid,,12519.6,8,5G,1 Year,UPI,9,Yes,,FALSE
C103491,Amit Dey,Female,50,Hyderabad,21-06-2025,Prepaid,502.67,28149.52,56,5G,Monthly,Card,5,No,,FALSE
C103492,Vikram Kapoor,Female,27,Chennai,02-03-2025,Prepaid,717.4,1434.8,2,Fiber,1 Year,Card,8,Yes,,FALSE
C103493,Ananya Sen,Male,69,Bangalore,08-09-2025,Prepaid,1744.34,10466.04,6,Fiber,2 Year,Card,12,Yes,,FALSE
C103494,Rohit Sharma,Male,32,Hyderabad,09-08-2025,Postpaid,1831.14,131842.08,72,None,1 Year,Card,11,Yes,,FALSE
C103495,Ananya Sharma,Female,55,Kolkata,24-10-2025,Postpaid,1547.57,24761.12,16,Fiber,2 Year,Bank Transfer,7,No,,FALSE
C103496,Rohit Sharma,Female,66,Chennai,01-03-2025,Postpaid,891.19,35647.6,40,DSL,2 Year,Cash,12,No,,FALSE
C103497,Rohit Sen,Male,48,Hyderabad,21-11-2025,Postpaid,1237.92,33423.84,27,5G,1 Year,Cash,6,No,,FALSE
C103498,Neha Kapoor,Male,56,Hyderabad,29-07-2025,Prepaid,1361.38,81682.8,60,DSL,2 Year,Cash,3,Yes,,FALSE
C103499,Rahul Sen,Male,34,Chennai,08-12-2025,Prepaid,1130.35,33910.5,30,5G,1 Year,Cash,12,No,,FALSE
C103500,Rohit Das,Male,61,Delhi,08-04-2025,Prepaid,1869.66,26175.24,14,None,1 Year,Card,2,No,,FALSE
C103501,Sourav Sharma,Female,42,Hyderabad,18-11-2025,Prepaid,444.94,31590.74,71,Fiber,1 Year,UPI,2,No,,FALSE
C103502,Sneha Gupta,Female,29,Hyderabad,05-12-2025,Prepaid,1026.19,31811.89,31,None,Monthly,UPI,1,Yes,,FALSE
C103503,Sneha Singh,Male,22,Mumbai,26-06-2025,Postpaid,1991.01,135388.68,68,Fiber,1 Year,Card,6,Yes,,FALSE
C103504,Rohit Gupta,Female,22,Mumbai,13-01-2025,Postpaid,1557.76,21808.64,14,DSL,1 Year,Cash,8,No,,FALSE
C103505,Rohit Das,Female,74,Delhi,28-06-2025,Postpaid,1545.08,46352.4,30,5G,1 Year,Card,1,Yes,,FALSE
C103506,Ananya Paul,Male,67,Bangalore,26-07-2025,Prepaid,1169.15,59626.65,51,None,2 Year,UPI,0,No,,FALSE
C103507,Priya Singh,Female,32,Bangalore,17-09-2025,Prepaid,629.39,44686.69,71,None,1 Year,Cash,0,Yes,,FALSE
C103508,Vikram Paul,Male,74,Hyderabad,08-03-2025,Postpaid,1824.01,62016.34,34,5G,1 Year,Card,8,Yes,,FALSE
C103509,Rohit Kapoor,Male,45,Chennai,23-08-2025,Prepaid,1093.39,9840.51,9,None,Monthly,UPI,4,Yes,,FALSE
C103510,Sneha Gupta,Male,62,Mumbai,29-10-2025,Prepaid,1176.67,14120.04,12,Fiber,1 Year,Bank Transfer,0,Yes,,FALSE
C103511,Sneha Singh,Male,18,Hyderabad,11-02-2025,Postpaid,1637.09,111322.12,68,5G,1 Year,Cash,4,Yes,,FALSE
C103512,Sourav Dey,Male,64,Mumbai,30-04-2025,Postpaid,634.9,39363.8,62,DSL,2 Year,Card,10,No,,FALSE
C103513,Priya Ghosh,Female,69,Mumbai,04-12-2025,Prepaid,474.55,34167.6,72,5G,2 Year,Card,0,Yes,,FALSE
C103514,Priya Kapoor,Male,23,Hyderabad,03-05-2025,Prepaid,974.79,25344.54,26,5G,Monthly,Cash,12,No,,FALSE
C103515,Riya Singh,Male,43,Bangalore,23-03-2025,Postpaid,561.72,1123.44,2,5G,2 Year,UPI,0,No,,FALSE
C103516,Priya Kapoor,Female,62,Chennai,08-02-2025,Prepaid,720.91,2883.64,4,DSL,1 Year,Card,9,No,,FALSE
C103517,Rahul Dey,Male,75,Mumbai,18-08-2025,Prepaid,1900.01,55100.29,29,5G,1 Year,Bank Transfer,3,No,,FALSE
C103518,Amit Sen,Male,33,Kolkata,13-08-2025,Prepaid,1302.1,70313.4,54,5G,2 Year,Cash,1,Yes,,FALSE
C103519,Amit Sen,Male,39,Hyderabad,19-07-2025,Postpaid,1658.61,92882.16,56,Fiber,Monthly,Bank Transfer,6,No,,FALSE
C103520,Priya Roy,Male,20,Delhi,31-05-2025,Postpaid,769.82,8468.02,11,Fiber,Monthly,UPI,8,Yes,,FALSE
C103521,Vikram Gupta,Female,66,Chennai,18-06-2025,Postpaid,516.87,27910.98,54,DSL,Monthly,Cash,8,No,,FALSE
C103522,Sneha Roy,Female,62,Bangalore,28-07-2025,Prepaid,1114.4,10029.6,9,None,Monthly,Bank Transfer,10,Yes,,FALSE
C103523,Neha Paul,Male,63,Bangalore,04-07-2025,Postpaid,991.99,30751.69,31,5G,Monthly,Cash,9,No,,FALSE
C103524,Sourav Kapoor,Male,59,Hyderabad,07-05-2025,Postpaid,1927.67,55902.43,29,5G,1 Year,UPI,8,No,,FALSE
C103525,Riya Gupta,Female,40,Chennai,05-07-2025,Prepaid,881.51,25563.79,29,5G,1 Year,Card,6,Yes,,FALSE
C103526,Sneha Gupta,Female,52,Delhi,05-10-2025,Prepaid,1849.38,122059.08,66,DSL,2 Year,Cash,0,No,,FALSE
C103527,Rahul Roy,Female,26,Bangalore,12-09-2025,Prepaid,752.86,26350.1,35,DSL,Monthly,Cash,12,Yes,,FALSE
C103528,Neha Dey,Male,57,Bangalore,25-02-2025,Prepaid,1641.12,70568.16,43,DSL,1 Year,Cash,3,Yes,,FALSE
C103529,Vikram Sharma,Female,55,Mumbai,09-09-2025,Postpaid,303.34,11526.92,38,Fiber,2 Year,Card,6,Yes,,FALSE
C103530,Priya Sharma,Female,50,Kolkata,11-11-2025,Postpaid,841,41209,49,Fiber,1 Year,Card,9,Yes,,FALSE
C103531,Neha Singh,Male,61,Mumbai,13-12-2025,Postpaid,698.35,7681.85,11,5G,2 Year,Bank Transfer,2,No,,FALSE
C103532,Sourav Ghosh,Female,75,Delhi,06-07-2025,Postpaid,411.13,2466.78,6,None,1 Year,Cash,3,Yes,,FALSE
C103533,Riya Sharma,Female,53,Bangalore,31-01-2025,Postpaid,1952.32,19523.2,10,5G,1 Year,Card,8,No,,FALSE
C103534,Rahul Sharma,Female,25,Bangalore,01-03-2025,Postpaid,1271.82,8902.74,7,Fiber,2 Year,Bank Transfer,3,Yes,,FALSE
C103535,Amit Singh,Female,46,Hyderabad,11-07-2025,Postpaid,988.99,48460.51,49,None,2 Year,UPI,8,Yes,,FALSE
C103536,Sourav Paul,Female,36,Delhi,23-08-2025,Postpaid,690.24,19326.72,28,5G,1 Year,Cash,12,Yes,,FALSE
C103537,Amit Kapoor,Male,42,Delhi,10-04-2025,Prepaid,622.91,44849.52,72,DSL,2 Year,Bank Transfer,9,No,,FALSE
C103538,Rahul Dey,Male,55,Chennai,27-08-2025,Postpaid,940.18,48889.36,52,Fiber,1 Year,UPI,4,Yes,,FALSE
C103539,Rohit Dey,Female,30,Delhi,20-06-2025,Prepaid,1966.92,106213.68,54,DSL,2 Year,Cash,1,Yes,,FALSE
C103540,Amit Roy,Male,73,Kolkata,04-11-2025,Postpaid,1340.19,77731.02,58,5G,Monthly,UPI,10,Yes,,FALSE
C103541,Ananya Ghosh,Female,23,Chennai,09-11-2025,Prepaid,,19914.7,26,Fiber,1 Year,Card,5,No,,FALSE
C103542,Sneha Sharma,Female,42,Hyderabad,18-04-2025,Postpaid,1123.69,80905.68,72,5G,1 Year,Card,7,Yes,,FALSE
C103543,Rahul Singh,Male,59,Mumbai,24-07-2025,Postpaid,484.57,23259.36,48,None,1 Year,Cash,7,No,,FALSE
C103544,Amit Singh,Female,69,,22-04-2025,Postpaid,1562.75,40631.5,26,Fiber,2 Year,Cash,7,No,,FALSE
C103545,Priya Roy,Male,39,Chennai,06-06-2025,Postpaid,1289.46,74788.68,58,5G,2 Year,UPI,2,No,,FALSE
C103546,Vikram Roy,Female,75,Chennai,17-08-2025,Postpaid,644.74,25144.86,39,5G,Monthly,Card,10,No,,FALSE
C103547,Vikram Dey,Female,42,Chennai,06-11-2025,Postpaid,757.21,47704.23,63,Fiber,2 Year,Cash,8,No,,FALSE
C103548,Rohit Das,Male,32,Delhi,27-10-2025,Prepaid,1976.73,21744.03,11,5G,2 Year,UPI,10,No,,FALSE
C103549,Rohit Roy,Female,68,Kolkata,20-08-2025,Prepaid,741.7,28184.6,38,5G,1 Year,Bank Transfer,5,Yes,,FALSE
C103550,Rahul Paul,Female,48,Delhi,24-08-2025,Prepaid,999.34,71952.48,72,None,1 Year,UPI,7,No,,FALSE
C103551,Rohit Kapoor,Male,23,Mumbai,18-08-2025,Prepaid,1337.62,42803.84,32,Fiber,Monthly,Bank Transfer,6,Yes,,FALSE
C103552,Ananya Dey,Female,61,Bangalore,24-08-2025,Prepaid,1250.71,3752.13,3,None,1 Year,UPI,1,Yes,,FALSE
C103553,Neha Roy,Female,54,Bangalore,20-08-2025,Postpaid,1723.67,48262.76,28,5G,2 Year,Cash,3,Yes,,FALSE
C103554,Priya Dey,Female,66,Mumbai,28-07-2025,Postpaid,1621.1,100508.2,62,None,2 Year,Cash,1,No,,FALSE
C103555,Vikram Kapoor,Male,75,Chennai,03-03-2025,Prepaid,1651.4,49542,30,Fiber,Monthly,Card,11,No,,FALSE
C103556,Neha Dey,Female,26,Delhi,14-01-2025,Postpaid,1463.23,57065.97,39,None,1 Year,Bank Transfer,12,No,,FALSE
C103557,Ananya Sen,Female,54,Delhi,18-05-2025,Prepaid,1068.26,67300.38,63,5G,2 Year,Bank Transfer,4,Yes,,FALSE
C103558,Sourav Roy,Male,26,,30-11-2025,Prepaid,1408.68,19721.52,14,Fiber,2 Year,Card,8,Yes,,FALSE
C103559,Amit Dey,Male,75,Kolkata,12-12-2025,Prepaid,1859.41,61360.53,33,Fiber,1 Year,Card,6,No,,FALSE
C103560,Sourav Dey,Female,19,Chennai,03-08-2025,Prepaid,1375.07,50877.59,37,Fiber,Monthly,Card,3,Yes,,FALSE
C103561,Rohit Sharma,Female,23,Kolkata,10-06-2025,Postpaid,525.16,21531.56,41,5G,2 Year,Bank Transfer,11,Yes,,FALSE
C103562,Priya Roy,Female,47,Bangalore,20-10-2025,Prepaid,1178.36,64809.8,55,DSL,Monthly,Card,5,No,,FALSE
C103563,Rahul Das,Female,71,Delhi,14-06-2025,Postpaid,1836.66,73466.4,40,None,1 Year,UPI,6,Yes,,FALSE
C103564,Sourav Singh,Male,74,Kolkata,20-04-2025,Prepaid,389.18,18291.46,47,5G,Monthly,Cash,3,Yes,,FALSE
C103565,Amit Sen,Female,58,Hyderabad,08-08-2025,Postpaid,925.62,49057.86,53,5G,1 Year,Cash,11,Yes,,FALSE
C103566,Vikram Singh,Female,26,Bangalore,12-12-2025,Prepaid,673.65,5389.2,8,None,1 Year,Bank Transfer,10,Yes,,FALSE
C103567,Vikram Paul,Male,22,Delhi,14-12-2025,Prepaid,1349.01,89034.66,66,5G,Monthly,Bank Transfer,10,No,,FALSE
C103568,Sourav Roy,Female,70,Hyderabad,28-11-2025,Prepaid,881.85,21164.4,24,None,2 Year,UPI,12,Yes,,FALSE
C103569,Riya Ghosh,Male,68,Mumbai,12-05-2025,Prepaid,781.33,50786.45,65,None,2 Year,Bank Transfer,9,Yes,,FALSE
C103570,Vikram Roy,Female,50,Kolkata,27-06-2025,Postpaid,330.38,13545.58,41,5G,1 Year,Bank Transfer,1,Yes,,FALSE
C103571,Sourav Das,Male,21,Chennai,28-06-2025,Postpaid,1347.6,70075.2,52,DSL,2 Year,Cash,2,No,,FALSE
C103572,Ananya Dey,Female,33,Bangalore,08-06-2025,Prepaid,693.46,693.46,1,5G,1 Year,Card,8,Yes,,FALSE
C103573,Rahul Sharma,Male,62,Hyderabad,18-04-2025,Prepaid,,30706.2,42,5G,Monthly,Cash,,No,,FALSE
C103574,Ananya Sen,Male,33,Kolkata,03-05-2025,Postpaid,1795.88,3591.76,2,DSL,Monthly,Card,6,Yes,,FALSE
C103575,Ananya Ghosh,Female,19,Mumbai,16-09-2025,Postpaid,1457.31,62664.33,43,None,1 Year,Cash,12,No,,FALSE
C103576,Sneha Sen,Male,64,Chennai,25-10-2025,Postpaid,1227.82,69985.74,57,DSL,Monthly,UPI,9,No,,FALSE
C103577,Ananya Gupta,Female,23,Chennai,06-04-2025,Prepaid,1156.79,80975.3,70,5G,1 Year,Card,11,Yes,,FALSE
C103578,Rahul Das,Female,56,Delhi,20-11-2025,Postpaid,1180.33,68459.14,58,None,2 Year,UPI,7,No,,FALSE
C103579,Ananya Kapoor,Female,39,Kolkata,18-04-2025,Prepaid,566.52,30592.08,54,None,Monthly,Cash,5,No,,FALSE
C103580,Neha Dey,Male,70,Hyderabad,09-03-2025,Prepaid,389.87,16764.41,43,None,1 Year,Card,0,No,,FALSE
C103581,Rohit Sen,Male,43,,24-07-2025,Postpaid,1806.34,12644.38,7,5G,1 Year,Cash,3,Yes,,FALSE
C103582,Rohit Singh,Male,20,Hyderabad,02-09-2025,Prepaid,805.38,16107.6,20,Fiber,2 Year,Cash,1,Yes,,FALSE
C103583,Sneha Kapoor,Female,25,Mumbai,09-11-2025,Prepaid,606.49,5458.41,9,None,2 Year,Bank Transfer,2,No,,FALSE
C103584,Sourav Singh,Female,23,Kolkata,15-01-2025,Postpaid,1004.69,51239.19,51,DSL,1 Year,Card,7,No,,FALSE
C103585,Rahul Dey,Male,44,Kolkata,17-12-2025,Prepaid,528.8,24853.6,47,Fiber,2 Year,UPI,1,No,,FALSE
C103586,Priya Ghosh,Male,23,,24-01-2025,Prepaid,675.05,45903.4,68,None,1 Year,UPI,12,No,,FALSE
C103587,Rohit Sen,Male,74,Chennai,13-07-2025,Prepaid,1508.28,73905.72,49,5G,Monthly,Card,1,No,,FALSE
C103588,Rohit Kapoor,Female,49,Delhi,31-08-2025,Prepaid,659.84,11877.12,18,Fiber,1 Year,UPI,12,No,,FALSE
C103589,Sneha Gupta,Female,21,Chennai,30-09-2025,Prepaid,1071.18,59986.08,56,Fiber,1 Year,UPI,8,Yes,,FALSE
C103590,Neha Sharma,Female,20,Bangalore,14-11-2025,Prepaid,1079.52,8636.16,8,Fiber,2 Year,UPI,7,Yes,,FALSE
C103591,Rohit Gupta,Female,65,Hyderabad,19-06-2025,Postpaid,1603.57,72160.65,45,None,1 Year,Cash,9,Yes,,FALSE
C103592,Sneha Kapoor,Female,74,Hyderabad,13-06-2025,Postpaid,1668.45,48385.05,29,None,2 Year,UPI,0,Yes,,FALSE
C103593,Vikram Kapoor,Female,65,Mumbai,22-04-2025,Prepaid,1198.73,74321.26,62,Fiber,1 Year,Bank Transfer,3,Yes,,FALSE
C103594,Neha Dey,Male,34,Kolkata,26-08-2025,Prepaid,341.17,9552.76,28,Fiber,Monthly,Card,6,No,,FALSE
C103595,Ananya Sen,Female,40,Delhi,31-12-2025,Prepaid,744.22,32745.68,44,None,Monthly,Card,5,Yes,,FALSE
C103596,Amit Sen,Male,24,Mumbai,28-06-2025,Prepaid,1750.42,106775.62,61,Fiber,1 Year,Card,6,Yes,,FALSE
C103597,Vikram Sharma,Female,61,Chennai,23-11-2025,Prepaid,1770.48,56655.36,32,None,2 Year,UPI,1,Yes,,FALSE
C103598,Rohit Singh,Male,67,Kolkata,23-07-2025,Postpaid,1152.6,55324.8,48,None,1 Year,Card,1,Yes,,FALSE
C103599,Sourav Dey,Male,26,Kolkata,17-10-2025,Prepaid,480.93,27413.01,57,None,1 Year,,3,No,,FALSE
C103600,Sourav Gupta,Male,26,,20-08-2025,Prepaid,866.5,9531.5,11,Fiber,Monthly,Cash,12,Yes,,FALSE
C103601,Sourav Singh,Female,43,Hyderabad,07-06-2025,Prepaid,996.68,68770.92,69,5G,1 Year,Card,5,No,,FALSE
C103602,Sneha Gupta,Female,45,,25-06-2025,Prepaid,1266.76,89939.96,71,5G,1 Year,Cash,6,No,,FALSE
C103603,Sneha Paul,Female,63,Kolkata,18-07-2025,Postpaid,1678.11,104042.82,62,Fiber,Monthly,Card,10,Yes,,FALSE
C103604,Rahul Das,Female,60,Hyderabad,09-01-2025,Postpaid,1556.32,96491.84,62,Fiber,2 Year,Cash,12,Yes,,FALSE
C103605,Sourav Sen,Male,40,Mumbai,30-01-2025,Postpaid,1354.67,17610.71,13,None,1 Year,Card,5,No,,FALSE
C103606,Neha Ghosh,Male,22,Mumbai,16-09-2025,Postpaid,913.38,10960.56,12,Fiber,1 Year,Card,12,Yes,,FALSE
C103607,Vikram Das,Female,45,Hyderabad,23-12-2025,Postpaid,1229.82,29515.68,24,None,Monthly,Card,0,Yes,,FALSE
C103608,Sneha Singh,Male,40,Delhi,18-10-2025,Prepaid,1385.14,15236.54,11,None,Monthly,Bank Transfer,6,Yes,,FALSE
C103609,Neha Sen,Female,62,Bangalore,16-03-2025,Postpaid,1146.92,76843.64,67,5G,Monthly,Cash,7,No,,FALSE
C103610,Riya Singh,Male,27,Kolkata,13-11-2025,Postpaid,1660.25,21583.25,13,5G,1 Year,Bank Transfer,2,Yes,,FALSE
C103611,Rohit Dey,Female,26,Kolkata,06-11-2025,Prepaid,1197.05,61049.55,51,5G,Monthly,Cash,10,Yes,,FALSE
C103612,Ananya Singh,Male,53,Bangalore,13-03-2025,Postpaid,1245.03,7470.18,6,None,Monthly,Card,1,Yes,,FALSE
C103613,Vikram Gupta,Female,39,Bangalore,25-04-2025,Postpaid,462.5,30987.5,67,Fiber,1 Year,UPI,9,No,,FALSE
C103614,Riya Kapoor,Female,73,Hyderabad,04-04-2025,Prepaid,743.1,24522.3,33,5G,1 Year,Cash,8,No,,FALSE
C103615,Amit Das,Female,66,Delhi,06-02-2025,Postpaid,999.78,14996.7,15,Fiber,Monthly,Bank Transfer,11,Yes,,FALSE
C103616,Rohit Gupta,Male,58,Hyderabad,17-11-2025,Postpaid,804.02,57085.42,71,Fiber,2 Year,UPI,5,No,,FALSE
C103617,Rahul Gupta,Female,34,Bangalore,09-06-2025,Postpaid,1504.68,64701.24,43,5G,Monthly,Card,8,Yes,,FALSE
C103618,Rahul Gupta,Male,25,Mumbai,29-06-2025,Postpaid,1074.43,24711.89,23,DSL,2 Year,Card,4,No,,FALSE
C103619,Vikram Dey,Male,26,Bangalore,08-01-2025,Prepaid,1703.39,63025.43,37,5G,Monthly,Bank Transfer,1,No,,FALSE
C103620,Priya Singh,Male,45,Kolkata,27-11-2025,Prepaid,828.39,38105.94,46,Fiber,2 Year,UPI,4,No,,FALSE
C103621,Priya Roy,Male,73,Delhi,24-09-2025,Postpaid,1264.89,36681.81,29,5G,2 Year,UPI,10,Yes,,FALSE
C103622,Amit Gupta,Female,26,Hyderabad,23-02-2025,Postpaid,1106.2,65265.8,59,None,2 Year,Bank Transfer,3,Yes,,FALSE
C103623,Rohit Singh,Female,71,Chennai,10-05-2025,Prepaid,1456.95,18940.35,13,Fiber,2 Year,Card,0,Yes,,FALSE
C103624,Rohit Das,Female,28,Delhi,12-10-2025,Postpaid,1764.76,10588.56,6,Fiber,Monthly,Card,7,No,,FALSE
C103625,Sourav Ghosh,Female,34,Mumbai,26-09-2025,Prepaid,514.47,21607.74,42,DSL,Monthly,Cash,5,No,,FALSE
C103626,Rahul Dey,Male,29,Delhi,24-10-2025,Prepaid,373.37,19788.61,53,Fiber,2 Year,UPI,0,Yes,,FALSE
C103627,Sneha Gupta,Male,18,Chennai,23-07-2025,Postpaid,863.71,863.71,1,DSL,2 Year,Card,0,Yes,,FALSE
C103628,Vikram Das,Female,18,Chennai,29-03-2025,Prepaid,,24714.51,59,DSL,2 Year,Cash,6,No,,FALSE
C103629,Priya Ghosh,Male,28,Chennai,15-10-2025,Prepaid,921.67,13825.05,15,None,Monthly,Card,7,Yes,,FALSE
C103630,Neha Singh,Male,57,Hyderabad,14-10-2025,Postpaid,1713.1,37688.2,22,DSL,1 Year,Card,4,Yes,,FALSE
C103631,Neha Dey,Female,63,Hyderabad,02-12-2025,Postpaid,639.4,31970,50,5G,1 Year,UPI,0,Yes,,FALSE
C103632,Ananya Ghosh,Female,67,Bangalore,18-03-2025,Prepaid,1897.25,56917.5,30,5G,1 Year,Card,10,Yes,,FALSE
C103633,Neha Sharma,Female,74,Delhi,12-10-2025,Postpaid,437.8,24516.8,56,5G,Monthly,UPI,11,Yes,,FALSE
C103634,Neha Paul,Male,55,Hyderabad,09-11-2025,Postpaid,445.7,23622.1,53,Fiber,1 Year,Cash,9,No,,FALSE
C103635,Amit Gupta,Male,58,Delhi,18-06-2025,Postpaid,1407.54,29558.34,21,Fiber,Monthly,UPI,7,Yes,,FALSE
C103636,Vikram Singh,Female,50,Delhi,28-10-2025,Postpaid,872.22,31399.92,36,Fiber,Monthly,Card,6,Yes,,FALSE
C103637,Ananya Dey,Male,53,Bangalore,03-12-2025,Prepaid,1948.27,130534.09,67,Fiber,Monthly,,5,No,,FALSE
C103638,Riya Singh,Male,69,Hyderabad,07-12-2025,Postpaid,435.57,1306.71,3,None,1 Year,Card,10,Yes,,FALSE
C103639,Ananya Kapoor,Male,39,Hyderabad,19-12-2025,Postpaid,1989.58,89531.1,45,None,2 Year,UPI,0,Yes,,FALSE
C103640,Sneha Kapoor,Male,39,Delhi,27-12-2025,Prepaid,488.07,35141.04,72,5G,2 Year,Bank Transfer,12,No,,FALSE
C103641,Ananya Das,Male,61,Bangalore,30-11-2025,Postpaid,306.94,1534.7,5,DSL,1 Year,Bank Transfer,12,No,,FALSE
C103642,Riya Gupta,Male,21,Delhi,30-09-2025,Postpaid,1673.99,78677.53,47,None,1 Year,Cash,6,Yes,,FALSE
C103643,Vikram Sen,Female,75,Bangalore,09-03-2025,Prepaid,1903.67,13325.69,7,Fiber,2 Year,UPI,0,No,,FALSE
C103644,Rohit Das,Male,33,Delhi,10-03-2025,Prepaid,1388.61,48601.35,35,DSL,Monthly,Card,0,No,,FALSE
C103645,Riya Sen,Male,67,Bangalore,12-10-2025,Prepaid,1787.58,110829.96,62,None,1 Year,Bank Transfer,7,No,,FALSE
C103646,Ananya Dey,Female,64,Chennai,15-06-2025,Postpaid,888.98,40893.08,46,5G,Monthly,Cash,12,No,,FALSE
C103647,Amit Kapoor,Female,35,Chennai,31-08-2025,Prepaid,1109.82,72138.3,65,DSL,Monthly,UPI,0,Yes,,FALSE
C103648,Rohit Ghosh,Male,39,Mumbai,27-05-2025,Postpaid,743.03,34179.38,46,5G,Monthly,Bank Transfer,10,No,,FALSE
C103649,Priya Singh,Female,36,Kolkata,18-06-2025,Postpaid,309.29,18248.11,59,DSL,Monthly,Cash,0,No,,FALSE
C103650,Priya Dey,Male,56,Chennai,21-07-2025,Prepaid,1401.89,60281.27,43,DSL,2 Year,Cash,5,No,,FALSE
C103651,Neha Dey,Male,38,Hyderabad,08-04-2025,Prepaid,577,20772,36,DSL,1 Year,UPI,9,No,,FALSE
C103652,Priya Dey,Male,72,Kolkata,22-12-2025,Postpaid,1520.96,91257.6,60,None,2 Year,Cash,4,Yes,,FALSE
C103653,Vikram Paul,Male,42,Chennai,24-09-2025,Postpaid,1709.7,11967.9,7,DSL,1 Year,UPI,4,Yes,,FALSE
C103654,Rohit Gupta,Female,61,Chennai,16-04-2025,Postpaid,1273.85,68787.9,54,None,1 Year,Card,11,No,,FALSE
C103655,Priya Dey,Female,23,Bangalore,16-07-2025,Postpaid,1373.15,70030.65,51,5G,2 Year,UPI,8,No,,FALSE
C103656,Sourav Ghosh,Male,30,Hyderabad,04-02-2025,Postpaid,1641.01,18051.11,11,Fiber,2 Year,UPI,5,Yes,,FALSE
C103657,Sourav Sharma,Female,60,Delhi,23-12-2025,Postpaid,527.08,4743.72,9,5G,Monthly,Card,10,No,,FALSE
C103658,Riya Kapoor,Female,39,Delhi,17-10-2025,Prepaid,1213.18,58232.64,48,DSL,1 Year,,3,Yes,,FALSE
C103659,Sneha Das,Male,49,Delhi,25-10-2025,Postpaid,710.01,47570.67,67,Fiber,Monthly,Card,12,No,,FALSE
C103660,Ananya Dey,Male,38,Hyderabad,03-04-2025,Postpaid,642.1,14768.3,23,5G,1 Year,Cash,1,Yes,,FALSE
C103661,Riya Singh,Male,67,Delhi,22-02-2025,Postpaid,1988.49,99424.5,50,DSL,2 Year,Cash,3,Yes,,FALSE
C103662,Priya Gupta,Female,49,Hyderabad,18-01-2025,Prepaid,560.56,4484.48,8,Fiber,Monthly,Cash,0,No,,FALSE
C103663,Rohit Sen,Male,42,Delhi,15-12-2025,Postpaid,1710.71,51321.3,30,Fiber,Monthly,Cash,3,Yes,,FALSE
C103664,Priya Kapoor,Male,64,Chennai,08-10-2025,Postpaid,975.73,45859.31,47,Fiber,Monthly,Bank Transfer,2,Yes,,FALSE
C103665,Sneha Ghosh,Male,41,Bangalore,08-03-2025,Prepaid,756.27,9075.24,12,None,2 Year,Bank Transfer,0,No,,FALSE
C103666,Amit Kapoor,Male,64,Hyderabad,14-03-2025,Prepaid,1210.17,48406.8,40,5G,1 Year,Cash,2,Yes,,FALSE
C103667,Ananya Sen,Male,34,Bangalore,09-02-2025,Prepaid,1814.69,9073.45,5,DSL,2 Year,UPI,0,No,,FALSE
C103668,Amit Gupta,Female,41,Hyderabad,26-03-2025,Prepaid,1850.66,125844.88,68,5G,Monthly,Cash,0,No,,FALSE
C103669,Sneha Sen,Female,44,Delhi,03-07-2025,Postpaid,1650,118800,72,DSL,2 Year,Bank Transfer,9,Yes,,FALSE
C103670,Sneha Paul,Female,51,Delhi,29-09-2025,Postpaid,1245.12,24902.4,20,Fiber,Monthly,Bank Transfer,11,No,,FALSE
C103671,Sneha Dey,Male,49,Bangalore,16-11-2025,Prepaid,1702.55,45968.85,27,None,2 Year,Cash,0,No,,FALSE
C103672,Ananya Sharma,Male,18,Bangalore,11-06-2025,Prepaid,727.18,28360.02,39,5G,1 Year,Cash,5,No,,FALSE
C103673,Ananya Dey,Female,51,Chennai,12-09-2025,Prepaid,1396.39,6981.95,5,DSL,Monthly,Card,4,Yes,,FALSE
C103674,Rahul Kapoor,Male,20,Hyderabad,02-02-2025,Prepaid,707.39,23343.87,33,Fiber,1 Year,Cash,1,Yes,,FALSE
C103675,Priya Das,Female,42,Hyderabad,17-03-2025,Prepaid,876.8,27180.8,31,DSL,2 Year,Cash,1,Yes,,FALSE
C103676,Vikram Kapoor,Male,70,Delhi,02-01-2025,Prepaid,666.71,12667.49,19,5G,1 Year,Bank Transfer,2,Yes,,FALSE
C103677,Sneha Sharma,Male,34,Mumbai,20-12-2025,Prepaid,589.38,11787.6,20,Fiber,Monthly,UPI,1,Yes,,FALSE
C103678,Neha Roy,Male,26,Delhi,06-12-2025,Prepaid,1193.92,69247.36,58,5G,Monthly,Cash,9,Yes,,FALSE
C103679,Amit Paul,Female,63,Bangalore,01-03-2025,Postpaid,869.61,26088.3,30,None,Monthly,Bank Transfer,11,No,,FALSE
C103680,Rohit Sharma,Female,44,Bangalore,24-10-2025,Postpaid,1658.74,104500.62,63,DSL,1 Year,UPI,4,Yes,,FALSE
C103681,Riya Sharma,Male,53,Bangalore,06-05-2025,Prepaid,299.45,7486.25,25,None,Monthly,Card,7,Yes,,FALSE
C103682,Amit Kapoor,Male,25,Bangalore,12-04-2025,Postpaid,1018.22,43783.46,43,DSL,2 Year,Card,4,No,,FALSE
C103683,Riya Gupta,Male,69,,04-04-2025,Postpaid,1271.72,89020.4,70,DSL,2 Year,Card,1,No,,FALSE
C103684,Amit Roy,Male,45,Chennai,25-04-2025,Prepaid,1308.81,28793.82,22,Fiber,Monthly,Bank Transfer,2,Yes,,FALSE
C103685,Rahul Kapoor,Male,31,Bangalore,15-12-2025,Prepaid,1321.36,58139.84,44,5G,Monthly,UPI,4,No,,FALSE
C103686,Amit Roy,Male,22,Delhi,09-07-2025,Postpaid,828.55,18228.1,22,None,2 Year,UPI,8,Yes,,FALSE
C103687,Ananya Sharma,Female,54,Bangalore,22-03-2025,Prepaid,1837.59,55127.7,30,DSL,2 Year,Cash,4,Yes,,FALSE
C103688,Vikram Sen,Male,40,Hyderabad,25-09-2025,Postpaid,1759.42,45744.92,26,5G,2 Year,UPI,11,Yes,,FALSE
C103689,Neha Singh,Female,39,Chennai,04-09-2025,Postpaid,1595.16,51045.12,32,5G,Monthly,Card,5,No,,FALSE
C103690,Sneha Sharma,Male,26,Bangalore,03-01-2025,Postpaid,,17638.96,29,Fiber,2 Year,Cash,9,No,,FALSE
C103691,Riya Singh,Female,50,Hyderabad,19-11-2025,Postpaid,968.49,37771.11,39,DSL,2 Year,UPI,4,Yes,,FALSE
C103692,Sourav Ghosh,Male,65,Chennai,23-11-2025,Postpaid,1921.04,90288.88,47,DSL,2 Year,Card,7,Yes,,FALSE
C103693,Amit Ghosh,Female,65,Hyderabad,22-02-2025,Prepaid,865,19895,23,Fiber,1 Year,Bank Transfer,11,No,,FALSE
C103694,Amit Kapoor,Female,29,Bangalore,04-08-2025,Prepaid,1962.38,76532.82,39,5G,Monthly,Bank Transfer,9,No,,FALSE
C103695,Sneha Kapoor,Female,37,Mumbai,28-05-2025,Postpaid,359.18,22269.16,62,DSL,2 Year,Card,0,No,,FALSE
C103696,Sneha Roy,Female,38,Hyderabad,04-02-2025,Postpaid,1744.59,61060.65,35,DSL,1 Year,UPI,11,Yes,,FALSE
C103697,Rohit Sen,Male,48,Kolkata,08-11-2025,Prepaid,885.89,8858.9,10,5G,2 Year,Cash,8,Yes,,FALSE
C103698,Ananya Sen,Male,59,Hyderabad,06-04-2025,Prepaid,1351.46,5405.84,4,5G,Monthly,Cash,4,No,,FALSE
C103699,Rahul Kapoor,Female,36,,17-11-2025,Postpaid,1232.34,70243.38,57,5G,1 Year,Card,8,No,,FALSE
C103700,Rahul Gupta,Male,58,Hyderabad,21-01-2025,Prepaid,361.92,10857.6,30,Fiber,Monthly,Card,4,No,,FALSE
C103701,Neha Singh,Male,51,Kolkata,27-02-2025,Postpaid,931.26,1862.52,2,5G,2 Year,UPI,0,No,,FALSE
C103702,Rahul Gupta,Male,34,Hyderabad,09-04-2025,Prepaid,1704.26,15338.34,9,5G,2 Year,Card,0,No,,FALSE
C103703,Sourav Singh,Male,54,Delhi,13-02-2025,Prepaid,326.67,8820.09,27,Fiber,Monthly,Cash,0,No,,FALSE
C103704,Ananya Ghosh,Male,61,Mumbai,15-02-2025,Postpaid,426.57,11517.39,27,None,2 Year,Bank Transfer,0,No,,FALSE
C103705,Riya Ghosh,Male,44,Delhi,01-03-2025,Postpaid,1609.3,3218.6,2,DSL,1 Year,,5,No,,FALSE
C103706,Amit Gupta,Female,19,Kolkata,17-12-2025,Prepaid,503.75,22668.75,45,Fiber,1 Year,Card,8,No,,FALSE
C103707,Priya Das,Male,25,Hyderabad,11-08-2025,Prepaid,1938.85,27143.9,14,None,Monthly,Bank Transfer,3,No,,FALSE
C103708,Rahul Kapoor,Male,57,Hyderabad,04-08-2025,Postpaid,746.52,18663,25,Fiber,2 Year,Bank Transfer,11,No,,FALSE
C103709,Priya Sharma,Female,29,Mumbai,13-09-2025,Prepaid,890.2,36498.2,41,DSL,Monthly,UPI,7,Yes,,FALSE
C103710,Rohit Ghosh,Male,38,Delhi,11-01-2025,Postpaid,1226.76,6133.8,5,Fiber,2 Year,Cash,10,Yes,,FALSE
C103711,Sourav Sharma,Male,38,Hyderabad,08-01-2025,Prepaid,1680.36,50410.8,30,Fiber,2 Year,UPI,12,No,,FALSE
C103712,Neha Paul,Male,67,Mumbai,16-11-2025,Postpaid,342.76,2742.08,8,Fiber,2 Year,Card,10,Yes,,FALSE
C103713,Rohit Das,Female,51,Hyderabad,30-10-2025,Postpaid,,70999.23,67,DSL,1 Year,Bank Transfer,10,Yes,,FALSE
C103714,Amit Kapoor,Female,37,Delhi,27-11-2025,Prepaid,1694.41,72859.63,43,None,Monthly,Cash,10,No,,FALSE
C103715,Vikram Das,Male,71,Kolkata,21-06-2025,Prepaid,1819.2,101875.2,56,DSL,2 Year,Card,11,No,,FALSE
C103716,Sourav Gupta,Female,27,Bangalore,13-11-2025,Prepaid,620.34,21711.9,35,None,1 Year,Cash,8,Yes,,FALSE
C103717,Amit Singh,Male,18,Chennai,09-11-2025,Prepaid,304.18,19467.52,64,5G,Monthly,Card,3,Yes,,FALSE
C103718,Rahul Dey,Male,40,Hyderabad,08-05-2025,Postpaid,1278.77,75447.43,59,None,Monthly,Cash,10,Yes,,FALSE
C103719,Amit Paul,Female,19,Hyderabad,01-03-2025,Prepaid,1057.57,11633.27,11,None,2 Year,Cash,0,No,,FALSE
C103720,Priya Sharma,Female,55,Kolkata,11-12-2025,Prepaid,1618,88990,55,Fiber,2 Year,Card,10,No,,FALSE
C103721,Sourav Sharma,Female,43,Mumbai,16-04-2025,Prepaid,666.8,41341.6,62,5G,Monthly,Cash,6,No,,FALSE
C103722,Ananya Ghosh,Male,59,Chennai,27-11-2025,Prepaid,1026.95,65724.8,64,Fiber,1 Year,UPI,10,Yes,,FALSE
C103723,Neha Roy,Female,53,Kolkata,21-12-2025,Prepaid,372.19,10421.32,28,5G,1 Year,Cash,4,No,,FALSE
C103724,Rohit Das,Male,69,Delhi,19-04-2025,Postpaid,1293.57,12935.7,10,Fiber,1 Year,UPI,5,Yes,,FALSE
C103725,Neha Paul,Male,62,Bangalore,24-07-2025,Prepaid,1312.58,31501.92,24,Fiber,2 Year,UPI,11,No,,FALSE
C103726,Riya Dey,Female,57,Chennai,08-01-2025,Prepaid,656.84,45321.96,69,DSL,Monthly,Cash,7,No,,FALSE
C103727,Riya Kapoor,Female,54,Delhi,10-07-2025,Prepaid,1954.94,23459.28,12,Fiber,1 Year,Card,7,No,,FALSE
C103728,Priya Ghosh,Female,59,Delhi,27-11-2025,Prepaid,1553.28,40385.28,26,DSL,2 Year,Bank Transfer,0,Yes,,FALSE
C103729,Sneha Paul,Male,70,Mumbai,06-08-2025,Postpaid,968.23,69712.56,72,5G,2 Year,Cash,7,No,,FALSE
C103730,Ananya Sen,Female,74,Kolkata,11-06-2025,Prepaid,1101.37,56169.87,51,5G,2 Year,Cash,4,Yes,,FALSE
C103731,Vikram Das,Male,56,Kolkata,23-08-2025,Prepaid,1143,20574,18,Fiber,Monthly,Cash,8,Yes,,FALSE
C103732,Sneha Roy,Male,72,Chennai,19-03-2025,Prepaid,495.65,495.65,1,5G,Monthly,Cash,0,Yes,,FALSE
C103733,Vikram Dey,Female,54,Kolkata,25-07-2025,Postpaid,889.74,53384.4,60,Fiber,2 Year,UPI,7,No,,FALSE
C103734,Neha Sharma,Female,34,Mumbai,30-10-2025,Postpaid,750.96,30038.4,40,None,2 Year,UPI,,Yes,,FALSE
C103735,Riya Roy,Female,26,Kolkata,10-01-2025,Postpaid,1973.82,43424.04,22,5G,2 Year,UPI,2,No,,FALSE
C103736,Rohit Kapoor,Female,19,Hyderabad,19-06-2025,Prepaid,1188.48,28523.52,24,Fiber,2 Year,Bank Transfer,6,No,,FALSE
C103737,Neha Paul,Male,75,Mumbai,09-12-2025,Postpaid,1784.03,58872.99,33,5G,1 Year,Card,9,Yes,,FALSE
C103738,Vikram Singh,Female,52,Bangalore,13-02-2025,Postpaid,598.58,3591.48,6,5G,1 Year,Card,11,Yes,,FALSE
C103739,Sourav Sharma,Male,60,Chennai,18-06-2025,Postpaid,1835.8,104640.6,57,5G,Monthly,,9,No,,FALSE
C103740,Priya Dey,Male,46,Hyderabad,11-05-2025,Prepaid,1580.38,80599.38,51,Fiber,Monthly,Card,4,Yes,,FALSE
C103741,Ananya Roy,Male,59,Delhi,24-07-2025,Prepaid,1212.27,76373.01,63,5G,Monthly,Card,1,No,,FALSE
C103742,Vikram Paul,Female,49,Kolkata,15-02-2025,Prepaid,1548.75,80535,52,None,1 Year,Bank Transfer,8,No,,FALSE
C103743,Amit Ghosh,Female,50,Delhi,10-10-2025,Prepaid,1498.66,31471.86,21,DSL,2 Year,Bank Transfer,4,Yes,,FALSE
C103744,Ananya Sharma,Male,58,Chennai,09-10-2025,Postpaid,1526.23,59522.97,39,DSL,2 Year,Card,11,No,,FALSE
C103745,Rahul Dey,Male,42,Delhi,31-05-2025,Postpaid,1323.54,66177,50,Fiber,Monthly,Cash,12,No,,FALSE
C103746,Sneha Das,Female,32,Hyderabad,14-04-2025,Prepaid,1467.46,35219.04,24,None,Monthly,Cash,9,Yes,,FALSE
C103747,Vikram Gupta,Female,57,Kolkata,08-02-2025,Postpaid,1652.08,9912.48,6,Fiber,2 Year,Card,3,No,,FALSE
C103748,Neha Dey,Male,69,Chennai,27-11-2025,Postpaid,418.75,17168.75,41,5G,1 Year,UPI,8,Yes,,FALSE
C103749,Priya Singh,Female,30,Hyderabad,07-06-2025,Prepaid,1251.12,80071.68,64,5G,Monthly,Cash,12,No,,FALSE
C103750,Rahul Sen,Female,32,Hyderabad,31-01-2025,Prepaid,1734.07,117916.76,68,None,2 Year,Cash,,No,,FALSE
C103751,Rahul Ghosh,Male,73,Hyderabad,13-06-2025,Postpaid,866.88,37275.84,43,None,2 Year,UPI,10,Yes,,FALSE
C103752,Sourav Das,Female,43,Mumbai,10-05-2025,Postpaid,654.26,37947.08,58,5G,Monthly,Bank Transfer,12,Yes,,FALSE
C103753,Amit Paul,Female,71,,01-08-2025,Prepaid,1547.79,86676.24,56,5G,2 Year,Card,,No,,FALSE
C103754,Vikram Ghosh,Male,59,Bangalore,28-09-2025,Prepaid,1007.18,31222.58,31,None,2 Year,Bank Transfer,11,No,,FALSE
C103755,Sourav Das,Female,48,Bangalore,16-01-2025,Prepaid,401.29,10433.54,26,None,2 Year,Bank Transfer,12,Yes,,FALSE
C103756,Rahul Sharma,Male,56,Delhi,31-07-2025,Prepaid,820.18,40188.82,49,5G,2 Year,Cash,2,No,,FALSE
C103757,Vikram Gupta,Female,51,Bangalore,15-07-2025,Postpaid,1362.98,43615.36,32,5G,Monthly,Card,3,No,,FALSE
C103758,Priya Sen,Female,48,Delhi,04-12-2025,Prepaid,780.3,12484.8,16,DSL,2 Year,Card,6,No,,FALSE
C103759,Amit Paul,Male,69,Hyderabad,12-07-2025,Postpaid,1937.99,108527.44,56,5G,1 Year,Card,7,No,,FALSE
C103760,Rohit Sharma,Male,66,Delhi,27-10-2025,Prepaid,878.78,28999.74,33,None,1 Year,Bank Transfer,5,Yes,,FALSE
C103761,Amit Roy,Male,43,Chennai,15-05-2025,Postpaid,1367.25,53322.75,39,Fiber,1 Year,Bank Transfer,4,No,,FALSE
C103762,Sneha Paul,Male,73,Kolkata,15-10-2025,Postpaid,907.69,46292.19,51,None,2 Year,Card,7,Yes,,FALSE
C103763,Ananya Roy,Female,35,Kolkata,30-06-2025,Prepaid,1168.45,36221.95,31,5G,2 Year,Bank Transfer,3,Yes,,FALSE
C103764,Sneha Dey,Female,26,Delhi,19-05-2025,Prepaid,1826.6,109596,60,5G,Monthly,Card,9,No,,FALSE
C103765,Rohit Kapoor,Female,70,Hyderabad,18-11-2025,Prepaid,1598.91,110324.79,69,None,1 Year,Card,4,Yes,,FALSE
C103766,Riya Das,Male,49,Delhi,17-08-2025,Postpaid,821.48,18072.56,22,DSL,1 Year,UPI,5,No,,FALSE
C103767,Riya Sen,Female,25,Bangalore,13-02-2025,Prepaid,565.66,29414.32,52,None,Monthly,UPI,4,Yes,,FALSE
C103768,Neha Das,Female,62,Bangalore,01-08-2025,Prepaid,1838.87,51488.36,28,None,Monthly,Bank Transfer,11,No,,FALSE
C103769,Neha Kapoor,Female,57,Bangalore,30-03-2025,Prepaid,1187.63,83134.1,70,DSL,Monthly,Bank Transfer,7,Yes,,FALSE
C103770,Vikram Kapoor,Female,26,Kolkata,18-12-2025,Postpaid,1138.86,37582.38,33,Fiber,1 Year,Cash,1,No,,FALSE
C103771,Amit Ghosh,Female,51,Chennai,09-07-2025,Prepaid,1081.43,49745.78,46,DSL,1 Year,Card,9,Yes,,FALSE
C103772,Priya Sen,Female,19,Mumbai,09-05-2025,Postpaid,795.93,19898.25,25,5G,Monthly,Bank Transfer,7,Yes,,FALSE
C103773,Vikram Roy,Male,22,Kolkata,13-10-2025,Prepaid,1787.87,80454.15,45,5G,Monthly,Cash,1,Yes,,FALSE
C103774,Riya Kapoor,Male,46,,18-04-2025,Prepaid,1038.13,4152.52,4,None,1 Year,Bank Transfer,3,Yes,,FALSE
C103775,Amit Ghosh,Female,30,Kolkata,25-04-2025,Postpaid,1811.51,94198.52,52,DSL,Monthly,Card,11,Yes,,FALSE
C103776,Rohit Kapoor,Female,20,Delhi,02-11-2025,Prepaid,571.84,7433.92,13,5G,2 Year,Bank Transfer,9,No,,FALSE
C103777,Riya Sharma,Female,48,Bangalore,30-09-2025,Prepaid,694.2,4165.2,6,5G,2 Year,Card,2,Yes,,FALSE
C103778,Sneha Ghosh,Female,22,Delhi,18-07-2025,Prepaid,1661.74,58160.9,35,None,1 Year,Card,6,No,,FALSE
C103779,Rohit Singh,Female,33,Chennai,17-09-2025,Prepaid,1374.6,74228.4,54,Fiber,2 Year,Cash,3,Yes,,FALSE
C103780,Sneha Paul,Male,68,Hyderabad,14-01-2025,Postpaid,1760.04,93282.12,53,Fiber,1 Year,Card,9,No,,FALSE
C103781,Priya Paul,Male,27,Delhi,17-08-2025,Postpaid,1584.79,28526.22,18,DSL,2 Year,Bank Transfer,0,No,,FALSE
C103782,Amit Sharma,Male,56,Chennai,03-09-2025,Prepaid,1219.54,75611.48,62,Fiber,Monthly,Card,0,Yes,,FALSE
C103783,Neha Dey,Male,50,Chennai,02-11-2025,Prepaid,1528.6,30572,20,Fiber,1 Year,UPI,12,No,,FALSE
C103784,Riya Kapoor,Male,57,Bangalore,14-10-2025,Prepaid,1897.4,85383,45,None,2 Year,UPI,3,Yes,,FALSE
C103785,Ananya Singh,Female,37,Chennai,09-01-2025,Prepaid,309.42,1237.68,4,DSL,Monthly,Bank Transfer,3,Yes,,FALSE
C103786,Riya Singh,Male,44,Mumbai,22-02-2025,Prepaid,1855.72,1855.72,1,Fiber,1 Year,Bank Transfer,9,No,,FALSE
C103787,Riya Paul,Male,57,Chennai,14-07-2025,Prepaid,1281.47,21784.99,17,Fiber,Monthly,Cash,4,Yes,,FALSE
C103788,Neha Roy,Male,49,Delhi,21-10-2025,Postpaid,837.89,45246.06,54,DSL,1 Year,UPI,9,Yes,,FALSE
C103789,Vikram Sharma,Male,74,Kolkata,24-06-2025,Prepaid,1013.93,10139.3,10,None,Monthly,Cash,4,Yes,,FALSE
C103790,Sneha Singh,Female,56,Mumbai,06-03-2025,Prepaid,917.66,35788.74,39,Fiber,2 Year,Cash,0,Yes,,FALSE
C103791,Rahul Ghosh,Male,41,Mumbai,26-06-2025,Postpaid,868.11,22570.86,26,DSL,1 Year,UPI,12,No,,FALSE
C103792,Sourav Singh,Female,56,Delhi,02-07-2025,Prepaid,372.46,23837.44,64,None,2 Year,Card,2,No,,FALSE
C103793,Riya Singh,Male,20,Kolkata,24-11-2025,Prepaid,1815.84,78081.12,43,5G,Monthly,UPI,10,Yes,,FALSE
C103794,Neha Das,Female,33,Bangalore,12-09-2025,Postpaid,1393.71,91984.86,66,Fiber,2 Year,Bank Transfer,2,Yes,,FALSE
C103795,Sourav Dey,Male,50,Delhi,22-12-2025,Prepaid,1448.97,62305.71,43,5G,Monthly,UPI,0,Yes,,FALSE
C103796,Ananya Gupta,Male,38,Chennai,06-10-2025,Prepaid,1707.35,119514.5,70,DSL,1 Year,UPI,3,No,,FALSE
C103797,Amit Sharma,Female,48,Chennai,12-10-2025,Postpaid,1576.59,42567.93,27,5G,2 Year,Bank Transfer,3,Yes,,FALSE
C103798,Vikram Das,Male,47,Delhi,12-01-2025,Postpaid,1183.85,39067.05,33,Fiber,1 Year,UPI,5,Yes,,FALSE
C103799,Sneha Kapoor,Male,65,Bangalore,18-01-2025,Prepaid,1240.04,12400.4,10,Fiber,1 Year,Bank Transfer,4,Yes,,FALSE
C103800,Rohit Dey,Male,64,Kolkata,26-10-2025,Postpaid,1458.43,26251.74,18,5G,Monthly,Bank Transfer,5,Yes,,FALSE
C103801,Ananya Kapoor,Male,62,Delhi,18-05-2025,Prepaid,547.38,27369,50,DSL,2 Year,Cash,0,Yes,,FALSE
C103802,Amit Das,Female,71,Mumbai,29-10-2025,Postpaid,1339.66,10717.28,8,Fiber,1 Year,Cash,1,Yes,,FALSE
C103803,Sneha Roy,Female,24,Hyderabad,20-01-2025,Postpaid,,46987.2,40,5G,Monthly,Cash,1,Yes,,FALSE
C103804,Sourav Paul,Female,25,Chennai,15-02-2025,Prepaid,1689.27,84463.5,50,Fiber,Monthly,UPI,2,Yes,,FALSE
C103805,Riya Paul,Female,32,Delhi,08-07-2025,Postpaid,507.36,1522.08,3,None,Monthly,Card,3,Yes,,FALSE
C103806,Rohit Sen,Female,42,Delhi,21-07-2025,Prepaid,821.63,53405.95,65,DSL,2 Year,UPI,11,No,,FALSE
C103807,Sneha Dey,Male,34,Delhi,11-11-2025,Postpaid,832.43,6659.44,8,Fiber,2 Year,Bank Transfer,2,Yes,,FALSE
C103808,Amit Ghosh,Female,45,Bangalore,02-04-2025,Prepaid,692.44,48470.8,70,Fiber,2 Year,,2,No,,FALSE
C103809,Ananya Paul,Male,36,Delhi,24-08-2025,Prepaid,1919.82,30717.12,16,5G,1 Year,Bank Transfer,1,No,,FALSE
C103810,Ananya Roy,Female,55,Delhi,07-05-2025,Postpaid,1519.91,69915.86,46,DSL,Monthly,UPI,7,Yes,,FALSE
C103811,Rohit Dey,Female,26,Hyderabad,10-12-2025,Prepaid,818.33,58101.43,71,Fiber,2 Year,Card,0,Yes,,FALSE
C103812,Riya Roy,Female,57,Delhi,24-02-2025,Prepaid,1393.04,13930.4,10,5G,Monthly,UPI,4,No,,FALSE
C103813,Priya Sen,Male,71,Delhi,05-07-2025,Postpaid,1175.68,74067.84,63,DSL,2 Year,Bank Transfer,3,Yes,,FALSE
C103814,Rohit Das,Male,31,Kolkata,08-01-2025,Prepaid,1801.31,14410.48,8,Fiber,Monthly,UPI,4,No,,FALSE
C103815,Rohit Sen,Female,37,Hyderabad,02-09-2025,Prepaid,613.35,24534,40,5G,1 Year,Card,11,Yes,,FALSE
C103816,Rahul Roy,Female,75,Kolkata,06-06-2025,Postpaid,1940.82,120330.84,62,None,2 Year,,9,No,,FALSE
C103817,Neha Kapoor,Female,62,Kolkata,02-02-2025,Prepaid,896.61,21518.64,24,5G,Monthly,Cash,11,No,,FALSE
C103818,Sourav Gupta,Male,68,Hyderabad,17-08-2025,Postpaid,1349.82,51293.16,38,DSL,Monthly,Cash,8,Yes,,FALSE
C103819,Priya Paul,Female,20,Bangalore,10-06-2025,Prepaid,491.41,28010.37,57,5G,2 Year,Card,2,Yes,,FALSE
C103820,Riya Sharma,Female,24,Mumbai,07-03-2025,Postpaid,543.86,4894.74,9,DSL,Monthly,Card,3,Yes,,FALSE
C103821,Priya Kapoor,Male,69,Bangalore,27-07-2025,Postpaid,693.91,27062.49,39,5G,2 Year,Bank Transfer,,No,,FALSE
C103822,Neha Dey,Female,20,,26-02-2025,Prepaid,493.61,31097.43,63,5G,1 Year,Cash,2,Yes,,FALSE
C103823,Riya Das,Female,55,Hyderabad,08-07-2025,Postpaid,1851.96,14815.68,8,Fiber,Monthly,Cash,4,Yes,,FALSE
C103824,Rohit Ghosh,Female,31,Hyderabad,12-07-2025,Prepaid,1778.13,92462.76,52,None,Monthly,Bank Transfer,7,No,,FALSE
C103825,Rahul Ghosh,Female,40,Hyderabad,03-02-2025,Prepaid,1181.57,4726.28,4,None,2 Year,Bank Transfer,10,No,,FALSE
C103826,Riya Singh,Female,35,Mumbai,22-05-2025,Postpaid,401.76,2812.32,7,DSL,1 Year,Card,6,No,,FALSE
C103827,Vikram Kapoor,Female,45,Kolkata,03-03-2025,Prepaid,786.21,5503.47,7,None,Monthly,Card,11,No,,FALSE
C103828,Rohit Gupta,Female,63,Delhi,29-10-2025,Postpaid,1394.85,79506.45,57,None,2 Year,Bank Transfer,5,Yes,,FALSE
C103829,Sneha Das,Male,47,Delhi,01-08-2025,Postpaid,1474.74,45716.94,31,5G,1 Year,UPI,3,No,,FALSE
C103830,Riya Paul,Female,35,Hyderabad,16-01-2025,Postpaid,882.98,40617.08,46,Fiber,1 Year,Cash,10,Yes,,FALSE
C103831,Ananya Ghosh,Male,71,Kolkata,11-01-2025,Prepaid,1371.55,54862,40,None,Monthly,UPI,12,No,,FALSE
C103832,Ananya Paul,Male,24,Kolkata,23-11-2025,Prepaid,,21985.8,20,5G,1 Year,Cash,11,Yes,,FALSE
C103833,Ananya Roy,Female,34,Kolkata,13-09-2025,Postpaid,922.44,6457.08,7,5G,2 Year,Bank Transfer,6,No,,FALSE
C103834,Amit Singh,Male,27,Bangalore,07-06-2025,Prepaid,822.66,42778.32,52,DSL,Monthly,UPI,2,Yes,,FALSE
C103835,Sourav Singh,Female,21,Kolkata,23-08-2025,Prepaid,422.84,15222.24,36,None,1 Year,Card,11,Yes,,FALSE
C103836,Vikram Gupta,Female,71,Kolkata,15-11-2025,Postpaid,1530.11,21421.54,14,None,Monthly,Cash,2,No,,FALSE
C103837,Amit Das,Female,20,Bangalore,15-11-2025,Prepaid,1274.08,10192.64,8,DSL,Monthly,Bank Transfer,11,Yes,,FALSE
C103838,Neha Kapoor,Male,45,Hyderabad,21-06-2025,Postpaid,369.85,16643.25,45,5G,2 Year,Bank Transfer,2,Yes,,FALSE
C103839,Rohit Das,Male,43,Hyderabad,14-01-2025,Prepaid,1285.64,42426.12,33,DSL,Monthly,Cash,7,No,,FALSE
C103840,Sourav Roy,Male,65,Mumbai,19-02-2025,Postpaid,804.71,4023.55,5,Fiber,2 Year,Cash,5,Yes,,FALSE
C103841,Amit Paul,Female,56,Kolkata,22-06-2025,Postpaid,1102.72,54033.28,49,5G,Monthly,UPI,4,Yes,,FALSE
C103842,Riya Sharma,Female,35,Mumbai,10-02-2025,Prepaid,604.14,13895.22,23,None,1 Year,Card,2,Yes,,FALSE
C103843,Neha Ghosh,Male,53,Hyderabad,24-07-2025,Postpaid,730.46,43827.6,60,5G,Monthly,Cash,0,Yes,,FALSE
C103844,Riya Dey,Female,49,Mumbai,15-09-2025,Prepaid,1972.61,100603.11,51,Fiber,Monthly,UPI,12,Yes,,FALSE
C103845,Neha Roy,Male,20,Chennai,24-04-2025,Postpaid,591.61,26622.45,45,DSL,Monthly,Card,7,No,,FALSE
C103846,Vikram Sharma,Female,39,Hyderabad,04-05-2025,Prepaid,757.59,4545.54,6,5G,1 Year,Cash,8,No,,FALSE
C103847,Priya Roy,Female,44,Kolkata,22-07-2025,Postpaid,772.86,3864.3,5,5G,2 Year,Bank Transfer,2,No,,FALSE
C103848,Neha Paul,Female,55,Kolkata,09-03-2025,Prepaid,632.86,20251.52,32,5G,2 Year,Cash,1,No,,FALSE
C103849,Sourav Das,Male,57,Mumbai,09-11-2025,Postpaid,829.18,4145.9,5,5G,1 Year,Bank Transfer,1,Yes,,FALSE
C103850,Riya Sharma,Male,66,,05-12-2025,Postpaid,636.3,21634.2,34,None,Monthly,Bank Transfer,0,Yes,,FALSE
C103851,Amit Sen,Female,38,Mumbai,21-05-2025,Postpaid,1622.48,85991.44,53,5G,1 Year,Cash,0,No,,FALSE
C103852,Priya Paul,Male,52,Bangalore,13-06-2025,Postpaid,1781.95,81969.7,46,DSL,Monthly,Card,10,No,,FALSE
C103853,Priya Gupta,Female,49,Kolkata,03-04-2025,Postpaid,1591.87,15918.7,10,DSL,2 Year,Cash,2,Yes,,FALSE
C103854,Amit Roy,Male,43,Delhi,07-05-2025,Postpaid,1904.03,72353.14,38,Fiber,2 Year,Cash,5,No,,FALSE
C103855,Ananya Gupta,Male,42,Mumbai,09-12-2025,Postpaid,1131.93,13583.16,12,5G,2 Year,Card,6,No,,FALSE
C103856,Sneha Sen,Female,18,Kolkata,21-09-2025,Prepaid,1294.02,82817.28,64,DSL,1 Year,Card,6,Yes,,FALSE
C103857,Sourav Dey,Female,40,Bangalore,26-11-2025,Prepaid,1747.23,41933.52,24,Fiber,1 Year,Bank Transfer,6,No,,FALSE
C103858,Amit Roy,Female,33,Delhi,07-01-2025,Prepaid,341.92,2393.44,7,None,2 Year,UPI,4,No,,FALSE
C103859,Vikram Sharma,Male,73,Mumbai,20-08-2025,Prepaid,1350.95,1350.95,1,5G,Monthly,UPI,3,No,,FALSE
C103860,Riya Paul,Male,36,Chennai,31-03-2025,Prepaid,1699.83,98590.14,58,None,2 Year,Bank Transfer,9,No,,FALSE
C103861,Sourav Roy,Male,34,Hyderabad,07-05-2025,Postpaid,1146.87,24084.27,21,DSL,Monthly,Bank Transfer,0,No,,FALSE
C103862,Neha Ghosh,Male,29,Hyderabad,08-12-2025,Postpaid,444.3,29323.8,66,Fiber,2 Year,UPI,9,Yes,,FALSE
C103863,Rahul Singh,Male,56,,17-04-2025,Prepaid,1253.22,86472.18,69,None,2 Year,Card,7,Yes,,FALSE
C103864,Amit Roy,Female,35,Delhi,05-11-2025,Postpaid,858.83,33494.37,39,DSL,1 Year,Cash,3,Yes,,FALSE
C103865,Amit Das,Female,62,Delhi,02-05-2025,Prepaid,604.06,37451.72,62,5G,Monthly,UPI,6,Yes,,FALSE
C103866,Riya Singh,Female,67,Kolkata,13-02-2025,Postpaid,1262.39,30297.36,24,5G,2 Year,UPI,6,Yes,,FALSE
C103867,Rohit Paul,Female,52,Kolkata,26-04-2025,Prepaid,593.93,30884.36,52,None,1 Year,UPI,,No,,FALSE
C103868,Amit Paul,Female,70,Bangalore,06-06-2025,Postpaid,849.3,50958,60,Fiber,2 Year,UPI,8,Yes,,FALSE
C103869,Riya Roy,Male,31,Hyderabad,21-10-2025,Prepaid,1418.2,25527.6,18,Fiber,2 Year,,6,No,,FALSE
C103870,Sneha Kapoor,Female,41,Kolkata,13-07-2025,Postpaid,1616.98,11318.86,7,None,2 Year,Bank Transfer,5,Yes,,FALSE
C103871,Sourav Paul,Female,56,Bangalore,01-02-2025,Prepaid,1995.92,97800.08,49,DSL,Monthly,Cash,4,No,,FALSE
C103872,Rohit Sen,Female,54,Hyderabad,03-01-2025,Postpaid,1465.68,65955.6,45,DSL,2 Year,Bank Transfer,2,No,,FALSE
C103873,Amit Kapoor,Male,56,Kolkata,12-09-2025,Postpaid,1746.66,24453.24,14,None,1 Year,Bank Transfer,2,Yes,,FALSE
C103874,Rohit Roy,Male,27,Hyderabad,30-10-2025,Postpaid,1757.34,22845.42,13,DSL,2 Year,UPI,10,Yes,,FALSE
C103875,Priya Gupta,Female,32,Kolkata,17-01-2025,Prepaid,1053.39,34761.87,33,5G,2 Year,,11,No,,FALSE
C103876,Sneha Roy,Female,18,Kolkata,13-01-2025,Postpaid,1549.42,100712.3,65,5G,Monthly,Bank Transfer,1,Yes,,FALSE
C103877,Rohit Sen,Male,38,Hyderabad,14-08-2025,Prepaid,1543.17,84874.35,55,Fiber,1 Year,Card,12,Yes,,FALSE
C103878,Priya Ghosh,Female,66,Mumbai,05-05-2025,Prepaid,743.03,33436.35,45,5G,1 Year,UPI,7,No,,FALSE
C103879,Amit Sharma,Female,52,Chennai,10-03-2025,Postpaid,1470.87,27946.53,19,5G,2 Year,UPI,2,No,,FALSE
C103880,Vikram Kapoor,Male,40,Chennai,06-12-2025,Prepaid,500.44,29525.96,59,None,2 Year,Card,5,No,,FALSE
C103881,Rohit Ghosh,Male,56,Hyderabad,03-08-2025,Postpaid,480.52,12493.52,26,Fiber,Monthly,Card,8,No,,FALSE
C103882,Rohit Kapoor,Male,25,Bangalore,21-02-2025,Postpaid,1003.27,29094.83,29,Fiber,1 Year,Bank Transfer,3,Yes,,FALSE
C103883,Sneha Kapoor,Female,46,Kolkata,07-03-2025,Postpaid,1121.97,3365.91,3,5G,1 Year,,6,No,,FALSE
C103884,Riya Dey,Female,33,Kolkata,06-12-2025,Postpaid,594.94,5949.4,10,None,Monthly,Cash,7,Yes,,FALSE
C103885,Vikram Kapoor,Male,72,Chennai,11-04-2025,Prepaid,762.85,5339.95,7,Fiber,2 Year,Cash,7,No,,FALSE
C103886,Rohit Gupta,Female,38,Kolkata,01-03-2025,Prepaid,953.72,68667.84,72,5G,1 Year,Card,1,No,,FALSE
C103887,Rohit Kapoor,Male,39,Bangalore,27-02-2025,Postpaid,1657.74,69625.08,42,DSL,2 Year,Bank Transfer,0,Yes,,FALSE
C103888,Sourav Gupta,Female,56,Delhi,26-06-2025,Postpaid,512.69,30761.4,60,None,2 Year,UPI,9,No,,FALSE
C103889,Rahul Paul,Female,23,Bangalore,11-04-2025,Postpaid,519.2,17652.8,34,Fiber,Monthly,Bank Transfer,10,No,,FALSE
C103890,Amit Sen,Male,28,Mumbai,18-03-2025,Postpaid,1583.75,102943.75,65,None,2 Year,Card,4,Yes,,FALSE
C103891,Ananya Paul,Male,40,Chennai,26-08-2025,Postpaid,1487.78,102656.82,69,None,Monthly,Bank Transfer,8,No,,FALSE
C103892,Rohit Sen,Female,63,Hyderabad,28-07-2025,Prepaid,539.99,10259.81,19,None,1 Year,Card,8,No,,FALSE
C103893,Priya Kapoor,Female,24,Mumbai,23-11-2025,Postpaid,1083.48,10834.8,10,5G,1 Year,Card,9,No,,FALSE
C103894,Neha Dey,Female,41,Chennai,03-12-2025,Prepaid,1021.49,7150.43,7,5G,2 Year,Cash,3,Yes,,FALSE
C103895,Vikram Ghosh,Female,56,Hyderabad,18-11-2025,Postpaid,1495.59,89735.4,60,Fiber,1 Year,Card,11,No,,FALSE
C103896,Neha Das,Female,32,Mumbai,06-02-2025,Postpaid,829.79,9127.69,11,5G,1 Year,UPI,9,No,,FALSE
C103897,Amit Dey,Female,47,Bangalore,14-05-2025,Prepaid,548.95,27447.5,50,5G,Monthly,Bank Transfer,2,No,,FALSE
C103898,Rahul Sen,Female,58,Delhi,25-08-2025,Postpaid,1985.09,119105.4,60,None,Monthly,UPI,,No,,FALSE
C103899,Rahul Paul,Male,54,Bangalore,27-12-2025,Postpaid,843.8,53159.4,63,Fiber,2 Year,Bank Transfer,0,No,,FALSE
C103900,Sourav Das,Female,28,,22-01-2025,Postpaid,775.83,23274.9,30,Fiber,2 Year,UPI,7,Yes,,FALSE
C103901,Amit Sharma,Male,50,Delhi,15-02-2025,Prepaid,1257.1,25142,20,Fiber,Monthly,Card,9,No,,FALSE
C103902,Priya Singh,Female,20,Delhi,12-12-2025,Postpaid,1630.18,14671.62,9,DSL,2 Year,UPI,11,No,,FALSE
C103903,Riya Dey,Male,41,Hyderabad,13-11-2025,Prepaid,514.13,21593.46,42,5G,2 Year,Cash,5,No,,FALSE
C103904,Vikram Singh,Female,62,Mumbai,15-07-2025,Prepaid,831.62,31601.56,38,DSL,Monthly,Card,12,No,,FALSE
C103905,Neha Sharma,Male,74,Hyderabad,29-05-2025,Prepaid,881.5,47601,54,Fiber,2 Year,Card,4,Yes,,FALSE
C103906,Rahul Kapoor,Female,31,Hyderabad,15-05-2025,Prepaid,498.77,2992.62,6,DSL,1 Year,Card,4,Yes,,FALSE
C103907,Sneha Sen,Female,49,,18-12-2025,Prepaid,1555.79,96458.98,62,Fiber,2 Year,Cash,1,Yes,,FALSE
C103908,Vikram Roy,Male,71,Bangalore,10-12-2025,Prepaid,1362.44,17711.72,13,None,2 Year,Card,9,Yes,,FALSE
C103909,Sourav Gupta,Male,32,Hyderabad,13-02-2025,Prepaid,1196.74,10770.66,9,Fiber,Monthly,Card,8,Yes,,FALSE
C103910,Riya Sharma,Male,74,Hyderabad,02-07-2025,Postpaid,1994.28,103702.56,52,5G,Monthly,Bank Transfer,6,No,,FALSE
C103911,Neha Sen,Female,35,Delhi,20-08-2025,Prepaid,1834.98,16514.82,9,None,Monthly,Cash,2,No,,FALSE
C103912,Sneha Dey,Female,69,Chennai,15-03-2025,Prepaid,1427.06,4281.18,3,DSL,Monthly,Cash,10,No,,FALSE
C103913,Rahul Paul,Male,57,Chennai,26-11-2025,Prepaid,743.29,7432.9,10,DSL,2 Year,Bank Transfer,12,No,,FALSE
C103914,Neha Sen,Female,26,Mumbai,23-10-2025,Prepaid,1820.47,121971.49,67,Fiber,1 Year,Cash,3,Yes,,FALSE
C103915,Sourav Ghosh,Male,31,Delhi,04-10-2025,Prepaid,612.33,41026.11,67,DSL,2 Year,Bank Transfer,9,No,,FALSE
C103916,Amit Sen,Female,43,Chennai,26-06-2025,Postpaid,1345.75,90165.25,67,DSL,Monthly,UPI,0,Yes,,FALSE
C103917,Rohit Singh,Female,58,Bangalore,01-11-2025,Prepaid,1452.54,68269.38,47,Fiber,1 Year,Bank Transfer,0,No,,FALSE
C103918,Riya Sharma,Male,24,Hyderabad,10-03-2025,Prepaid,1753.32,124485.72,71,Fiber,2 Year,Cash,7,No,,FALSE
C103919,Rohit Paul,Male,57,Chennai,08-02-2025,Prepaid,526.71,3686.97,7,DSL,Monthly,UPI,11,No,,FALSE
C103920,Riya Roy,Male,24,Kolkata,18-03-2025,Postpaid,689.24,4824.68,7,DSL,2 Year,Bank Transfer,7,No,,FALSE
C103921,Sneha Gupta,Male,40,Hyderabad,29-01-2025,Postpaid,563.79,8456.85,15,None,2 Year,Card,3,Yes,,FALSE
C103922,Priya Gupta,Female,68,Bangalore,12-08-2025,Prepaid,568.21,13637.04,24,Fiber,Monthly,Cash,4,No,,FALSE
C103923,Sneha Singh,Female,28,Chennai,27-06-2025,Prepaid,1749.58,22744.54,13,5G,1 Year,Bank Transfer,6,Yes,,FALSE
C103924,Ananya Paul,Male,22,Chennai,18-10-2025,Postpaid,1315.48,28940.56,22,5G,Monthly,Bank Transfer,7,No,,FALSE
C103925,Sneha Gupta,Male,31,Delhi,02-08-2025,Postpaid,1025.91,58476.87,57,5G,2 Year,Cash,4,No,,FALSE
C103926,Ananya Gupta,Female,45,Hyderabad,03-01-2025,Postpaid,1291.05,69716.7,54,Fiber,2 Year,Cash,5,Yes,,FALSE
C103927,Neha Kapoor,Female,43,Delhi,04-02-2025,Prepaid,1317.43,79045.8,60,5G,2 Year,UPI,5,Yes,,FALSE
C103928,Riya Sharma,Female,73,Mumbai,06-08-2025,Postpaid,1000.81,43034.83,43,None,2 Year,Cash,9,No,,FALSE
C103929,Rohit Kapoor,Female,20,Kolkata,21-12-2025,Postpaid,379.09,26536.3,70,DSL,2 Year,Card,8,No,,FALSE
C103930,Amit Gupta,Female,20,Kolkata,19-11-2025,Prepaid,472.76,17964.88,38,Fiber,2 Year,Card,2,No,,FALSE
C103931,Sneha Dey,Male,29,Mumbai,25-10-2025,Postpaid,,9188.25,15,5G,2 Year,Cash,2,No,,FALSE
C103932,Priya Singh,Female,42,Delhi,30-10-2025,Postpaid,850.11,27203.52,32,Fiber,1 Year,UPI,2,No,,FALSE
C103933,Vikram Paul,Male,35,Hyderabad,07-10-2025,Postpaid,1580.45,75861.6,48,DSL,2 Year,Card,5,No,,FALSE
C103934,Ananya Sen,Female,54,Hyderabad,28-11-2025,Postpaid,1035.54,9319.86,9,DSL,Monthly,Cash,10,No,,FALSE
C103935,Neha Sharma,Male,23,Chennai,15-02-2025,Postpaid,1984.43,33735.31,17,5G,2 Year,Cash,3,Yes,,FALSE
C103936,Neha Kapoor,Male,25,Mumbai,05-08-2025,Prepaid,787.12,8658.32,11,Fiber,Monthly,Bank Transfer,10,Yes,,FALSE
C103937,Sourav Das,Female,36,Hyderabad,18-05-2025,Prepaid,1327.78,55766.76,42,Fiber,2 Year,Bank Transfer,9,No,,FALSE
C103938,Rohit Ghosh,Female,41,Mumbai,15-02-2025,Prepaid,652.49,43716.83,67,5G,Monthly,UPI,10,No,,FALSE
C103939,Amit Dey,Female,70,Delhi,19-05-2025,Prepaid,1788.91,21466.92,12,None,2 Year,Cash,2,No,,FALSE
C103940,Rohit Das,Female,39,Kolkata,07-11-2025,Prepaid,1499.36,7496.8,5,DSL,1 Year,Bank Transfer,7,No,,FALSE
C103941,Neha Kapoor,Male,18,Hyderabad,25-07-2025,Prepaid,1707.28,97314.96,57,None,2 Year,Bank Transfer,1,Yes,,FALSE
C103942,Amit Dey,Female,66,Chennai,15-04-2025,Postpaid,1686.67,79273.49,47,5G,1 Year,Bank Transfer,8,Yes,,FALSE
C103943,Sourav Paul,Male,49,Mumbai,01-08-2025,Prepaid,1552,93120,60,5G,1 Year,Bank Transfer,9,Yes,,FALSE
C103944,Amit Gupta,Female,45,Kolkata,10-01-2025,Prepaid,1745.56,5236.68,3,DSL,2 Year,Card,5,Yes,,FALSE
C103945,Neha Singh,Female,60,Chennai,29-12-2025,Postpaid,345.11,6211.98,18,Fiber,1 Year,Cash,3,No,,FALSE
C103946,Vikram Ghosh,Female,56,Mumbai,15-04-2025,Postpaid,1796.38,61076.92,34,5G,2 Year,Bank Transfer,9,Yes,,FALSE
C103947,Vikram Gupta,Male,33,Kolkata,15-10-2025,Prepaid,1549.3,108451,70,Fiber,Monthly,Card,3,No,,FALSE
C103948,Amit Sen,Male,57,Kolkata,17-05-2025,Prepaid,1790.6,75205.2,42,DSL,1 Year,UPI,10,No,,FALSE
C103949,Priya Roy,Female,18,Chennai,06-09-2025,Postpaid,1792.1,107526,60,DSL,Monthly,Cash,12,Yes,,FALSE
C103950,Sneha Roy,Male,71,Hyderabad,26-01-2025,Prepaid,1530.91,101040.06,66,DSL,Monthly,Bank Transfer,4,No,,FALSE
C103951,Priya Paul,Female,60,Chennai,15-10-2025,Prepaid,1763.59,54671.29,31,None,1 Year,Bank Transfer,7,Yes,,FALSE
C103952,Amit Ghosh,Male,69,Kolkata,27-12-2025,Prepaid,1661.07,8305.35,5,5G,Monthly,Card,4,Yes,,FALSE
C103953,Vikram Sen,Male,49,Mumbai,11-09-2025,Postpaid,1500.05,9000.3,6,5G,Monthly,Bank Transfer,0,Yes,,FALSE
C103954,Riya Paul,Male,74,Delhi,29-12-2025,Prepaid,,13810.96,8,None,Monthly,Card,3,No,,FALSE
C103955,Vikram Roy,Male,51,Kolkata,11-02-2025,Postpaid,694.49,10417.35,15,DSL,2 Year,Cash,9,No,,FALSE
C103956,Sourav Roy,Male,53,Kolkata,17-07-2025,Postpaid,1997.79,95893.92,48,Fiber,2 Year,UPI,6,Yes,,FALSE
C103957,Priya Roy,Female,20,Kolkata,23-08-2025,Postpaid,531.74,35094.84,66,None,1 Year,Bank Transfer,10,Yes,,FALSE
C103958,Amit Das,Male,42,Hyderabad,20-06-2025,Prepaid,1706.82,34136.4,20,Fiber,Monthly,Card,4,No,,FALSE
C103959,Neha Ghosh,Male,56,Chennai,09-03-2025,Prepaid,1220.01,59780.49,49,5G,2 Year,Bank Transfer,5,No,,FALSE
C103960,Riya Roy,Female,60,Delhi,27-08-2025,Prepaid,1548.99,55763.64,36,Fiber,1 Year,Cash,4,No,,FALSE
C103961,Ananya Kapoor,Male,26,Chennai,12-05-2025,Prepaid,1060.21,14842.94,14,5G,1 Year,Bank Transfer,1,No,,FALSE
C103962,Ananya Gupta,Female,37,Chennai,04-02-2025,Postpaid,817.77,27804.18,34,5G,Monthly,Bank Transfer,2,No,,FALSE
C103963,Rahul Dey,Male,37,Kolkata,09-05-2025,Prepaid,839.6,41140.4,49,Fiber,1 Year,Bank Transfer,2,Yes,,FALSE
C103964,Sourav Paul,Female,33,Delhi,14-05-2025,Prepaid,679.48,8833.24,13,DSL,1 Year,Cash,7,Yes,,FALSE
C103965,Ananya Singh,Male,65,Mumbai,12-05-2025,Prepaid,1553.28,88536.96,57,DSL,1 Year,UPI,,Yes,,FALSE
C103966,Rohit Das,Male,72,Delhi,01-09-2025,Prepaid,1450.58,98639.44,68,DSL,Monthly,Cash,2,Yes,,FALSE
C103967,Neha Gupta,Female,46,Mumbai,02-09-2025,Prepaid,1852.8,72259.2,39,Fiber,1 Year,Card,2,Yes,,FALSE
C103968,Vikram Gupta,Female,56,Mumbai,26-04-2025,Postpaid,1427.87,102806.64,72,DSL,Monthly,UPI,8,No,,FALSE
C103969,Riya Ghosh,Female,51,,07-10-2025,Prepaid,1944.03,48600.75,25,None,Monthly,Card,1,No,,FALSE
C103970,Rahul Dey,Female,69,Chennai,16-10-2025,Prepaid,1793.33,86079.84,48,Fiber,Monthly,Bank Transfer,2,Yes,,FALSE
C103971,Amit Sharma,Female,49,Delhi,08-04-2025,Prepaid,698.75,50310,72,5G,1 Year,Card,12,No,,FALSE
C103972,Riya Das,Female,30,Mumbai,17-11-2025,Prepaid,781.45,19536.25,25,5G,Monthly,,2,No,,FALSE
C103973,Rahul Sharma,Male,27,Hyderabad,24-08-2025,Prepaid,1616.8,58204.8,36,Fiber,1 Year,Card,3,Yes,,FALSE
C103974,Vikram Gupta,Male,36,Delhi,11-05-2025,Postpaid,305.46,9163.8,30,DSL,2 Year,UPI,7,Yes,,FALSE
C103975,Amit Ghosh,Female,75,Chennai,04-10-2025,Postpaid,441.05,7938.9,18,Fiber,Monthly,,4,Yes,,FALSE
C103976,Amit Gupta,Male,54,Delhi,29-05-2025,Postpaid,1720.29,111818.85,65,DSL,Monthly,Cash,6,Yes,,FALSE
C103977,Vikram Sen,Male,40,Kolkata,17-10-2025,Postpaid,1686.4,32041.6,19,None,2 Year,Bank Transfer,1,No,,FALSE
C103978,Rahul Das,Male,43,Kolkata,10-07-2025,Postpaid,1751.6,80573.6,46,5G,Monthly,Card,7,No,,FALSE
C103979,Amit Sen,Male,42,Bangalore,12-03-2025,Postpaid,498.13,3985.04,8,None,1 Year,UPI,0,Yes,,FALSE
C103980,Sourav Dey,Female,19,Bangalore,09-06-2025,Prepaid,955.09,26742.52,28,None,2 Year,Card,8,No,,FALSE
C103981,Priya Dey,Female,72,Delhi,15-09-2025,Prepaid,1950.61,113135.38,58,None,Monthly,UPI,2,Yes,,FALSE
C103982,Sneha Kapoor,Male,29,Bangalore,10-03-2025,Postpaid,1210.12,12101.2,10,Fiber,Monthly,,9,Yes,,FALSE
C103983,Priya Sharma,Male,65,Bangalore,20-03-2025,Prepaid,1922.55,51908.85,27,None,Monthly,Bank Transfer,0,No,,FALSE
C103984,Vikram Roy,Female,68,Mumbai,20-03-2025,Prepaid,1443.77,85182.43,59,5G,1 Year,Cash,5,No,,FALSE
C103985,Priya Kapoor,Male,49,Delhi,09-07-2025,Postpaid,677.32,33188.68,49,Fiber,Monthly,Cash,5,Yes,,FALSE
C103986,Sneha Gupta,Male,40,Delhi,12-08-2025,Postpaid,568.55,21036.35,37,None,1 Year,Card,2,No,,FALSE
C103987,Riya Singh,Female,62,Chennai,07-01-2025,Postpaid,961.73,59627.26,62,5G,1 Year,Card,12,Yes,,FALSE
C103988,Ananya Paul,Female,36,Delhi,17-03-2025,Postpaid,1475.54,32461.88,22,5G,2 Year,Cash,8,Yes,,FALSE
C103989,Priya Paul,Female,42,Kolkata,22-12-2025,Prepaid,689,24115,35,5G,2 Year,Cash,3,Yes,,FALSE
C103990,Ananya Kapoor,Female,24,Mumbai,17-10-2025,Postpaid,377.86,20782.3,55,DSL,Monthly,UPI,12,No,,FALSE
C103991,Priya Ghosh,Male,35,Hyderabad,14-05-2025,Prepaid,732.62,17582.88,24,None,2 Year,UPI,11,No,,FALSE
C103992,Vikram Sen,Female,71,Chennai,09-07-2025,Postpaid,344.48,24458.08,71,DSL,1 Year,Bank Transfer,5,No,,FALSE
C103993,Neha Gupta,Female,58,Delhi,10-03-2025,Postpaid,1061.17,76404.24,72,5G,Monthly,UPI,11,No,,FALSE
C103994,Riya Ghosh,Female,31,Chennai,11-05-2025,Postpaid,1200.33,60016.5,50,5G,Monthly,Cash,8,No,,FALSE
C103995,Ananya Sen,Male,69,Chennai,24-02-2025,Postpaid,1873.89,116181.18,62,Fiber,2 Year,Cash,7,No,,FALSE
C103996,Neha Sen,Male,41,Delhi,31-07-2025,Postpaid,481.78,6744.92,14,Fiber,2 Year,Card,7,No,,FALSE
C103997,Priya Sharma,Male,28,Hyderabad,17-03-2025,Postpaid,1045.48,29273.44,28,None,Monthly,Bank Transfer,1,No,,FALSE
C103998,Sneha Roy,Male,40,Chennai,06-05-2025,Postpaid,,22823,58,Fiber,Monthly,UPI,1,No,,FALSE
C103999,Priya Paul,Female,37,Mumbai,30-12-2025,Postpaid,764.11,40497.83,53,Fiber,2 Year,UPI,3,No,,FALSE
C104000,Rahul Kapoor,Male,49,Mumbai,30-12-2025,Postpaid,1201,50442,42,Fiber,Monthly,UPI,7,Yes,,FALSE
C104001,Sneha Gupta,Male,71,Chennai,24-08-2025,Prepaid,1802.9,45072.5,25,5G,1 Year,Cash,9,Yes,,FALSE
C104002,Sneha Gupta,Male,53,Hyderabad,24-02-2025,Postpaid,1108.36,66501.6,60,DSL,1 Year,Bank Transfer,9,Yes,,FALSE
C104003,Rahul Das,Male,49,Kolkata,24-07-2025,Postpaid,1002.43,40097.2,40,None,1 Year,UPI,0,No,,FALSE
C104004,Amit Ghosh,Female,21,Bangalore,06-02-2025,Prepaid,1172.18,10549.62,9,None,Monthly,UPI,8,No,,FALSE
C104005,Rahul Sharma,Female,68,Kolkata,11-01-2025,Prepaid,1677.31,53673.92,32,Fiber,Monthly,Card,2,Yes,,FALSE
C104006,Sneha Paul,Male,28,Delhi,19-02-2025,Prepaid,1250.32,63766.32,51,Fiber,Monthly,UPI,11,No,,FALSE
C104007,Neha Das,Male,54,Bangalore,26-08-2025,Postpaid,1641.5,42679,26,None,Monthly,UPI,1,No,,FALSE
C104008,Sourav Sen,Male,57,Chennai,18-03-2025,Prepaid,433.91,17356.4,40,5G,Monthly,Cash,4,Yes,,FALSE
C104009,Sourav Das,Female,55,Bangalore,16-03-2025,Prepaid,1160.68,49909.24,43,Fiber,1 Year,UPI,12,Yes,,FALSE
C104010,Rohit Paul,Female,70,Delhi,17-06-2025,Prepaid,729.42,30635.64,42,DSL,2 Year,Bank Transfer,11,Yes,,FALSE
C104011,Amit Ghosh,Female,75,Hyderabad,26-09-2025,Prepaid,1734.63,19080.93,11,5G,2 Year,Cash,5,No,,FALSE
C104012,Rohit Roy,Female,18,Mumbai,06-05-2025,Postpaid,799.48,17588.56,22,DSL,Monthly,UPI,10,No,,FALSE
C104013,Riya Gupta,Male,58,Hyderabad,10-04-2025,Prepaid,787.72,33084.24,42,Fiber,Monthly,UPI,6,Yes,,FALSE
C104014,Amit Sharma,Male,62,Kolkata,26-09-2025,Postpaid,1345.54,36329.58,27,None,1 Year,Cash,4,No,,FALSE
C104015,Riya Dey,Male,51,Bangalore,10-04-2025,Prepaid,601.41,13231.02,22,Fiber,1 Year,Cash,3,Yes,,FALSE
C104016,Riya Kapoor,Male,62,Chennai,13-07-2025,Prepaid,1008.61,50430.5,50,DSL,2 Year,Cash,10,No,,FALSE
C104017,Rahul Singh,Female,72,Kolkata,01-08-2025,Postpaid,1840.77,16566.93,9,5G,1 Year,Bank Transfer,10,No,,FALSE
C104018,Ananya Gupta,Female,64,Hyderabad,02-03-2025,Prepaid,1844.79,71946.81,39,None,Monthly,Bank Transfer,3,No,,FALSE
C104019,Neha Sen,Male,28,Chennai,26-08-2025,Prepaid,1152.38,69142.8,60,DSL,Monthly,Cash,12,No,,FALSE
C104020,Vikram Singh,Male,45,Bangalore,06-06-2025,Postpaid,736,30912,42,None,2 Year,Bank Transfer,5,No,,FALSE
C104021,Rahul Sharma,Male,59,Hyderabad,21-02-2025,Postpaid,620.48,4963.84,8,DSL,1 Year,Cash,5,No,,FALSE
C104022,Vikram Roy,Male,40,Mumbai,08-05-2025,Postpaid,1241.02,32266.52,26,5G,2 Year,Card,3,No,,FALSE
C104023,Amit Roy,Female,42,Delhi,05-09-2025,Postpaid,1173.98,63394.92,54,5G,2 Year,Card,10,Yes,,FALSE
C104024,Neha Dey,Male,68,Kolkata,14-04-2025,Prepaid,1729.17,50145.93,29,None,2 Year,Cash,1,Yes,,FALSE
C104025,Riya Sharma,Male,75,Delhi,15-02-2025,Prepaid,1441.38,67744.86,47,Fiber,1 Year,UPI,10,No,,FALSE
C104026,Ananya Sen,Female,71,Mumbai,08-10-2025,Prepaid,659.17,13183.4,20,Fiber,1 Year,Cash,11,No,,FALSE
C104027,Priya Kapoor,Male,39,Chennai,18-08-2025,Postpaid,,6398.25,5,Fiber,1 Year,Cash,11,Yes,,FALSE
C104028,Neha Dey,Male,25,Kolkata,16-01-2025,Postpaid,408.4,19603.2,48,5G,Monthly,UPI,0,Yes,,FALSE
C104029,Rahul Kapoor,Female,47,Bangalore,17-10-2025,Postpaid,681.99,42965.37,63,DSL,1 Year,Cash,10,Yes,,FALSE
C104030,Vikram Roy,Female,53,Mumbai,26-03-2025,Postpaid,1717.16,3434.32,2,None,1 Year,Card,11,Yes,,FALSE
C104031,Rahul Gupta,Female,23,Mumbai,02-11-2025,Postpaid,718.02,28720.8,40,Fiber,1 Year,UPI,4,Yes,,FALSE
C104032,Sneha Sharma,Female,45,Hyderabad,12-05-2025,Postpaid,526.85,20020.3,38,Fiber,1 Year,Card,8,Yes,,FALSE
C104033,Priya Kapoor,Female,71,Delhi,29-12-2025,Prepaid,1781.54,115800.1,65,5G,1 Year,UPI,5,No,,FALSE
C104034,Vikram Paul,Female,60,Bangalore,22-06-2025,Prepaid,740.26,45155.86,61,None,Monthly,Bank Transfer,5,No,,FALSE
C104035,Vikram Roy,Male,54,Delhi,24-06-2025,Postpaid,1901.43,136902.96,72,5G,Monthly,Bank Transfer,2,Yes,,FALSE
C104036,Neha Paul,Female,19,Kolkata,26-02-2025,Postpaid,490.7,981.4,2,None,2 Year,Bank Transfer,12,No,,FALSE
C104037,Rahul Ghosh,Female,41,Hyderabad,14-11-2025,Postpaid,1260.98,34046.46,27,None,Monthly,Cash,9,Yes,,FALSE
C104038,Ananya Sen,Male,72,Kolkata,10-12-2025,Prepaid,701.75,19649,28,5G,2 Year,Bank Transfer,3,No,,FALSE
C104039,Ananya Kapoor,Male,73,Bangalore,07-09-2025,Prepaid,1771.8,42523.2,24,Fiber,Monthly,Bank Transfer,2,No,,FALSE
C104040,Riya Sharma,Male,41,Mumbai,18-02-2025,Prepaid,1521.97,103493.96,68,Fiber,1 Year,Bank Transfer,,No,,FALSE
C104041,Sneha Kapoor,Male,33,Delhi,16-10-2025,Prepaid,,24819.21,27,Fiber,1 Year,UPI,5,No,,FALSE
C104042,Vikram Gupta,Female,55,Kolkata,23-08-2025,Prepaid,828.49,33139.6,40,DSL,1 Year,Card,5,Yes,,FALSE
C104043,Rohit Dey,Male,21,Delhi,10-08-2025,Prepaid,1630.88,73389.6,45,None,Monthly,Cash,12,No,,FALSE
C104044,Sourav Das,Male,30,Kolkata,26-11-2025,Prepaid,1753.58,45593.08,26,None,2 Year,Cash,8,No,,FALSE
C104045,Priya Ghosh,Male,27,Bangalore,03-12-2025,Postpaid,1117.4,68161.4,61,DSL,Monthly,Cash,11,No,,FALSE
C104046,Neha Das,Male,20,Hyderabad,07-10-2025,Postpaid,937.35,46867.5,50,None,2 Year,Bank Transfer,9,No,,FALSE
C104047,Neha Sen,Male,36,Kolkata,12-02-2025,Prepaid,1013.63,11149.93,11,5G,1 Year,Bank Transfer,4,Yes,,FALSE
C104048,Amit Das,Male,28,Bangalore,21-12-2025,Prepaid,1571.48,78574,50,DSL,1 Year,Card,2,Yes,,FALSE
C104049,Vikram Ghosh,Male,61,Mumbai,01-11-2025,Prepaid,1556.5,74712,48,None,1 Year,Cash,1,Yes,,FALSE
C104050,Sneha Paul,Female,62,Kolkata,28-11-2025,Postpaid,1721.08,13768.64,8,5G,2 Year,Bank Transfer,4,No,,FALSE
C104051,Riya Singh,Female,73,Hyderabad,19-08-2025,Postpaid,349.41,9084.66,26,None,1 Year,UPI,10,No,,FALSE
C104052,Ananya Das,Male,75,Kolkata,25-07-2025,Prepaid,1696.11,91589.94,54,DSL,Monthly,Bank Transfer,3,Yes,,FALSE
C104053,Ananya Gupta,Female,63,Bangalore,19-12-2025,Postpaid,633.65,35484.4,56,None,Monthly,Cash,0,Yes,,FALSE
C104054,Sourav Kapoor,Female,70,Kolkata,17-07-2025,Postpaid,338.49,14893.56,44,Fiber,2 Year,Bank Transfer,11,Yes,,FALSE
C104055,Sourav Dey,Female,45,Delhi,27-06-2025,Prepaid,1911.57,21027.27,11,DSL,1 Year,Bank Transfer,7,No,,FALSE
C104056,Rohit Das,Male,73,Hyderabad,20-05-2025,Prepaid,1401.47,19620.58,14,5G,Monthly,Cash,8,No,,FALSE
C104057,Sourav Sharma,Male,50,Kolkata,04-02-2025,Prepaid,840.2,22685.4,27,Fiber,2 Year,Cash,1,No,,FALSE
C104058,Vikram Das,Male,58,Hyderabad,13-12-2025,Prepaid,1201.98,33655.44,28,None,Monthly,UPI,8,Yes,,FALSE
C104059,Vikram Gupta,Male,53,Kolkata,31-07-2025,Postpaid,1920.1,26881.4,14,Fiber,Monthly,UPI,7,No,,FALSE
C104060,Priya Dey,Male,47,Chennai,09-08-2025,Postpaid,1564.59,84487.86,54,5G,2 Year,Card,2,No,,FALSE
C104061,Priya Ghosh,Male,26,Hyderabad,23-09-2025,Prepaid,1314.07,52562.8,40,DSL,2 Year,UPI,12,No,,FALSE
C104062,Priya Gupta,Female,73,Mumbai,09-02-2025,Prepaid,871.89,48825.84,56,Fiber,2 Year,Cash,4,Yes,,FALSE
C104063,Riya Kapoor,Male,25,,25-06-2025,Prepaid,853.47,26457.57,31,None,1 Year,Bank Transfer,1,Yes,,FALSE
C104064,Ananya Kapoor,Female,73,Hyderabad,22-06-2025,Prepaid,1791.85,120053.95,67,None,Monthly,UPI,7,Yes,,FALSE
C104065,Rohit Dey,Male,48,Bangalore,30-03-2025,Prepaid,1603.35,20843.55,13,DSL,1 Year,UPI,3,No,,FALSE
C104066,Sourav Sharma,Female,19,Delhi,31-10-2025,Postpaid,641.87,16046.75,25,None,1 Year,Cash,4,No,,FALSE
C104067,Rohit Dey,Male,45,,21-09-2025,Postpaid,816.76,33487.16,41,DSL,2 Year,Card,1,Yes,,FALSE
C104068,Vikram Dey,Female,75,Bangalore,24-05-2025,Prepaid,1838.34,79048.62,43,5G,Monthly,Card,12,Yes,,FALSE
C104069,Sourav Ghosh,Male,39,Chennai,27-12-2025,Postpaid,652.6,5873.4,9,5G,2 Year,Cash,9,No,,FALSE
C104070,Rohit Singh,Female,62,Bangalore,10-02-2025,Prepaid,1226.37,35564.73,29,5G,Monthly,,5,Yes,,FALSE
C104071,Sneha Singh,Male,59,Kolkata,06-08-2025,Postpaid,1719.92,115234.64,67,None,Monthly,Cash,6,No,,FALSE
C104072,Rahul Kapoor,Female,41,Hyderabad,26-01-2025,Prepaid,1598.54,86321.16,54,DSL,Monthly,Cash,7,No,,FALSE
C104073,Priya Sharma,Female,47,Mumbai,27-10-2025,Postpaid,828.37,27336.21,33,Fiber,2 Year,UPI,8,Yes,,FALSE
C104074,Sneha Singh,Male,63,Chennai,06-05-2025,Postpaid,1832.58,14660.64,8,DSL,1 Year,UPI,7,Yes,,FALSE
C104075,Rahul Sen,Male,61,Hyderabad,06-01-2025,Postpaid,1685.41,30337.38,18,None,1 Year,Bank Transfer,6,No,,FALSE
C104076,Riya Dey,Female,24,Hyderabad,25-11-2025,Postpaid,1883.56,122431.4,65,5G,1 Year,Cash,9,No,,FALSE
C104077,Rohit Paul,Male,47,Bangalore,05-11-2025,Postpaid,444.01,27528.62,62,None,Monthly,UPI,6,Yes,,FALSE
C104078,Neha Ghosh,Male,69,Kolkata,03-10-2025,Prepaid,1384.65,40154.85,29,DSL,1 Year,Cash,6,No,,FALSE
C104079,Rahul Sharma,Male,52,Mumbai,17-07-2025,Postpaid,811.84,55205.12,68,Fiber,2 Year,Card,0,No,,FALSE
C104080,Rohit Roy,Male,26,Hyderabad,15-08-2025,Postpaid,458.43,15586.62,34,5G,Monthly,Card,3,No,,FALSE
C104081,Riya Kapoor,Male,29,Mumbai,31-12-2025,Postpaid,1319.32,48814.84,37,Fiber,Monthly,Bank Transfer,12,Yes,,FALSE
C104082,Ananya Sen,Female,66,Chennai,16-08-2025,Postpaid,390.35,24201.7,62,Fiber,Monthly,Cash,6,No,,FALSE
C104083,Sneha Ghosh,Female,42,Hyderabad,14-06-2025,Postpaid,492.01,9840.2,20,Fiber,1 Year,Card,1,No,,FALSE
C104084,Vikram Sen,Female,65,Chennai,25-11-2025,Postpaid,1887.66,49079.16,26,DSL,Monthly,Card,0,Yes,,FALSE
C104085,Rahul Singh,Male,51,Kolkata,31-03-2025,Postpaid,1279.86,55033.98,43,Fiber,2 Year,Cash,0,Yes,,FALSE
C104086,Sneha Gupta,Male,43,Mumbai,09-02-2025,Prepaid,610.65,20151.45,33,5G,2 Year,Card,4,Yes,,FALSE
C104087,Vikram Paul,Female,36,Bangalore,25-03-2025,Prepaid,509.66,29050.62,57,None,1 Year,Bank Transfer,11,Yes,,FALSE
C104088,Priya Gupta,Male,59,Bangalore,17-05-2025,Prepaid,466.53,10730.19,23,Fiber,2 Year,Bank Transfer,1,No,,FALSE
C104089,Riya Paul,Female,67,Mumbai,11-02-2025,Prepaid,1972.76,86801.44,44,DSL,1 Year,UPI,10,No,,FALSE
C104090,Neha Kapoor,Female,55,Kolkata,09-11-2025,Postpaid,1687,84350,50,None,Monthly,Cash,1,No,,FALSE
C104091,Sourav Ghosh,Female,40,Chennai,12-08-2025,Prepaid,386.58,23967.96,62,DSL,1 Year,Bank Transfer,11,No,,FALSE
C104092,Riya Das,Male,47,Kolkata,22-10-2025,Prepaid,1448.36,18828.68,13,Fiber,1 Year,Cash,11,No,,FALSE
C104093,Rahul Roy,Male,18,Hyderabad,13-08-2025,Postpaid,1381.79,87052.77,63,DSL,2 Year,Bank Transfer,4,No,,FALSE
C104094,Rohit Sen,Male,29,Hyderabad,06-01-2025,Prepaid,1158.81,66052.17,57,None,2 Year,UPI,6,No,,FALSE
C104095,Rohit Paul,Male,45,Hyderabad,04-10-2025,Postpaid,1715.94,75501.36,44,5G,2 Year,Cash,11,No,,FALSE
C104096,Rahul Sen,Male,56,Mumbai,13-07-2025,Postpaid,,37173,25,None,Monthly,Card,7,No,,FALSE
C104097,Rohit Ghosh,Female,41,Hyderabad,22-12-2025,Postpaid,1202.21,75739.23,63,5G,Monthly,UPI,9,Yes,,FALSE
C104098,Rahul Dey,Male,34,Mumbai,08-03-2025,Prepaid,788.38,42572.52,54,DSL,1 Year,Cash,5,Yes,,FALSE
C104099,Sourav Kapoor,Female,34,Mumbai,21-12-2025,Postpaid,533.81,5338.1,10,Fiber,2 Year,Bank Transfer,5,No,,FALSE
C104100,Rohit Paul,Male,65,Hyderabad,06-08-2025,Postpaid,694.1,39563.7,57,DSL,Monthly,Bank Transfer,7,No,,FALSE
C104101,Vikram Roy,Male,45,Bangalore,05-02-2025,Prepaid,641.44,641.44,1,Fiber,Monthly,Bank Transfer,5,No,,FALSE
C104102,Neha Sen,Female,35,Chennai,02-09-2025,Prepaid,1368.23,20523.45,15,DSL,2 Year,Card,3,Yes,,FALSE
C104103,Sourav Dey,Male,64,Chennai,24-07-2025,Prepaid,1194.87,31066.62,26,5G,2 Year,UPI,7,Yes,,FALSE
C104104,Priya Kapoor,Female,53,Mumbai,14-03-2025,Prepaid,1942.5,108780,56,5G,Monthly,Cash,12,Yes,,FALSE
C104105,Sneha Ghosh,Male,48,Kolkata,24-10-2025,Prepaid,1956.36,136945.2,70,None,2 Year,Bank Transfer,9,No,,FALSE
C104106,Rohit Roy,Female,19,Kolkata,05-10-2025,Postpaid,1879.25,48860.5,26,None,Monthly,Card,6,No,,FALSE
C104107,Rahul Gupta,Female,29,Bangalore,22-08-2025,Postpaid,448.9,30974.1,69,None,1 Year,Card,11,No,,FALSE
C104108,Neha Sharma,Female,22,Hyderabad,23-10-2025,Postpaid,1991.98,137446.62,69,5G,1 Year,Card,3,Yes,,FALSE
C104109,Rohit Sharma,Female,41,Mumbai,12-05-2025,Prepaid,1475.66,41318.48,28,None,Monthly,UPI,11,Yes,,FALSE
C104110,Vikram Gupta,Female,33,Mumbai,19-07-2025,Postpaid,774.41,15488.2,20,Fiber,2 Year,Bank Transfer,12,Yes,,FALSE
C104111,Sourav Das,Male,57,Mumbai,25-10-2025,Postpaid,1699.5,117265.5,69,Fiber,1 Year,Card,5,No,,FALSE
C104112,Sneha Paul,Female,29,Bangalore,17-03-2025,Postpaid,1093.08,37164.72,34,5G,Monthly,UPI,7,Yes,,FALSE
C104113,Vikram Ghosh,Male,53,Kolkata,24-10-2025,Postpaid,1732.93,67584.27,39,None,2 Year,Card,12,No,,FALSE
C104114,Ananya Das,Female,59,Chennai,15-01-2025,Postpaid,1472.15,60358.15,41,None,2 Year,Card,5,No,,FALSE
C104115,Rohit Ghosh,Male,41,Bangalore,31-05-2025,Postpaid,682.66,23893.1,35,Fiber,2 Year,UPI,7,No,,FALSE
C104116,Amit Roy,Male,64,Hyderabad,08-08-2025,Postpaid,1075.09,61280.13,57,None,2 Year,UPI,12,No,,FALSE
C104117,Rahul Roy,Female,33,Kolkata,11-03-2025,Postpaid,1913.67,59323.77,31,5G,2 Year,UPI,7,No,,FALSE
C104118,Sourav Paul,Male,69,Chennai,21-12-2025,Prepaid,1597.77,97463.97,61,5G,Monthly,Bank Transfer,5,Yes,,FALSE
C104119,Neha Sharma,Male,73,Bangalore,22-09-2025,Prepaid,940.48,66774.08,71,DSL,Monthly,Cash,5,Yes,,FALSE
C104120,Neha Das,Female,21,Delhi,29-09-2025,Postpaid,983.32,3933.28,4,DSL,2 Year,Card,2,No,,FALSE
C104121,Sourav Ghosh,Male,34,Mumbai,03-04-2025,Prepaid,904.07,37066.87,41,Fiber,1 Year,Bank Transfer,4,Yes,,FALSE
C104122,Riya Kapoor,Male,30,,27-01-2025,Prepaid,1414.12,67877.76,48,Fiber,1 Year,Cash,9,No,,FALSE
C104123,Ananya Kapoor,Female,55,Hyderabad,03-02-2025,Prepaid,1117.76,6706.56,6,None,Monthly,Cash,1,Yes,,FALSE
C104124,Riya Singh,Male,69,Hyderabad,15-09-2025,Prepaid,1181.12,21260.16,18,Fiber,1 Year,Card,0,No,,FALSE
C104125,Amit Das,Female,54,Delhi,09-03-2025,Postpaid,,51443.7,30,None,Monthly,Card,0,Yes,,FALSE
C104126,Amit Das,Female,53,Kolkata,14-06-2025,Postpaid,394.89,14610.93,37,Fiber,2 Year,Card,11,Yes,,FALSE
C104127,Sourav Sharma,Female,54,Hyderabad,07-10-2025,Postpaid,553.61,7196.93,13,None,1 Year,Bank Transfer,9,Yes,,FALSE
C104128,Rahul Paul,Male,53,Chennai,08-08-2025,Postpaid,761.98,26669.3,35,5G,1 Year,UPI,9,Yes,,FALSE
C104129,Rahul Ghosh,Female,75,Chennai,23-08-2025,Postpaid,1389.49,88927.36,64,None,Monthly,Bank Transfer,6,No,,FALSE
C104130,Rahul Ghosh,Female,27,Kolkata,27-10-2025,Postpaid,345.66,10024.14,29,5G,2 Year,Cash,1,No,,FALSE
C104131,Sneha Ghosh,Male,18,Bangalore,22-07-2025,Postpaid,534.5,6948.5,13,None,1 Year,UPI,5,Yes,,FALSE
C104132,Ananya Ghosh,Female,40,Bangalore,18-06-2025,Postpaid,1717.53,5152.59,3,DSL,1 Year,,9,Yes,,FALSE
C104133,Sneha Gupta,Male,56,Chennai,31-10-2025,Prepaid,1127.77,45110.8,40,DSL,1 Year,Card,1,No,,FALSE
C104134,Rahul Roy,Female,69,Bangalore,20-05-2025,Postpaid,,3918.69,3,Fiber,1 Year,Card,4,Yes,,FALSE
C104135,Neha Sharma,Male,28,Bangalore,28-11-2025,Postpaid,470.21,5172.31,11,DSL,Monthly,Cash,7,Yes,,FALSE
C104136,Sneha Sen,Male,58,Chennai,03-10-2025,Prepaid,484.41,34393.11,71,Fiber,1 Year,Bank Transfer,2,Yes,,FALSE
C104137,Rahul Sen,Female,49,Bangalore,22-04-2025,Prepaid,1865.33,128707.77,69,DSL,2 Year,Cash,4,Yes,,FALSE
C104138,Sourav Dey,Female,69,Bangalore,30-09-2025,Prepaid,1007.64,47359.08,47,5G,2 Year,UPI,0,Yes,,FALSE
C104139,Neha Ghosh,Male,63,Chennai,01-03-2025,Postpaid,1841.61,86555.67,47,None,1 Year,UPI,1,No,,FALSE
C104140,Ananya Gupta,Male,35,Chennai,22-11-2025,Prepaid,1462.82,42421.78,29,None,1 Year,Bank Transfer,9,Yes,,FALSE
C104141,Vikram Das,Female,69,Hyderabad,21-11-2025,Prepaid,1794.85,66409.45,37,5G,1 Year,,6,Yes,,FALSE
C104142,Riya Das,Male,74,Kolkata,28-07-2025,Postpaid,728.31,32045.64,44,None,Monthly,Cash,6,No,,FALSE
C104143,Ananya Ghosh,Male,52,Hyderabad,17-12-2025,Postpaid,914.46,64926.66,71,DSL,1 Year,Cash,6,No,,FALSE
C104144,Rahul Roy,Male,41,Delhi,25-05-2025,Prepaid,1350.08,62103.68,46,DSL,2 Year,UPI,6,Yes,,FALSE
C104145,Rohit Dey,Female,29,Chennai,27-11-2025,Prepaid,1028.37,50390.13,49,None,Monthly,Bank Transfer,6,Yes,,FALSE
C104146,Sneha Ghosh,Male,53,Hyderabad,11-07-2025,Prepaid,696.28,46650.76,67,DSL,Monthly,Bank Transfer,1,Yes,,FALSE
C104147,Priya Das,Female,22,Kolkata,25-03-2025,Postpaid,886.36,23045.36,26,5G,1 Year,Card,4,No,,FALSE
C104148,Amit Sen,Male,47,Bangalore,14-07-2025,Prepaid,1056.54,26413.5,25,None,2 Year,Card,2,No,,FALSE
C104149,Vikram Singh,Male,51,Kolkata,21-04-2025,Postpaid,878.91,61523.7,70,None,1 Year,UPI,8,No,,FALSE
C104150,Riya Sen,Female,37,Mumbai,22-10-2025,Postpaid,764.58,44345.64,58,Fiber,2 Year,Cash,5,No,,FALSE
C104151,Neha Sharma,Female,39,Kolkata,17-09-2025,Prepaid,,64049.76,57,5G,1 Year,Card,5,Yes,,FALSE
C104152,Ananya Singh,Female,23,Delhi,09-02-2025,Prepaid,362.89,23587.85,65,5G,Monthly,Bank Transfer,2,No,,FALSE
C104153,Rahul Das,Female,33,Kolkata,10-12-2025,Postpaid,1229.16,49166.4,40,Fiber,2 Year,Cash,4,Yes,,FALSE
C104154,Sneha Gupta,Female,37,,11-01-2025,Prepaid,852.22,34088.8,40,5G,1 Year,UPI,4,No,,FALSE
C104155,Rohit Das,Female,61,Bangalore,27-04-2025,Prepaid,944.32,13220.48,14,None,1 Year,Bank Transfer,0,Yes,,FALSE
C104156,Riya Dey,Male,30,Kolkata,13-11-2025,Prepaid,420.89,14731.15,35,None,Monthly,Bank Transfer,7,Yes,,FALSE
C104157,Priya Singh,Female,60,Kolkata,24-05-2025,Postpaid,1835.14,71570.46,39,5G,2 Year,Card,8,No,,FALSE
C104158,Rahul Gupta,Male,72,Chennai,21-07-2025,Postpaid,951.22,26634.16,28,Fiber,2 Year,UPI,8,No,,FALSE
C104159,Priya Kapoor,Female,33,Chennai,13-03-2025,Postpaid,1180.59,79099.53,67,DSL,Monthly,UPI,9,Yes,,FALSE
C104160,Sourav Singh,Female,47,Delhi,02-01-2025,Prepaid,1637.99,4913.97,3,Fiber,2 Year,UPI,6,Yes,,FALSE
C104161,Priya Paul,Male,34,Chennai,12-02-2025,Postpaid,1511.45,69526.7,46,DSL,Monthly,UPI,0,Yes,,FALSE
C104162,Amit Gupta,Male,49,Mumbai,16-04-2025,Postpaid,705.57,34572.93,49,DSL,1 Year,Bank Transfer,0,No,,FALSE
C104163,Sourav Sharma,Female,71,Chennai,25-01-2025,Postpaid,547.44,14780.88,27,None,Monthly,Bank Transfer,3,No,,FALSE
C104164,Ananya Singh,Male,71,Kolkata,26-06-2025,Prepaid,578.32,10988.08,19,None,Monthly,Bank Transfer,5,Yes,,FALSE
C104165,Neha Kapoor,Female,30,Mumbai,04-08-2025,Prepaid,1674.9,75370.5,45,None,Monthly,UPI,9,No,,FALSE
C104166,Rahul Ghosh,Male,28,Delhi,02-12-2025,Prepaid,732.94,43976.4,60,Fiber,1 Year,Bank Transfer,1,Yes,,FALSE
C104167,Sourav Ghosh,Female,56,Delhi,26-01-2025,Prepaid,1491.05,17892.6,12,5G,1 Year,Card,6,Yes,,FALSE
C104168,Neha Roy,Male,20,Mumbai,24-09-2025,Postpaid,515.18,27304.54,53,DSL,1 Year,Cash,9,Yes,,FALSE
C104169,Rohit Ghosh,Male,52,Mumbai,16-06-2025,Prepaid,1869.45,76647.45,41,None,1 Year,Cash,5,Yes,,FALSE
C104170,Riya Ghosh,Female,56,Delhi,11-06-2025,Prepaid,,47513.9,35,DSL,2 Year,Bank Transfer,6,Yes,,FALSE
C104171,Sourav Kapoor,Female,52,Bangalore,30-01-2025,Prepaid,1026.87,25671.75,25,Fiber,2 Year,UPI,1,Yes,,FALSE
C104172,Vikram Gupta,Female,26,Mumbai,25-11-2025,Postpaid,716.16,7161.6,10,DSL,Monthly,Bank Transfer,4,Yes,,FALSE
C104173,Ananya Gupta,Female,70,Chennai,17-09-2025,Prepaid,789.49,33948.07,43,None,2 Year,Card,8,Yes,,FALSE
C104174,Rohit Sen,Male,41,Chennai,09-04-2025,Postpaid,930.8,18616,20,DSL,1 Year,Card,1,No,,FALSE
C104175,Rohit Kapoor,Female,22,Kolkata,10-08-2025,Prepaid,631.68,39795.84,63,5G,1 Year,UPI,5,No,,FALSE
C104176,Priya Sharma,Male,67,Hyderabad,09-02-2025,Prepaid,1004.87,42204.54,42,DSL,Monthly,Card,,Yes,,FALSE
C104177,Ananya Ghosh,Male,63,Mumbai,19-02-2025,Postpaid,655.4,11797.2,18,DSL,Monthly,Card,2,No,,FALSE
C104178,Amit Roy,Female,34,Mumbai,18-11-2025,Prepaid,743.99,9671.87,13,None,2 Year,Card,1,No,,FALSE
C104179,Riya Das,Female,34,Hyderabad,19-01-2025,Postpaid,643.95,26401.95,41,5G,Monthly,Cash,7,No,,FALSE
C104180,Rahul Das,Male,49,Hyderabad,30-06-2025,Prepaid,1149.07,81583.97,71,DSL,Monthly,Cash,8,No,,FALSE
C104181,Sourav Sen,Female,29,Delhi,18-05-2025,Postpaid,1839.83,47835.58,26,Fiber,Monthly,Card,11,No,,FALSE
C104182,Ananya Gupta,Male,70,Chennai,21-08-2025,Prepaid,446.14,11153.5,25,DSL,Monthly,UPI,5,No,,FALSE
C104183,Vikram Gupta,Female,39,Hyderabad,24-03-2025,Postpaid,533,23452,44,Fiber,Monthly,Card,5,No,,FALSE
C104184,Neha Sen,Male,36,,10-11-2025,Postpaid,1977.66,5932.98,3,Fiber,2 Year,Bank Transfer,0,No,,FALSE
C104185,Neha Kapoor,Male,62,Hyderabad,26-09-2025,Prepaid,1041.27,74971.44,72,Fiber,2 Year,Bank Transfer,8,No,,FALSE
C104186,Sneha Das,Male,35,Kolkata,14-03-2025,Postpaid,499.11,24955.5,50,Fiber,1 Year,Bank Transfer,1,No,,FALSE
C104187,Sourav Sen,Female,72,Mumbai,20-06-2025,Prepaid,1182.51,49665.42,42,DSL,Monthly,Cash,0,Yes,,FALSE
C104188,Sourav Dey,Female,50,Chennai,08-07-2025,Postpaid,993.28,51650.56,52,DSL,Monthly,UPI,6,Yes,,FALSE
C104189,Sourav Ghosh,Male,22,Delhi,25-12-2025,Postpaid,1510.06,12080.48,8,None,Monthly,Cash,11,No,,FALSE
C104190,Priya Sharma,Female,61,Delhi,13-08-2025,Postpaid,1572.39,59750.82,38,Fiber,2 Year,UPI,3,Yes,,FALSE
C104191,Neha Kapoor,Male,60,Chennai,19-11-2025,Postpaid,1082.61,20569.59,19,None,2 Year,Cash,9,Yes,,FALSE
C104192,Rohit Roy,Male,39,Kolkata,15-05-2025,Postpaid,807.97,54133.99,67,5G,Monthly,UPI,2,No,,FALSE
C104193,Sourav Roy,Male,63,Chennai,20-09-2025,Prepaid,1035.51,73521.21,71,Fiber,2 Year,Bank Transfer,0,Yes,,FALSE
C104194,Rohit Das,Female,38,Kolkata,03-07-2025,Prepaid,1655.9,26494.4,16,5G,Monthly,UPI,11,Yes,,FALSE
C104195,Rohit Roy,Female,61,Mumbai,01-08-2025,Postpaid,1113.64,38977.4,35,Fiber,Monthly,Card,12,No,,FALSE
C104196,Rohit Sen,Male,37,Delhi,24-06-2025,Prepaid,529.62,30717.96,58,None,Monthly,Bank Transfer,2,No,,FALSE
C104197,Riya Singh,Female,19,Mumbai,08-07-2025,Prepaid,1921.41,132577.29,69,None,2 Year,Bank Transfer,12,Yes,,FALSE
C104198,Amit Sharma,Male,46,Chennai,28-11-2025,Prepaid,1154.29,64640.24,56,DSL,Monthly,Bank Transfer,12,No,,FALSE
C104199,Amit Dey,Male,42,Chennai,07-09-2025,Prepaid,1889.77,30236.32,16,DSL,Monthly,Cash,9,Yes,,FALSE
C104200,Ananya Das,Female,56,Chennai,09-02-2025,Prepaid,1444.93,80916.08,56,None,1 Year,Card,3,Yes,,FALSE
C104201,Ananya Sen,Male,46,Bangalore,03-11-2025,Postpaid,528.97,4231.76,8,Fiber,2 Year,Cash,0,No,,FALSE
C104202,Riya Ghosh,Female,75,Mumbai,08-07-2025,Prepaid,1094.11,33917.41,31,None,Monthly,Cash,2,Yes,,FALSE
C104203,Sneha Sen,Male,61,Kolkata,13-04-2025,Prepaid,848.66,12729.9,15,5G,1 Year,Cash,4,No,,FALSE
C104204,Priya Sen,Male,66,Kolkata,21-02-2025,Postpaid,1856.54,61265.82,33,Fiber,2 Year,Cash,8,Yes,,FALSE
C104205,Rohit Roy,Male,57,Bangalore,02-12-2025,Postpaid,1976.77,75117.26,38,DSL,Monthly,Bank Transfer,4,Yes,,FALSE
C104206,Rohit Paul,Male,19,Mumbai,08-02-2025,Postpaid,1993.57,7974.28,4,None,2 Year,Bank Transfer,3,No,,FALSE
C104207,Sourav Singh,Female,45,Hyderabad,11-04-2025,Postpaid,448.53,28705.92,64,Fiber,2 Year,Bank Transfer,5,Yes,,FALSE
C104208,Amit Sen,Male,29,Delhi,18-12-2025,Prepaid,1582.27,104429.82,66,5G,2 Year,Bank Transfer,11,Yes,,FALSE
C104209,Neha Sen,Female,70,Chennai,28-07-2025,Postpaid,1594.82,92499.56,58,None,1 Year,Bank Transfer,8,Yes,,FALSE
C104210,Priya Paul,Female,59,,16-12-2025,Postpaid,888.09,25754.61,29,5G,Monthly,Cash,4,Yes,,FALSE
C104211,Priya Ghosh,Female,27,Kolkata,21-03-2025,Postpaid,1879.37,48863.62,26,5G,1 Year,Card,0,No,,FALSE
C104212,Sourav Sen,Male,74,Bangalore,21-11-2025,Prepaid,323.71,13919.53,43,DSL,2 Year,Bank Transfer,9,Yes,,FALSE
C104213,Ananya Roy,Female,34,Chennai,18-11-2025,Postpaid,1770.62,24788.68,14,DSL,1 Year,Bank Transfer,2,No,,FALSE
C104214,Sourav Singh,Female,27,Delhi,14-04-2025,Postpaid,617.75,6177.5,10,None,1 Year,Cash,9,No,,FALSE
C104215,Amit Kapoor,Female,48,Hyderabad,10-04-2025,Prepaid,961.78,38471.2,40,Fiber,2 Year,Card,3,Yes,,FALSE
C104216,Vikram Dey,Male,26,Kolkata,20-08-2025,Prepaid,1344.58,84708.54,63,DSL,2 Year,Cash,10,No,,FALSE
C104217,Neha Singh,Male,25,Chennai,30-06-2025,Prepaid,418.87,20943.5,50,5G,2 Year,Cash,5,No,,FALSE
C104218,Sneha Dey,Female,25,Chennai,17-06-2025,Prepaid,1555.33,83987.82,54,None,Monthly,Cash,8,Yes,,FALSE
C104219,Riya Paul,Female,71,Hyderabad,26-07-2025,Prepaid,1949.18,40932.78,21,5G,Monthly,UPI,9,No,,FALSE
C104220,Ananya Paul,Male,42,Chennai,08-04-2025,Prepaid,1442.1,12978.9,9,5G,1 Year,UPI,8,No,,FALSE
C104221,Rahul Sen,Male,68,Hyderabad,24-04-2025,Postpaid,1019.05,6114.3,6,None,2 Year,UPI,1,Yes,,FALSE
C104222,Rahul Roy,Male,21,Chennai,17-11-2025,Postpaid,1095.88,19725.84,18,5G,2 Year,UPI,11,Yes,,FALSE
C104223,Rahul Gupta,Male,55,Mumbai,11-04-2025,Prepaid,1967.64,39352.8,20,DSL,Monthly,Bank Transfer,11,Yes,,FALSE
C104224,Neha Ghosh,Male,32,Kolkata,24-12-2025,Prepaid,1278.79,37084.91,29,DSL,2 Year,Cash,12,No,,FALSE
C104225,Riya Paul,Male,68,Bangalore,10-10-2025,Postpaid,1218.83,39002.56,32,None,1 Year,Card,3,No,,FALSE
C104226,Amit Roy,Female,18,Bangalore,18-06-2025,Prepaid,1513.27,107442.17,71,5G,1 Year,Bank Transfer,12,No,,FALSE
C104227,Rahul Kapoor,Male,39,Kolkata,15-07-2025,Prepaid,759.28,44797.52,59,5G,2 Year,Bank Transfer,12,Yes,,FALSE
C104228,Amit Sharma,Male,55,Chennai,21-09-2025,Prepaid,1494.15,97119.75,65,Fiber,Monthly,UPI,12,Yes,,FALSE
C104229,Sneha Paul,Male,51,Delhi,13-02-2025,Prepaid,702.95,24603.25,35,Fiber,2 Year,Cash,9,No,,FALSE
C104230,Ananya Sharma,Female,33,Delhi,20-10-2025,Postpaid,334.95,8373.75,25,Fiber,1 Year,Bank Transfer,3,Yes,,FALSE
C104231,Neha Roy,Male,46,Mumbai,28-12-2025,Postpaid,1702.83,22136.79,13,5G,Monthly,Cash,1,No,,FALSE
C104232,Sourav Roy,Female,55,Kolkata,24-09-2025,Postpaid,1963.22,54970.16,28,Fiber,2 Year,,3,Yes,,FALSE
C104233,Riya Sharma,Female,33,Bangalore,31-12-2025,Postpaid,475.4,30901,65,Fiber,Monthly,Card,7,No,,FALSE
C104234,Ananya Paul,Female,28,Kolkata,17-06-2025,Prepaid,1003.47,23079.81,23,5G,2 Year,Card,8,No,,FALSE
C104235,Riya Dey,Male,23,Kolkata,30-07-2025,Postpaid,697.26,39046.56,56,5G,2 Year,Cash,6,No,,FALSE
C104236,Sneha Roy,Male,69,Kolkata,31-01-2025,Prepaid,479.86,29751.32,62,Fiber,1 Year,Bank Transfer,10,Yes,,FALSE
C104237,Vikram Das,Male,71,Kolkata,18-02-2025,Postpaid,1235.55,16062.15,13,None,Monthly,Card,3,No,,FALSE
C104238,Neha Kapoor,Male,33,Chennai,31-10-2025,Prepaid,1376.54,60567.76,44,Fiber,1 Year,UPI,8,Yes,,FALSE
C104239,Ananya Kapoor,Male,72,Kolkata,24-07-2025,Postpaid,1477.52,26595.36,18,None,1 Year,UPI,2,No,,FALSE
C104240,Amit Gupta,Female,24,Bangalore,20-09-2025,Postpaid,1252.67,63886.17,51,Fiber,2 Year,UPI,9,Yes,,FALSE
C104241,Riya Gupta,Male,72,Delhi,15-02-2025,Prepaid,689.23,47556.87,69,5G,1 Year,Card,0,Yes,,FALSE
C104242,Priya Sen,Male,29,Hyderabad,10-02-2025,Postpaid,578.84,38782.28,67,DSL,1 Year,UPI,11,No,,FALSE
C104243,Rohit Singh,Female,65,Chennai,26-08-2025,Postpaid,334.55,10036.5,30,DSL,1 Year,Cash,3,No,,FALSE
C104244,Priya Paul,Female,55,Bangalore,27-09-2025,Prepaid,1592.24,4776.72,3,DSL,1 Year,Bank Transfer,0,Yes,,FALSE
C104245,Priya Das,Male,34,Hyderabad,23-01-2025,Prepaid,1350.38,18905.32,14,Fiber,1 Year,Cash,6,Yes,,FALSE
C104246,Priya Kapoor,Female,48,Chennai,18-05-2025,Postpaid,957.06,957.06,1,5G,2 Year,Card,12,Yes,,FALSE
C104247,Vikram Singh,Male,56,Chennai,24-02-2025,Postpaid,1129.87,75701.29,67,None,2 Year,Card,3,No,,FALSE
C104248,Ananya Gupta,Male,34,Delhi,13-09-2025,Postpaid,393.78,12994.74,33,DSL,Monthly,Card,12,No,,FALSE
C104249,Sourav Roy,Male,72,Hyderabad,26-10-2025,Prepaid,1404.21,36509.46,26,None,Monthly,Bank Transfer,9,No,,FALSE
C104250,Amit Sen,Male,25,Chennai,15-01-2025,Prepaid,1549.53,96070.86,62,None,Monthly,Cash,6,No,,FALSE
C104251,Vikram Ghosh,Male,33,Delhi,20-09-2025,Postpaid,527.1,30044.7,57,Fiber,1 Year,Cash,0,No,,FALSE
C104252,Amit Kapoor,Female,62,Bangalore,27-06-2025,Postpaid,449.2,26502.8,59,5G,Monthly,Cash,5,No,,FALSE
C104253,Ananya Gupta,Male,42,Kolkata,02-03-2025,Prepaid,1076.84,58149.36,54,Fiber,1 Year,UPI,1,Yes,,FALSE
C104254,Neha Sen,Female,62,Chennai,05-08-2025,Postpaid,1363.21,59981.24,44,DSL,1 Year,Card,5,No,,FALSE
C104255,Priya Ghosh,Male,26,Hyderabad,31-12-2025,Prepaid,1081.73,48677.85,45,DSL,1 Year,Bank Transfer,8,Yes,,FALSE
C104256,Vikram Kapoor,Male,71,Kolkata,10-05-2025,Prepaid,1009.25,67619.75,67,5G,Monthly,Card,9,No,,FALSE
C104257,Priya Sharma,Male,52,,04-05-2025,Prepaid,667.72,32050.56,48,DSL,Monthly,UPI,4,Yes,,FALSE
C104258,Sourav Ghosh,Female,21,,03-12-2025,Prepaid,1131.98,36223.36,32,Fiber,1 Year,UPI,5,No,,FALSE
C104259,Ananya Gupta,Female,39,Kolkata,11-12-2025,Prepaid,550.69,550.69,1,5G,2 Year,UPI,2,No,,FALSE
C104260,Sneha Kapoor,Male,65,Chennai,22-10-2025,Prepaid,760.1,760.1,1,DSL,2 Year,Cash,4,Yes,,FALSE
C104261,Sourav Das,Female,42,Hyderabad,10-04-2025,Postpaid,993.57,17884.26,18,None,2 Year,Cash,1,No,,FALSE
C104262,Neha Kapoor,Female,63,Hyderabad,03-04-2025,Postpaid,840.08,49564.72,59,Fiber,1 Year,Bank Transfer,11,No,,FALSE
C104263,Rohit Das,Male,52,Delhi,17-06-2025,Prepaid,1538.12,107668.4,70,None,1 Year,UPI,5,Yes,,FALSE
C104264,Riya Ghosh,Female,68,Kolkata,14-06-2025,Postpaid,1666.89,115015.41,69,DSL,1 Year,Bank Transfer,8,Yes,,FALSE
C104265,Sourav Gupta,Female,52,Kolkata,21-02-2025,Prepaid,1204.86,83135.34,69,Fiber,2 Year,Card,8,No,,FALSE
C104266,Priya Singh,Male,21,Kolkata,21-02-2025,Prepaid,1864.63,106283.91,57,5G,2 Year,Bank Transfer,3,Yes,,FALSE
C104267,Rohit Sharma,Female,52,Bangalore,01-04-2025,Postpaid,1889.54,18895.4,10,None,2 Year,Cash,10,Yes,,FALSE
C104268,Amit Sen,Female,68,Hyderabad,25-03-2025,Postpaid,1728.16,79495.36,46,DSL,Monthly,UPI,8,Yes,,FALSE
C104269,Rohit Singh,Female,33,Hyderabad,14-09-2025,Postpaid,,33618.4,40,DSL,Monthly,UPI,11,Yes,,FALSE
C104270,Neha Kapoor,Female,73,Kolkata,07-09-2025,Postpaid,,33686.52,42,DSL,Monthly,Cash,9,Yes,,FALSE
C104271,Neha Paul,Female,54,Bangalore,17-08-2025,Postpaid,1480.64,14806.4,10,Fiber,1 Year,UPI,9,No,,FALSE
C104272,Sneha Ghosh,Female,25,Hyderabad,25-03-2025,Postpaid,1578,18936,12,None,2 Year,Cash,2,Yes,,FALSE
C104273,Rahul Ghosh,Female,21,Chennai,26-12-2025,Postpaid,541.23,2706.15,5,5G,Monthly,UPI,12,Yes,,FALSE
C104274,Priya Ghosh,Female,66,Bangalore,15-12-2025,Prepaid,805.29,26574.57,33,Fiber,1 Year,Cash,2,No,,FALSE
C104275,Amit Sharma,Male,41,Kolkata,19-08-2025,Postpaid,562.09,31477.04,56,DSL,2 Year,Card,9,Yes,,FALSE
C104276,Priya Sen,Female,38,Hyderabad,20-07-2025,Prepaid,1080.12,27003,25,None,Monthly,UPI,10,Yes,,FALSE
C104277,Neha Sen,Male,27,Mumbai,28-11-2025,Postpaid,1182,42552,36,None,1 Year,Cash,7,No,,FALSE
C104278,Sourav Dey,Female,57,Mumbai,06-04-2025,Postpaid,1889.38,66128.3,35,Fiber,1 Year,Bank Transfer,2,No,,FALSE
C104279,Vikram Sharma,Female,59,Bangalore,03-07-2025,Postpaid,1326.35,95497.2,72,5G,1 Year,Bank Transfer,8,No,,FALSE
C104280,Sourav Singh,Female,61,Kolkata,23-12-2025,Prepaid,1232.55,70255.35,57,5G,Monthly,Cash,9,Yes,,FALSE
C104281,Amit Paul,Female,34,Kolkata,24-07-2025,Postpaid,1213.87,60693.5,50,DSL,Monthly,Cash,3,No,,FALSE
C104282,Riya Dey,Female,24,Mumbai,13-05-2025,Prepaid,1235.31,14823.72,12,5G,1 Year,Cash,10,No,,FALSE
C104283,Sourav Sen,Female,46,Hyderabad,09-02-2025,Prepaid,1055.41,41160.99,39,DSL,Monthly,Cash,12,Yes,,FALSE
C104284,Sourav Sharma,Female,49,Hyderabad,04-10-2025,Postpaid,1784.24,112407.12,63,None,2 Year,Bank Transfer,11,Yes,,FALSE
C104285,Rahul Ghosh,Female,18,Chennai,01-06-2025,Postpaid,1465.28,63007.04,43,DSL,Monthly,UPI,6,Yes,,FALSE
C104286,Vikram Kapoor,Female,34,Kolkata,27-06-2025,Prepaid,860.78,45621.34,53,Fiber,Monthly,UPI,4,Yes,,FALSE
C104287,Amit Paul,Female,61,Chennai,25-01-2025,Postpaid,1509.9,45297,30,None,1 Year,UPI,10,No,,FALSE
C104288,Priya Gupta,Male,45,Hyderabad,29-06-2025,Prepaid,1672.21,88627.13,53,None,1 Year,UPI,1,No,,FALSE
C104289,Rohit Das,Male,41,Delhi,17-07-2025,Postpaid,611.76,13458.72,22,5G,Monthly,Bank Transfer,11,No,,FALSE
C104290,Sneha Ghosh,Male,53,Bangalore,06-10-2025,Prepaid,1941.2,112589.6,58,DSL,Monthly,Card,2,No,,FALSE
C104291,Priya Dey,Male,63,Kolkata,15-03-2025,Prepaid,439.32,7029.12,16,5G,2 Year,UPI,0,No,,FALSE
C104292,Ananya Ghosh,Female,46,Hyderabad,06-09-2025,Prepaid,1685.42,69102.22,41,5G,2 Year,Card,2,Yes,,FALSE
C104293,Priya Dey,Male,32,Bangalore,19-07-2025,Postpaid,619,5571,9,DSL,1 Year,UPI,8,No,,FALSE
C104294,Riya Sen,Male,42,Chennai,21-08-2025,Postpaid,1681.07,112631.69,67,5G,1 Year,Cash,2,No,,FALSE
C104295,Amit Singh,Female,24,Bangalore,09-11-2025,Postpaid,1091.61,27290.25,25,5G,2 Year,UPI,9,Yes,,FALSE
C104296,Rahul Paul,Female,42,Bangalore,26-09-2025,Prepaid,1879.99,97759.48,52,Fiber,1 Year,Card,6,No,,FALSE
C104297,Vikram Paul,Female,43,Mumbai,18-05-2025,Postpaid,1152.46,49555.78,43,5G,1 Year,Card,1,Yes,,FALSE
C104298,Amit Sharma,Male,64,Bangalore,06-06-2025,Prepaid,1462.34,99439.12,68,Fiber,2 Year,UPI,10,Yes,,FALSE
C104299,Priya Ghosh,Male,27,Mumbai,27-11-2025,Postpaid,363.7,6546.6,18,Fiber,Monthly,Cash,8,No,,FALSE
C104300,Priya Kapoor,Female,20,Mumbai,28-04-2025,Postpaid,793.11,33310.62,42,Fiber,Monthly,Cash,7,No,,FALSE
C104301,Rahul Sen,Male,41,Mumbai,09-08-2025,Prepaid,1343.63,13436.3,10,None,Monthly,Bank Transfer,12,No,,FALSE
C104302,Sourav Gupta,Female,50,Chennai,08-06-2025,Postpaid,706.72,26148.64,37,5G,2 Year,Card,,Yes,,FALSE
C104303,Sneha Dey,Female,70,Delhi,05-05-2025,Postpaid,537.56,14514.12,27,None,1 Year,Card,0,No,,FALSE
C104304,Priya Paul,Female,53,Hyderabad,23-05-2025,Postpaid,1213.71,53403.24,44,None,2 Year,Card,2,No,,FALSE
C104305,Priya Roy,Female,31,Delhi,14-09-2025,Prepaid,1848.6,22183.2,12,DSL,2 Year,Card,0,No,,FALSE
C104306,Amit Ghosh,Female,52,Kolkata,06-12-2025,Postpaid,753.3,12052.8,16,None,Monthly,Cash,7,Yes,,FALSE
C104307,Ananya Singh,Female,71,Delhi,01-12-2025,Postpaid,730.22,28478.58,39,Fiber,Monthly,Card,1,No,,FALSE
C104308,Riya Sen,Male,69,Hyderabad,22-01-2025,Prepaid,1659.7,89623.8,54,5G,Monthly,Cash,12,No,,FALSE
C104309,Neha Singh,Female,38,Chennai,27-05-2025,Postpaid,1805.26,99289.3,55,DSL,2 Year,UPI,12,Yes,,FALSE
C104310,Ananya Dey,Female,69,Chennai,31-12-2025,Postpaid,626.04,1252.08,2,DSL,1 Year,Card,10,Yes,,FALSE
C104311,Amit Gupta,Male,62,Chennai,21-03-2025,Postpaid,893.95,54530.95,61,5G,Monthly,UPI,11,Yes,,FALSE
C104312,Riya Roy,Male,29,Bangalore,08-05-2025,Postpaid,1233.65,38243.15,31,None,2 Year,Bank Transfer,9,No,,FALSE
C104313,Ananya Paul,Male,20,Hyderabad,16-12-2025,Prepaid,1401.72,68684.28,49,None,2 Year,Bank Transfer,3,Yes,,FALSE
C104314,Neha Ghosh,Male,40,Mumbai,07-02-2025,Prepaid,543.03,28780.59,53,Fiber,2 Year,Cash,0,Yes,,FALSE
C104315,Amit Roy,Male,18,Kolkata,03-07-2025,Prepaid,1212.89,7277.34,6,DSL,2 Year,Card,0,Yes,,FALSE
C104316,Rahul Dey,Male,54,,06-08-2025,Postpaid,950.92,43742.32,46,Fiber,1 Year,UPI,0,Yes,,FALSE
C104317,Amit Singh,Female,36,Delhi,17-10-2025,Prepaid,1766.66,107766.26,61,Fiber,1 Year,Card,9,Yes,,FALSE
C104318,Rahul Kapoor,Female,68,Bangalore,08-08-2025,Prepaid,1010.81,51551.31,51,DSL,1 Year,Card,1,No,,FALSE
C104319,Ananya Sharma,Male,19,Hyderabad,06-06-2025,Postpaid,1708.56,52965.36,31,Fiber,1 Year,Card,2,No,,FALSE
C104320,Ananya Roy,Female,68,Kolkata,05-12-2025,Postpaid,1885.4,15083.2,8,5G,2 Year,Bank Transfer,6,No,,FALSE
C104321,Riya Kapoor,Female,42,Bangalore,11-11-2025,Prepaid,1005.66,69390.54,69,5G,Monthly,Bank Transfer,0,Yes,,FALSE
C104322,Priya Sen,Female,18,Delhi,08-04-2025,Postpaid,1721.71,3443.42,2,5G,1 Year,,0,No,,FALSE
C104323,Sneha Roy,Male,33,Delhi,06-12-2025,Prepaid,1678.94,109131.1,65,DSL,1 Year,,12,Yes,,FALSE
C104324,Sneha Sen,Female,59,Delhi,23-01-2025,Prepaid,1779.57,33811.83,19,5G,1 Year,UPI,7,No,,FALSE
C104325,Sourav Kapoor,Male,43,Kolkata,24-12-2025,Prepaid,1084.09,52036.32,48,Fiber,Monthly,Bank Transfer,9,Yes,,FALSE
C104326,Sourav Roy,Female,72,Bangalore,08-11-2025,Prepaid,,19191.04,16,DSL,2 Year,Card,4,Yes,,FALSE
C104327,Neha Kapoor,Male,36,Kolkata,13-06-2025,Postpaid,517.27,4138.16,8,5G,2 Year,UPI,10,Yes,,FALSE
C104328,Ananya Gupta,Female,50,Kolkata,20-12-2025,Prepaid,928.91,57592.42,62,Fiber,2 Year,Card,11,Yes,,FALSE
C104329,Vikram Singh,Female,30,Delhi,18-07-2025,Postpaid,391.17,24643.71,63,Fiber,Monthly,Card,10,Yes,,FALSE
C104330,Rohit Das,Female,33,Mumbai,12-11-2025,Prepaid,922.68,59974.2,65,DSL,1 Year,Bank Transfer,5,No,,FALSE
C104331,Riya Sen,Male,20,Bangalore,05-12-2025,Prepaid,1097.89,9881.01,9,Fiber,Monthly,Cash,5,Yes,,FALSE
C104332,Neha Gupta,Male,43,Mumbai,31-08-2025,Prepaid,887.2,5323.2,6,Fiber,2 Year,UPI,8,Yes,,FALSE
C104333,Riya Gupta,Female,74,Bangalore,03-11-2025,Prepaid,579.55,28977.5,50,None,2 Year,UPI,4,Yes,,FALSE
C104334,Sourav Sharma,Female,50,Bangalore,26-07-2025,Prepaid,1346.61,75410.16,56,Fiber,2 Year,Card,8,Yes,,FALSE
C104335,Riya Ghosh,Female,73,Delhi,23-04-2025,Postpaid,1499.44,17993.28,12,DSL,Monthly,Cash,5,Yes,,FALSE
C104336,Rohit Paul,Male,30,Chennai,19-11-2025,Postpaid,635.99,31163.51,49,Fiber,2 Year,Cash,1,No,,FALSE
C104337,Sneha Singh,Female,38,Hyderabad,21-05-2025,Postpaid,1226.3,62541.3,51,5G,2 Year,Card,2,Yes,,FALSE
C104338,Ananya Dey,Male,44,Kolkata,06-01-2025,Prepaid,874.16,17483.2,20,5G,2 Year,UPI,10,No,,FALSE
C104339,Sneha Singh,Female,41,Chennai,19-02-2025,Prepaid,1363.87,70921.24,52,5G,Monthly,Bank Transfer,8,Yes,,FALSE
C104340,Amit Gupta,Female,23,Chennai,18-04-2025,Postpaid,1048.11,25154.64,24,Fiber,1 Year,Card,2,Yes,,FALSE
C104341,Riya Das,Female,53,Bangalore,07-12-2025,Prepaid,955.39,11464.68,12,Fiber,Monthly,Card,4,Yes,,FALSE
C104342,Riya Sen,Female,29,Kolkata,13-09-2025,Postpaid,1938.26,13567.82,7,5G,1 Year,Bank Transfer,1,No,,FALSE
C104343,Vikram Sharma,Male,58,Kolkata,15-01-2025,Prepaid,1152.35,10371.15,9,Fiber,Monthly,Card,0,Yes,,FALSE
C104344,Vikram Paul,Male,64,Delhi,05-01-2025,Prepaid,768.69,12299.04,16,Fiber,2 Year,Card,12,Yes,,FALSE
C104345,Vikram Das,Male,24,Bangalore,09-09-2025,Prepaid,1421.85,65405.1,46,5G,1 Year,Card,10,No,,FALSE
C104346,Ananya Kapoor,Male,63,Chennai,08-06-2025,Postpaid,1914.97,103408.38,54,Fiber,1 Year,Card,3,No,,FALSE
C104347,Rahul Paul,Male,39,Delhi,21-09-2025,Postpaid,,47040.39,57,Fiber,2 Year,Card,11,Yes,,FALSE
C104348,Sneha Dey,Male,73,Hyderabad,12-07-2025,Postpaid,1639.2,108187.2,66,None,Monthly,Cash,8,No,,FALSE
C104349,Sourav Kapoor,Male,52,Bangalore,21-10-2025,Prepaid,529.55,5295.5,10,None,1 Year,UPI,10,No,,FALSE
C104350,Rohit Dey,Female,62,Delhi,02-11-2025,Postpaid,902.65,44229.85,49,None,2 Year,Bank Transfer,9,No,,FALSE
C104351,Vikram Sharma,Male,49,Bangalore,12-06-2025,Prepaid,1119.08,62668.48,56,None,2 Year,Card,3,Yes,,FALSE
C104352,Sneha Paul,Male,67,Delhi,28-08-2025,Postpaid,698.5,42608.5,61,Fiber,2 Year,Card,6,No,,FALSE
C104353,Ananya Gupta,Male,53,Bangalore,06-05-2025,Postpaid,986.38,64114.7,65,5G,1 Year,UPI,11,No,,FALSE
C104354,Sneha Roy,Male,27,Mumbai,22-04-2025,Prepaid,1953.19,21485.09,11,5G,2 Year,,10,Yes,,FALSE
C104355,Rahul Roy,Male,69,Chennai,03-12-2025,Postpaid,1191.99,78671.34,66,5G,1 Year,Cash,9,Yes,,FALSE
C104356,Sneha Gupta,Male,21,Bangalore,03-11-2025,Prepaid,1187.46,78372.36,66,Fiber,1 Year,Card,3,Yes,,FALSE
C104357,Rohit Singh,Male,40,Chennai,09-09-2025,Postpaid,681.24,25205.88,37,None,Monthly,Bank Transfer,8,No,,FALSE
C104358,Riya Roy,Female,49,Chennai,28-09-2025,Postpaid,489.06,7824.96,16,None,Monthly,Bank Transfer,3,No,,FALSE
C104359,Rohit Das,Female,41,Mumbai,20-11-2025,Postpaid,1947.87,13635.09,7,None,Monthly,Bank Transfer,0,No,,FALSE
C104360,Rahul Das,Male,28,Mumbai,21-02-2025,Postpaid,1429.04,102890.88,72,None,1 Year,Cash,0,Yes,,FALSE
C104361,Priya Gupta,Male,61,Kolkata,18-05-2025,Postpaid,1167.38,11673.8,10,DSL,2 Year,UPI,7,Yes,,FALSE
C104362,Rahul Roy,Male,51,Kolkata,05-05-2025,Prepaid,1886.35,133930.85,71,None,Monthly,Bank Transfer,0,Yes,,FALSE
C104363,Priya Gupta,Male,37,Delhi,16-02-2025,Postpaid,484.28,24214,50,5G,Monthly,Bank Transfer,6,No,,FALSE
C104364,Amit Sen,Male,41,Delhi,06-07-2025,Prepaid,856.03,33385.17,39,None,1 Year,UPI,5,No,,FALSE
C104365,Sneha Kapoor,Male,43,Mumbai,20-09-2025,Postpaid,338.96,8474,25,5G,2 Year,Cash,5,Yes,,FALSE
C104366,Rohit Sen,Female,21,Mumbai,12-06-2025,Prepaid,1892.31,109753.98,58,Fiber,2 Year,UPI,6,No,,FALSE
C104367,Rahul Kapoor,Female,32,Chennai,07-08-2025,Postpaid,740.4,37760.4,51,None,2 Year,UPI,3,No,,FALSE
C104368,Amit Singh,Female,22,Chennai,10-08-2025,Postpaid,1653.48,66139.2,40,Fiber,2 Year,,3,No,,FALSE
C104369,Sneha Ghosh,Male,19,Chennai,22-05-2025,Prepaid,1435.71,4307.13,3,None,Monthly,Card,9,No,,FALSE
C104370,Sneha Roy,Female,58,Kolkata,26-01-2025,Prepaid,917.78,47724.56,52,5G,2 Year,UPI,2,No,,FALSE
C104371,Sneha Dey,Female,67,Bangalore,31-12-2025,Prepaid,1963.72,70693.92,36,Fiber,2 Year,Card,10,Yes,,FALSE
C104372,Priya Kapoor,Male,41,Mumbai,18-10-2025,Prepaid,1879.69,13157.83,7,DSL,1 Year,Card,5,Yes,,FALSE
C104373,Riya Das,Male,26,Hyderabad,08-11-2025,Prepaid,1027.44,72948.24,71,5G,2 Year,UPI,2,Yes,,FALSE
C104374,Sneha Dey,Male,18,Chennai,19-04-2025,Prepaid,1025.93,4103.72,4,5G,1 Year,UPI,6,No,,FALSE
C104375,Sourav Das,Female,54,Kolkata,09-09-2025,Prepaid,1138.05,13656.6,12,Fiber,1 Year,Card,9,Yes,,FALSE
C104376,Ananya Paul,Male,33,Mumbai,18-04-2025,Postpaid,1907.08,57212.4,30,DSL,Monthly,,3,No,,FALSE
C104377,Vikram Gupta,Male,45,Hyderabad,09-06-2025,Postpaid,,33201.08,22,Fiber,1 Year,UPI,9,No,,FALSE
C104378,Riya Das,Female,24,Chennai,26-03-2025,Prepaid,1647.74,57670.9,35,Fiber,2 Year,Card,4,No,,FALSE
C104379,Priya Kapoor,Male,42,Bangalore,08-03-2025,Postpaid,572.78,40667.38,71,Fiber,Monthly,Cash,10,No,,FALSE
C104380,Amit Roy,Male,59,Mumbai,12-03-2025,Postpaid,1791.85,102135.45,57,DSL,1 Year,Card,,Yes,,FALSE
C104381,Amit Ghosh,Female,43,Kolkata,31-05-2025,Postpaid,1567.4,103448.4,66,DSL,2 Year,Cash,8,No,,FALSE
C104382,Rohit Singh,Female,48,Delhi,23-12-2025,Prepaid,1337.74,60198.3,45,None,1 Year,Bank Transfer,3,No,,FALSE
C104383,Riya Paul,Female,35,Hyderabad,18-01-2025,Postpaid,304.94,3049.4,10,5G,Monthly,Bank Transfer,3,Yes,,FALSE
C104384,Rohit Singh,Female,55,Hyderabad,03-10-2025,Prepaid,1373.5,43952,32,5G,2 Year,Bank Transfer,1,No,,FALSE
C104385,Neha Gupta,Female,38,Delhi,16-05-2025,Postpaid,1579.94,1579.94,1,DSL,2 Year,UPI,11,No,,FALSE
C104386,Sourav Kapoor,Male,60,Delhi,01-01-2025,Prepaid,345.9,20062.2,58,None,Monthly,Card,0,No,,FALSE
C104387,Priya Singh,Female,30,Chennai,01-09-2025,Prepaid,1053.02,61075.16,58,5G,2 Year,Bank Transfer,9,Yes,,FALSE
C104388,Vikram Sen,Male,45,Delhi,06-08-2025,Prepaid,891.44,13371.6,15,Fiber,2 Year,UPI,8,Yes,,FALSE
C104389,Rahul Paul,Male,19,Mumbai,19-01-2025,Prepaid,1389.33,84749.13,61,5G,Monthly,UPI,0,No,,FALSE
C104390,Ananya Singh,Female,67,Chennai,11-02-2025,Prepaid,631.4,11996.6,19,Fiber,2 Year,Card,7,Yes,,FALSE
C104391,Priya Sharma,Male,55,Hyderabad,27-03-2025,Prepaid,583.79,1167.58,2,None,2 Year,Card,5,No,,FALSE
C104392,Sneha Ghosh,Female,54,Mumbai,28-03-2025,Postpaid,1829.43,120742.38,66,Fiber,Monthly,Card,2,No,,FALSE
C104393,Riya Gupta,Male,21,Kolkata,30-04-2025,Postpaid,306.55,21765.05,71,Fiber,1 Year,UPI,12,No,,FALSE
C104394,Amit Singh,Female,21,Kolkata,17-09-2025,Postpaid,1220.56,59807.44,49,DSL,2 Year,UPI,8,No,,FALSE
C104395,Amit Roy,Female,25,Bangalore,24-01-2025,Prepaid,442.25,20343.5,46,None,2 Year,Bank Transfer,9,No,,FALSE
C104396,Priya Ghosh,Male,25,,27-07-2025,Postpaid,1623.73,22732.22,14,None,Monthly,Cash,2,No,,FALSE
C104397,Amit Ghosh,Female,57,Chennai,23-05-2025,Prepaid,1582.23,4746.69,3,5G,Monthly,Card,9,No,,FALSE
C104398,Priya Ghosh,Female,52,Hyderabad,05-04-2025,Postpaid,1367.8,75229,55,5G,1 Year,UPI,12,No,,FALSE
C104399,Riya Das,Male,46,Hyderabad,26-11-2025,Prepaid,386.74,24751.36,64,DSL,1 Year,Card,3,No,,FALSE
C104400,Neha Roy,Male,70,Hyderabad,29-08-2025,Prepaid,1833.65,53175.85,29,DSL,1 Year,UPI,5,Yes,,FALSE
C104401,Vikram Kapoor,Female,41,Mumbai,26-02-2025,Postpaid,1205.24,50620.08,42,DSL,2 Year,Cash,0,No,,FALSE
C104402,Amit Das,Male,25,Hyderabad,25-09-2025,Postpaid,881.84,7936.56,9,5G,2 Year,UPI,9,Yes,,FALSE
C104403,Neha Ghosh,Male,64,Bangalore,16-04-2025,Prepaid,851.91,42595.5,50,None,2 Year,Cash,6,No,,FALSE
C104404,Priya Sen,Female,53,Delhi,12-01-2025,Prepaid,772.61,12361.76,16,Fiber,2 Year,UPI,1,Yes,,FALSE
C104405,Amit Roy,Female,18,Delhi,01-05-2025,Prepaid,720.63,38193.39,53,None,1 Year,Bank Transfer,9,No,,FALSE
C104406,Vikram Das,Female,23,Chennai,01-12-2025,Postpaid,1332.35,87935.1,66,5G,Monthly,Cash,9,Yes,,FALSE
C104407,Sourav Paul,Male,40,Hyderabad,20-04-2025,Postpaid,1782.27,65943.99,37,5G,2 Year,Bank Transfer,8,Yes,,FALSE
C104408,Rahul Dey,Male,19,Chennai,05-02-2025,Prepaid,1347.93,49873.41,37,Fiber,1 Year,Bank Transfer,6,Yes,,FALSE
C104409,Sneha Sen,Male,56,Bangalore,29-08-2025,Prepaid,1491.58,102919.02,69,None,1 Year,Bank Transfer,0,Yes,,FALSE
C104410,Rahul Ghosh,Male,63,Hyderabad,09-08-2025,Postpaid,1058.82,7411.74,7,Fiber,2 Year,UPI,0,No,,FALSE
C104411,Priya Gupta,Female,46,Delhi,20-02-2025,Prepaid,396.56,5948.4,15,5G,2 Year,Card,0,No,,FALSE
C104412,Rohit Paul,Female,39,Delhi,20-12-2025,Postpaid,1530.35,42849.8,28,DSL,2 Year,Card,1,No,,FALSE
C104413,Ananya Singh,Male,73,Delhi,25-08-2025,Prepaid,953.87,53416.72,56,DSL,1 Year,UPI,0,No,,FALSE
C104414,Sneha Roy,Male,58,Kolkata,03-11-2025,Postpaid,1783.41,128405.52,72,Fiber,2 Year,Card,0,No,,FALSE
C104415,Sourav Roy,Male,58,Hyderabad,30-03-2025,Postpaid,504.14,34281.52,68,5G,2 Year,UPI,1,Yes,,FALSE
C104416,Priya Ghosh,Male,28,Chennai,16-01-2025,Postpaid,1086.72,61943.04,57,5G,1 Year,Card,4,No,,FALSE
C104417,Rahul Sharma,Female,47,Hyderabad,13-03-2025,Postpaid,1630.42,91303.52,56,None,1 Year,Bank Transfer,7,Yes,,FALSE
C104418,Ananya Dey,Female,29,Bangalore,18-10-2025,Postpaid,735.26,32351.44,44,Fiber,2 Year,Cash,1,No,,FALSE
C104419,Priya Singh,Male,54,Hyderabad,28-10-2025,Prepaid,1948.52,5845.56,3,5G,1 Year,Bank Transfer,4,No,,FALSE
C104420,Priya Kapoor,Female,28,Mumbai,10-10-2025,Postpaid,544.95,26157.6,48,DSL,2 Year,UPI,7,No,,FALSE
C104421,Amit Singh,Female,42,Mumbai,08-01-2025,Prepaid,1125.31,58516.12,52,Fiber,1 Year,Cash,9,No,,FALSE
C104422,Ananya Dey,Male,18,Kolkata,09-03-2025,Postpaid,1864.81,96970.12,52,5G,Monthly,Cash,7,Yes,,FALSE
C104423,Neha Kapoor,Male,45,Kolkata,19-10-2025,Prepaid,855.4,24806.6,29,DSL,1 Year,UPI,12,No,,FALSE
C104424,Neha Sen,Female,44,Mumbai,03-08-2025,Prepaid,649.74,14294.28,22,Fiber,1 Year,Cash,2,No,,FALSE
C104425,Sneha Roy,Female,39,Kolkata,08-04-2025,Postpaid,1157.39,49767.77,43,5G,Monthly,Cash,0,Yes,,FALSE
C104426,Sneha Roy,Male,60,Kolkata,27-03-2025,Postpaid,516.62,36680.02,71,DSL,Monthly,Bank Transfer,11,No,,FALSE
C104427,Riya Das,Female,48,Mumbai,30-04-2025,Prepaid,328.02,13120.8,40,Fiber,1 Year,Cash,4,Yes,,FALSE
C104428,Vikram Gupta,Female,38,Mumbai,18-12-2025,Prepaid,601.1,32459.4,54,5G,2 Year,Card,3,No,,FALSE
C104429,Amit Paul,Female,36,Delhi,06-07-2025,Postpaid,487.29,9745.8,20,Fiber,1 Year,Cash,3,Yes,,FALSE
C104430,Amit Roy,Male,63,Bangalore,10-10-2025,Prepaid,651.74,4562.18,7,None,Monthly,UPI,8,Yes,,FALSE
C104431,Ananya Ghosh,Female,73,Delhi,11-12-2025,Prepaid,1713.09,18843.99,11,DSL,1 Year,UPI,2,Yes,,FALSE
C104432,Sneha Singh,Male,52,Hyderabad,09-02-2025,Postpaid,622.74,43591.8,70,Fiber,2 Year,Bank Transfer,4,No,,FALSE
C104433,Sourav Kapoor,Female,58,Mumbai,26-06-2025,Prepaid,1799.72,84586.84,47,None,1 Year,UPI,1,No,,FALSE
C104434,Rohit Ghosh,Female,25,Hyderabad,18-05-2025,Prepaid,372.45,6704.1,18,None,1 Year,Cash,5,Yes,,FALSE
C104435,Amit Roy,Female,31,Mumbai,08-03-2025,Prepaid,379.42,379.42,1,None,Monthly,Cash,6,No,,FALSE
C104436,Sneha Ghosh,Male,32,Chennai,15-11-2025,Postpaid,1424.52,39886.56,28,DSL,Monthly,UPI,1,No,,FALSE
C104437,Rahul Paul,Male,26,Hyderabad,29-01-2025,Postpaid,1050.28,22055.88,21,None,1 Year,Bank Transfer,2,Yes,,FALSE
C104438,Priya Gupta,Male,58,Kolkata,21-01-2025,Prepaid,1536.08,23041.2,15,Fiber,2 Year,UPI,0,No,,FALSE
C104439,Ananya Roy,Male,43,Delhi,27-10-2025,Postpaid,380.69,1903.45,5,None,1 Year,Cash,11,No,,FALSE
C104440,Neha Ghosh,Male,23,,18-12-2025,Prepaid,639.4,1918.2,3,DSL,1 Year,Card,9,Yes,,FALSE
C104441,Sneha Roy,Female,65,Delhi,28-09-2025,Prepaid,582.09,1164.18,2,None,1 Year,Cash,5,No,,FALSE
C104442,Sneha Paul,Female,48,Chennai,26-03-2025,Prepaid,,43346.16,52,5G,1 Year,Card,12,Yes,,FALSE
C104443,Sneha Singh,Female,28,Delhi,25-10-2025,Prepaid,881.25,33487.5,38,Fiber,1 Year,UPI,11,No,,FALSE
C104444,Priya Dey,Male,61,Mumbai,25-03-2025,Prepaid,1224.02,73441.2,60,5G,2 Year,Bank Transfer,10,No,,FALSE
C104445,Rohit Dey,Female,35,Chennai,01-07-2025,Postpaid,1640.35,96780.65,59,5G,1 Year,Bank Transfer,1,No,,FALSE
C104446,Riya Roy,Male,29,,09-03-2025,Postpaid,1368.85,21901.6,16,Fiber,1 Year,UPI,3,Yes,,FALSE
C104447,Vikram Roy,Female,68,Bangalore,25-05-2025,Postpaid,757.69,8334.59,11,Fiber,Monthly,Card,,No,,FALSE
C104448,Amit Ghosh,Male,38,Mumbai,15-08-2025,Prepaid,922.76,31373.84,34,Fiber,1 Year,Cash,7,Yes,,FALSE
C104449,Sneha Paul,Male,21,Delhi,24-07-2025,Postpaid,1253.78,73973.02,59,DSL,Monthly,Cash,5,Yes,,FALSE
C104450,Priya Paul,Male,54,Chennai,22-03-2025,Prepaid,1687.45,25311.75,15,DSL,2 Year,Bank Transfer,0,No,,FALSE
C104451,Ananya Ghosh,Male,33,Delhi,19-01-2025,Postpaid,814.76,52959.4,65,Fiber,1 Year,UPI,10,Yes,,FALSE
C104452,Vikram Ghosh,Female,34,Hyderabad,28-07-2025,Prepaid,525.29,28365.66,54,Fiber,1 Year,Cash,2,No,,FALSE
C104453,Vikram Das,Female,74,Delhi,05-07-2025,Postpaid,825.59,18988.57,23,5G,Monthly,Bank Transfer,9,No,,FALSE
C104454,Priya Singh,Female,39,Bangalore,19-04-2025,Prepaid,1404.33,37916.91,27,5G,1 Year,Bank Transfer,4,No,,FALSE
C104455,Amit Roy,Male,69,Chennai,18-12-2025,Postpaid,450.74,450.74,1,Fiber,Monthly,UPI,2,Yes,,FALSE
C104456,Neha Dey,Male,40,Kolkata,17-10-2025,Prepaid,394.05,12609.6,32,DSL,Monthly,UPI,2,No,,FALSE
C104457,Sourav Kapoor,Female,74,Kolkata,15-12-2025,Postpaid,1675,15075,9,DSL,2 Year,Card,8,Yes,,FALSE
C104458,Rahul Sharma,Male,42,Chennai,06-12-2025,Postpaid,1061.22,56244.66,53,None,Monthly,Bank Transfer,11,No,,FALSE
C104459,Neha Ghosh,Male,55,Hyderabad,01-03-2025,Prepaid,613.99,32541.47,53,Fiber,Monthly,Bank Transfer,5,Yes,,FALSE
C104460,Sneha Singh,Male,21,Bangalore,13-05-2025,Postpaid,574.05,9184.8,16,None,2 Year,Card,7,Yes,,FALSE
C104461,Sourav Singh,Female,45,Kolkata,18-04-2025,Prepaid,1377.96,84055.56,61,5G,2 Year,Card,2,Yes,,FALSE
C104462,Ananya Gupta,Male,22,Kolkata,27-06-2025,Postpaid,,62748.36,34,5G,Monthly,Card,1,No,,FALSE
C104463,Ananya Ghosh,Male,69,Mumbai,18-07-2025,Postpaid,1726.7,122595.7,71,5G,Monthly,Bank Transfer,8,Yes,,FALSE
C104464,Amit Roy,Female,64,Chennai,23-10-2025,Prepaid,390.43,19911.93,51,DSL,2 Year,Cash,6,Yes,,FALSE
C104465,Ananya Roy,Female,24,Delhi,09-06-2025,Prepaid,978.86,3915.44,4,Fiber,1 Year,,10,Yes,,FALSE
C104466,Rohit Das,Female,65,Mumbai,01-12-2025,Postpaid,474.47,26095.85,55,Fiber,1 Year,Card,7,No,,FALSE
C104467,Rahul Ghosh,Male,63,Mumbai,29-11-2025,Postpaid,1822.36,32802.48,18,Fiber,1 Year,Card,9,No,,FALSE
C104468,Priya Sharma,Female,48,Chennai,09-07-2025,Prepaid,1170.42,84270.24,72,5G,2 Year,UPI,11,No,,FALSE
C104469,Rohit Dey,Female,73,Chennai,25-05-2025,Prepaid,589.12,20030.08,34,5G,Monthly,Bank Transfer,7,Yes,,FALSE
C104470,Vikram Gupta,Female,34,Chennai,28-06-2025,Prepaid,1454.8,1454.8,1,5G,2 Year,Cash,9,Yes,,FALSE
C104471,Sneha Gupta,Male,26,Hyderabad,02-02-2025,Postpaid,1888.52,28327.8,15,5G,2 Year,UPI,4,No,,FALSE
C104472,Sneha Sharma,Female,72,Bangalore,25-11-2025,Prepaid,1471.36,76510.72,52,5G,Monthly,Bank Transfer,10,Yes,,FALSE
C104473,Riya Kapoor,Female,67,Bangalore,23-05-2025,Prepaid,812.36,52803.4,65,None,1 Year,Card,12,No,,FALSE
C104474,Riya Dey,Female,35,Bangalore,16-04-2025,Postpaid,1548.47,82068.91,53,Fiber,1 Year,Bank Transfer,3,No,,FALSE
C104475,Sourav Dey,Female,22,Chennai,10-07-2025,Prepaid,459.47,6892.05,15,5G,Monthly,Cash,1,No,,FALSE
C104476,Vikram Roy,Female,51,Bangalore,23-11-2025,Prepaid,810.37,51863.68,64,5G,2 Year,Card,2,No,,FALSE
C104477,Priya Sharma,Male,23,Hyderabad,13-10-2025,Prepaid,507.35,1014.7,2,Fiber,1 Year,UPI,4,Yes,,FALSE
C104478,Amit Sharma,Male,21,Hyderabad,21-08-2025,Postpaid,451.57,4967.27,11,None,1 Year,UPI,5,No,,FALSE
C104479,Neha Singh,Male,54,Mumbai,14-09-2025,Prepaid,463.01,25928.56,56,DSL,2 Year,,2,No,,FALSE
C104480,Riya Sharma,Male,38,Hyderabad,13-09-2025,Prepaid,560.99,38708.31,69,DSL,1 Year,Bank Transfer,7,No,,FALSE
C104481,Rohit Roy,Female,64,Delhi,02-04-2025,Postpaid,995.53,24888.25,25,None,Monthly,Card,6,Yes,,FALSE
C104482,Rohit Kapoor,Female,58,Bangalore,07-11-2025,Prepaid,1699.62,69684.42,41,Fiber,1 Year,Card,9,No,,FALSE
C104483,Sneha Das,Female,27,Kolkata,18-09-2025,Postpaid,1631.29,27731.93,17,DSL,Monthly,Bank Transfer,12,No,,FALSE
C104484,Ananya Sharma,Male,40,Chennai,01-12-2025,Prepaid,1288.69,38660.7,30,DSL,2 Year,Bank Transfer,6,Yes,,FALSE
C104485,Rahul Roy,Female,26,Chennai,13-04-2025,Postpaid,814.37,58634.64,72,DSL,2 Year,Cash,8,No,,FALSE
C104486,Rohit Gupta,Male,57,Delhi,27-05-2025,Postpaid,483.95,18390.1,38,5G,Monthly,Bank Transfer,3,No,,FALSE
C104487,Rahul Kapoor,Male,58,Chennai,08-03-2025,Prepaid,980.36,21567.92,22,DSL,Monthly,UPI,0,Yes,,FALSE
C104488,Sourav Gupta,Male,56,,18-05-2025,Postpaid,1210.77,73856.97,61,5G,2 Year,Bank Transfer,3,Yes,,FALSE
C104489,Amit Das,Male,57,Chennai,08-10-2025,Prepaid,552.7,10501.3,19,None,2 Year,UPI,3,No,,FALSE
C104490,Amit Roy,Male,70,Mumbai,11-09-2025,Prepaid,1691.78,116732.82,69,DSL,1 Year,Bank Transfer,2,No,,FALSE
C104491,Vikram Sen,Male,22,Delhi,06-10-2025,Postpaid,1743.42,88914.42,51,DSL,2 Year,Card,3,Yes,,FALSE
C104492,Rohit Kapoor,Female,26,Kolkata,05-11-2025,Postpaid,1152.59,26509.57,23,Fiber,Monthly,UPI,12,No,,FALSE
C104493,Priya Sen,Male,30,Bangalore,21-12-2025,Postpaid,1891.37,35936.03,19,DSL,Monthly,Bank Transfer,5,No,,FALSE
C104494,Amit Roy,Female,70,Kolkata,27-01-2025,Postpaid,736.5,28723.5,39,None,1 Year,Bank Transfer,2,Yes,,FALSE
C104495,Riya Sen,Male,60,Mumbai,09-09-2025,Postpaid,1341.64,59032.16,44,5G,2 Year,UPI,8,Yes,,FALSE
C104496,Sneha Roy,Male,68,Kolkata,24-07-2025,Prepaid,1726.73,98423.61,57,DSL,Monthly,Cash,7,Yes,,FALSE
C104497,Ananya Dey,Female,45,Chennai,23-09-2025,Postpaid,1120.07,54883.43,49,None,Monthly,Bank Transfer,7,Yes,,FALSE
C104498,Sneha Dey,Male,32,Bangalore,29-10-2025,Prepaid,864.07,25922.1,30,DSL,Monthly,Bank Transfer,12,Yes,,FALSE
C104499,Rohit Gupta,Female,38,Kolkata,10-11-2025,Prepaid,1309.04,73306.24,56,None,2 Year,UPI,2,Yes,,FALSE
C104500,Vikram Sharma,Female,47,Mumbai,23-03-2025,Postpaid,562.07,29227.64,52,DSL,1 Year,Bank Transfer,6,Yes,,FALSE
C104501,Riya Roy,Male,73,Kolkata,01-09-2025,Prepaid,1517.27,88001.66,58,Fiber,Monthly,Cash,5,No,,FALSE
C104502,Rohit Gupta,Male,39,Delhi,27-02-2025,Prepaid,1071.94,54668.94,51,None,1 Year,Bank Transfer,4,No,,FALSE
C104503,Rahul Gupta,Male,62,Hyderabad,24-07-2025,Postpaid,1257.21,82975.86,66,None,2 Year,UPI,3,Yes,,FALSE
C104504,Neha Roy,Male,69,Hyderabad,13-12-2025,Prepaid,1960.03,43120.66,22,Fiber,2 Year,Card,3,No,,FALSE
C104505,Priya Ghosh,Female,25,Hyderabad,10-01-2025,Prepaid,1114.69,76913.61,69,DSL,Monthly,Card,8,Yes,,FALSE
C104506,Priya Sen,Female,30,Hyderabad,23-04-2025,Prepaid,757.1,36340.8,48,DSL,2 Year,Bank Transfer,12,Yes,,FALSE
C104507,Vikram Dey,Male,68,Chennai,05-10-2025,Postpaid,1235.41,43239.35,35,5G,2 Year,Cash,3,Yes,,FALSE
C104508,Amit Gupta,Male,62,Chennai,30-10-2025,Prepaid,1390.64,31984.72,23,DSL,2 Year,Cash,3,Yes,,FALSE
C104509,Rahul Singh,Female,58,Bangalore,15-10-2025,Postpaid,1012.23,5061.15,5,DSL,Monthly,Card,8,Yes,,FALSE
C104510,Neha Singh,Female,72,Bangalore,21-01-2025,Postpaid,1282.96,64148,50,None,2 Year,Cash,4,No,,FALSE
C104511,Priya Dey,Female,70,Kolkata,22-01-2025,Prepaid,1296.23,46664.28,36,5G,1 Year,Card,7,Yes,,FALSE
C104512,Sneha Sharma,Male,38,Chennai,24-01-2025,Postpaid,1808.37,77759.91,43,DSL,1 Year,,2,Yes,,FALSE
C104513,Riya Roy,Female,19,Hyderabad,10-07-2025,Prepaid,573.32,9746.44,17,Fiber,2 Year,Bank Transfer,,No,,FALSE
C104514,Priya Singh,Male,67,Delhi,04-02-2025,Postpaid,709.35,13477.65,19,None,Monthly,Card,6,No,,FALSE
C104515,Riya Roy,Female,46,Bangalore,27-08-2025,Prepaid,1649.86,77543.42,47,5G,1 Year,UPI,5,Yes,,FALSE
C104516,Ananya Gupta,Female,62,Kolkata,11-11-2025,Postpaid,1918.49,74821.11,39,DSL,1 Year,Cash,12,No,,FALSE
C104517,Sourav Roy,Male,24,Chennai,17-02-2025,Postpaid,1480.56,81430.8,55,None,Monthly,Cash,12,Yes,,FALSE
C104518,Neha Sharma,Male,38,Kolkata,07-01-2025,Prepaid,1584.43,49117.33,31,Fiber,1 Year,Cash,8,Yes,,FALSE
C104519,Vikram Roy,Female,74,Mumbai,02-09-2025,Postpaid,1985.39,29780.85,15,Fiber,2 Year,Cash,10,Yes,,FALSE
C104520,Rahul Dey,Male,31,Chennai,12-04-2025,Prepaid,615.15,14763.6,24,DSL,Monthly,Cash,4,No,,FALSE
C104521,Ananya Singh,Female,73,Bangalore,24-03-2025,Postpaid,749.65,35983.2,48,None,2 Year,Card,4,No,,FALSE
C104522,Riya Das,Female,69,Delhi,13-01-2025,Postpaid,1686.96,96156.72,57,None,2 Year,Cash,7,No,,FALSE
C104523,Sourav Das,Male,26,Bangalore,08-08-2025,Prepaid,1456.76,1456.76,1,DSL,1 Year,Cash,1,Yes,,FALSE
C104524,Vikram Gupta,Female,38,Chennai,15-01-2025,Prepaid,1849.36,49932.72,27,DSL,2 Year,UPI,2,Yes,,FALSE
C104525,Vikram Das,Female,28,,02-09-2025,Prepaid,668.34,34753.68,52,Fiber,Monthly,Cash,2,Yes,,FALSE
C104526,Priya Paul,Male,63,Mumbai,12-06-2025,Postpaid,1584.1,66532.2,42,DSL,2 Year,Bank Transfer,4,Yes,,FALSE
C104527,Amit Dey,Female,49,Kolkata,20-02-2025,Prepaid,1654.83,39715.92,24,5G,2 Year,Card,0,Yes,,FALSE
C104528,Neha Das,Male,34,Chennai,29-11-2025,Prepaid,615.54,19697.28,32,DSL,1 Year,Cash,9,No,,FALSE
C104529,Riya Dey,Male,60,Kolkata,09-04-2025,Prepaid,1031.78,55716.12,54,None,Monthly,Bank Transfer,0,Yes,,FALSE
C104530,Sneha Gupta,Female,74,Hyderabad,01-10-2025,Postpaid,894.54,54566.94,61,Fiber,1 Year,UPI,11,No,,FALSE
C104531,Ananya Das,Male,49,Kolkata,18-09-2025,Postpaid,1245.24,16188.12,13,None,1 Year,Card,12,No,,FALSE
C104532,Sourav Dey,Female,23,Hyderabad,27-06-2025,Prepaid,365.65,12432.1,34,5G,Monthly,UPI,0,No,,FALSE
C104533,Neha Paul,Female,41,Mumbai,13-03-2025,Postpaid,1231.96,28335.08,23,None,2 Year,Bank Transfer,0,Yes,,FALSE
C104534,Priya Roy,Male,29,Bangalore,28-03-2025,Postpaid,1347.89,59307.16,44,5G,1 Year,Bank Transfer,5,Yes,,FALSE
C104535,Ananya Dey,Male,33,Delhi,09-05-2025,Postpaid,1068.99,2137.98,2,None,1 Year,Card,3,No,,FALSE
C104536,Neha Sharma,Female,46,Delhi,11-02-2025,Postpaid,1183.27,74546.01,63,DSL,2 Year,UPI,6,No,,FALSE
C104537,Neha Singh,Male,29,Chennai,22-12-2025,Prepaid,1582.12,82270.24,52,None,Monthly,Cash,11,Yes,,FALSE
C104538,Rohit Dey,Male,28,Mumbai,24-07-2025,Prepaid,1148.21,17223.15,15,5G,2 Year,Bank Transfer,4,No,,FALSE
C104539,Neha Ghosh,Female,19,Delhi,10-01-2025,Postpaid,1310.66,31455.84,24,5G,2 Year,Bank Transfer,1,No,,FALSE
C104540,Vikram Sen,Female,54,Hyderabad,25-07-2025,Prepaid,1672.39,38464.97,23,DSL,Monthly,Card,5,Yes,,FALSE
C104541,Vikram Kapoor,Male,23,Bangalore,15-11-2025,Prepaid,1613.56,101654.28,63,Fiber,1 Year,Bank Transfer,6,Yes,,FALSE
C104542,Rohit Sen,Female,48,Hyderabad,24-12-2025,Prepaid,1422.89,1422.89,1,None,1 Year,Card,1,No,,FALSE
C104543,Priya Sharma,Female,28,Delhi,23-07-2025,Prepaid,1878.76,103331.8,55,Fiber,1 Year,Cash,10,No,,FALSE
C104544,Rahul Dey,Female,24,Delhi,21-06-2025,Postpaid,1016.12,23370.76,23,DSL,1 Year,Cash,8,Yes,,FALSE
C104545,Rahul Paul,Female,45,Delhi,09-02-2025,Prepaid,1174.45,63420.3,54,None,1 Year,Bank Transfer,11,No,,FALSE
C104546,Riya Dey,Female,30,Delhi,12-06-2025,Postpaid,440.94,10582.56,24,5G,1 Year,Cash,0,No,,FALSE
C104547,Ananya Ghosh,Male,20,Delhi,04-10-2025,Postpaid,1607.83,107724.61,67,None,1 Year,Card,2,No,,FALSE
C104548,Priya Ghosh,Female,63,Delhi,18-03-2025,Postpaid,822.9,38676.3,47,None,Monthly,UPI,10,No,,FALSE
C104549,Sourav Paul,Male,70,Chennai,30-01-2025,Postpaid,574.15,28707.5,50,DSL,1 Year,Card,0,Yes,,FALSE
C104550,Sneha Das,Female,53,Hyderabad,23-05-2025,Postpaid,732.23,30753.66,42,Fiber,1 Year,Cash,10,No,,FALSE
C104551,Sneha Gupta,Female,54,Delhi,22-12-2025,Prepaid,1764.54,45878.04,26,DSL,2 Year,Card,3,Yes,,FALSE
C104552,Ananya Singh,Female,34,Chennai,18-12-2025,Prepaid,1405.46,44974.72,32,DSL,2 Year,UPI,12,No,,FALSE
C104553,Rohit Gupta,Female,45,Hyderabad,14-02-2025,Prepaid,846.18,47386.08,56,Fiber,Monthly,Card,8,Yes,,FALSE
C104554,Amit Kapoor,Female,18,Bangalore,16-02-2025,Postpaid,332.29,1993.74,6,Fiber,2 Year,Cash,12,No,,FALSE
C104555,Amit Gupta,Female,37,Bangalore,26-06-2025,Prepaid,964.52,8680.68,9,DSL,2 Year,Bank Transfer,12,Yes,,FALSE
C104556,Amit Roy,Male,40,Delhi,14-04-2025,Postpaid,1587.58,12700.64,8,DSL,1 Year,Bank Transfer,9,Yes,,FALSE
C104557,Riya Kapoor,Female,48,Kolkata,12-07-2025,Prepaid,1929.22,19292.2,10,5G,Monthly,Card,3,Yes,,FALSE
C104558,Riya Sharma,Male,25,Bangalore,25-08-2025,Postpaid,1597.53,11182.71,7,5G,1 Year,UPI,8,Yes,,FALSE
C104559,Rohit Paul,Male,36,Bangalore,15-06-2025,Prepaid,1846.29,132932.88,72,None,2 Year,Card,1,Yes,,FALSE
C104560,Ananya Sen,Female,31,Chennai,13-09-2025,Postpaid,495,14355,29,DSL,Monthly,Cash,4,Yes,,FALSE
C104561,Sneha Gupta,Female,58,Kolkata,02-06-2025,Prepaid,1726.5,6906,4,None,1 Year,Cash,11,No,,FALSE
C104562,Sneha Paul,Female,51,Hyderabad,09-04-2025,Prepaid,616.92,44418.24,72,None,2 Year,Cash,0,Yes,,FALSE
C104563,Neha Kapoor,Male,69,Delhi,07-07-2025,Postpaid,791.78,53841.04,68,Fiber,Monthly,Card,1,Yes,,FALSE
C104564,Sneha Ghosh,Female,34,Mumbai,04-01-2025,Prepaid,518.62,23337.9,45,None,1 Year,Bank Transfer,9,No,,FALSE
C104565,Neha Singh,Female,21,Delhi,14-12-2025,Prepaid,1644.73,72368.12,44,5G,1 Year,Card,12,Yes,,FALSE
C104566,Sneha Dey,Female,18,Kolkata,20-11-2025,Postpaid,362.88,6531.84,18,Fiber,Monthly,Cash,0,No,,FALSE
C104567,Priya Sharma,Male,26,Delhi,28-07-2025,Postpaid,539.02,4851.18,9,None,1 Year,,1,Yes,,FALSE
C104568,Vikram Kapoor,Female,75,Delhi,31-03-2025,Postpaid,1193.65,9549.2,8,5G,2 Year,Cash,11,No,,FALSE
C104569,Neha Sharma,Female,70,Delhi,26-05-2025,Prepaid,609.78,11585.82,19,None,Monthly,UPI,5,No,,FALSE
C104570,Amit Paul,Male,49,Hyderabad,27-11-2025,Postpaid,1319.95,36958.6,28,Fiber,1 Year,UPI,6,No,,FALSE
C104571,Amit Sen,Female,61,Chennai,07-04-2025,Postpaid,1397.41,93626.47,67,Fiber,1 Year,Bank Transfer,10,Yes,,FALSE
C104572,Rahul Sharma,Female,21,Chennai,11-04-2025,Prepaid,1088.9,42467.1,39,None,1 Year,Card,7,Yes,,FALSE
C104573,Sneha Dey,Male,74,Bangalore,07-06-2025,Prepaid,914.3,20114.6,22,DSL,Monthly,Cash,12,Yes,,FALSE
C104574,Sourav Sen,Female,73,Chennai,18-04-2025,Postpaid,872.41,14830.97,17,DSL,2 Year,Card,3,Yes,,FALSE
C104575,Sourav Singh,Female,22,Bangalore,06-07-2025,Prepaid,,61941.88,34,DSL,2 Year,UPI,,No,,FALSE
C104576,Priya Dey,Female,65,Hyderabad,26-03-2025,Prepaid,1827.6,69448.8,38,DSL,2 Year,Cash,1,Yes,,FALSE
C104577,Rahul Singh,Female,70,Mumbai,22-04-2025,Prepaid,1475.64,23610.24,16,5G,Monthly,UPI,9,Yes,,FALSE
C104578,Neha Kapoor,Male,70,Kolkata,28-09-2025,Postpaid,368.74,12168.42,33,None,2 Year,Bank Transfer,10,No,,FALSE
C104579,Rohit Roy,Male,41,Delhi,05-04-2025,Postpaid,1185.41,49787.22,42,None,1 Year,Bank Transfer,7,No,,FALSE
C104580,Rohit Singh,Male,41,Chennai,31-03-2025,Postpaid,1729.48,96850.88,56,None,1 Year,UPI,1,Yes,,FALSE
C104581,Sourav Gupta,Female,27,Chennai,24-05-2025,Prepaid,520.84,24479.48,47,DSL,Monthly,UPI,6,No,,FALSE
C104582,Vikram Das,Female,21,Chennai,08-10-2025,Postpaid,595.97,27414.62,46,Fiber,2 Year,Bank Transfer,2,Yes,,FALSE
C104583,Riya Gupta,Female,64,Chennai,23-04-2025,Prepaid,1428.73,41433.17,29,DSL,1 Year,UPI,4,Yes,,FALSE
C104584,Sneha Kapoor,Male,51,Mumbai,04-02-2025,Postpaid,,75402,50,5G,2 Year,Bank Transfer,3,Yes,,FALSE
C104585,Rohit Gupta,Female,64,Hyderabad,10-08-2025,Prepaid,639.17,38350.2,60,Fiber,2 Year,Cash,5,No,,FALSE
C104586,Sourav Ghosh,Female,50,Hyderabad,18-07-2025,Prepaid,1070.87,20346.53,19,5G,2 Year,Cash,3,Yes,,FALSE
C104587,Vikram Ghosh,Male,58,Delhi,09-12-2025,Postpaid,1510.17,48325.44,32,DSL,2 Year,Card,6,No,,FALSE
C104588,Riya Ghosh,Male,44,Delhi,22-07-2025,Prepaid,1359.9,20398.5,15,Fiber,2 Year,Bank Transfer,12,No,,FALSE
C104589,Rohit Paul,Male,41,Chennai,24-09-2025,Postpaid,372.73,4845.49,13,None,Monthly,UPI,5,Yes,,FALSE
C104590,Vikram Gupta,Male,22,Chennai,22-08-2025,Prepaid,421.25,26538.75,63,Fiber,2 Year,Card,6,Yes,,FALSE
C104591,Sourav Roy,Female,59,Mumbai,31-01-2025,Postpaid,904.41,13566.15,15,Fiber,1 Year,UPI,12,Yes,,FALSE
C104592,Rahul Ghosh,Female,43,Mumbai,20-06-2025,Prepaid,1008.68,62538.16,62,None,2 Year,Card,11,Yes,,FALSE
C104593,Priya Paul,Male,56,Hyderabad,09-03-2025,Prepaid,1506.54,58755.06,39,DSL,1 Year,UPI,0,No,,FALSE
C104594,Riya Ghosh,Male,68,Kolkata,03-04-2025,Prepaid,513.21,16422.72,32,Fiber,Monthly,Bank Transfer,8,Yes,,FALSE
C104595,Sneha Das,Female,38,Mumbai,10-02-2025,Prepaid,1510.8,80072.4,53,5G,1 Year,Card,12,Yes,,FALSE
C104596,Sourav Gupta,Male,68,Hyderabad,04-02-2025,Postpaid,1191.53,11915.3,10,DSL,1 Year,UPI,10,No,,FALSE
C104597,Sneha Das,Male,37,Mumbai,18-02-2025,Prepaid,913.76,34722.88,38,5G,1 Year,Cash,0,No,,FALSE
C104598,Sneha Ghosh,Male,30,Delhi,23-05-2025,Prepaid,1698.25,56042.25,33,None,1 Year,Bank Transfer,12,No,,FALSE
C104599,Sourav Roy,Female,25,Mumbai,29-07-2025,Prepaid,1720.39,123868.08,72,DSL,Monthly,Bank Transfer,5,Yes,,FALSE
C104600,Rahul Gupta,Male,66,Kolkata,14-08-2025,Postpaid,1238.78,45834.86,37,5G,2 Year,Bank Transfer,5,No,,FALSE
C104601,Riya Gupta,Female,21,Hyderabad,03-01-2025,Prepaid,523.67,12044.41,23,Fiber,2 Year,UPI,6,No,,FALSE
C104602,Amit Gupta,Male,73,Hyderabad,26-05-2025,Postpaid,514.04,32384.52,63,5G,1 Year,UPI,11,Yes,,FALSE
C104603,Amit Das,Male,43,Chennai,09-04-2025,Prepaid,1129.94,64406.58,57,None,Monthly,Bank Transfer,4,Yes,,FALSE
C104604,Vikram Singh,Male,71,Delhi,16-08-2025,Postpaid,473.82,29850.66,63,5G,Monthly,Card,7,Yes,,FALSE
C104605,Neha Gupta,Male,39,Delhi,25-09-2025,Postpaid,1469.18,39667.86,27,DSL,Monthly,Card,5,Yes,,FALSE
C104606,Amit Gupta,Female,39,Delhi,30-11-2025,Postpaid,612.21,2448.84,4,Fiber,Monthly,Card,8,No,,FALSE
C104607,Riya Sharma,Female,49,Chennai,10-09-2025,Postpaid,672.53,10087.95,15,5G,Monthly,Card,2,Yes,,FALSE
C104608,Rahul Sharma,Female,72,Kolkata,21-11-2025,Prepaid,,41225.1,21,DSL,2 Year,Bank Transfer,,Yes,,FALSE
C104609,Vikram Gupta,Male,30,Chennai,04-06-2025,Postpaid,1451.42,42091.18,29,DSL,1 Year,UPI,12,Yes,,FALSE
C104610,Sourav Sen,Male,26,Bangalore,13-07-2025,Postpaid,832.58,10823.54,13,5G,2 Year,Card,6,No,,FALSE
C104611,Rohit Paul,Male,50,Chennai,23-10-2025,Postpaid,1541.26,75521.74,49,5G,2 Year,UPI,3,No,,FALSE
C104612,Sneha Roy,Female,36,Bangalore,12-09-2025,Prepaid,1532.78,62843.98,41,None,1 Year,Bank Transfer,2,Yes,,FALSE
C104613,Vikram Kapoor,Male,23,Bangalore,03-08-2025,Postpaid,1399.45,90964.25,65,DSL,Monthly,Bank Transfer,2,Yes,,FALSE
C104614,Rohit Das,Female,56,Chennai,30-03-2025,Postpaid,464.59,5110.49,11,None,1 Year,UPI,12,No,,FALSE
C104615,Priya Das,Female,61,Kolkata,08-08-2025,Postpaid,1432.68,48711.12,34,5G,1 Year,Cash,5,Yes,,FALSE
C104616,Rohit Paul,Male,29,,02-07-2025,Prepaid,1119.21,61556.55,55,5G,Monthly,Card,8,Yes,,FALSE
C104617,Neha Sen,Male,34,Delhi,08-12-2025,Postpaid,,47070.03,47,None,1 Year,UPI,5,Yes,,FALSE
C104618,Neha Singh,Female,27,Bangalore,19-01-2025,Postpaid,1737,48636,28,None,1 Year,Cash,11,No,,FALSE
C104619,Rohit Paul,Male,60,Mumbai,02-06-2025,Postpaid,441.38,24717.28,56,Fiber,1 Year,Cash,7,No,,FALSE
C104620,Amit Ghosh,Male,55,Chennai,21-02-2025,Postpaid,1164.72,31447.44,27,DSL,1 Year,Card,12,No,,FALSE
C104621,Vikram Sen,Male,58,Hyderabad,11-02-2025,Postpaid,1341.31,28167.51,21,None,1 Year,Bank Transfer,4,No,,FALSE
C104622,Riya Sen,Male,51,Kolkata,23-08-2025,Prepaid,1716.37,96116.72,56,Fiber,Monthly,Cash,9,No,,FALSE
C104623,Amit Kapoor,Female,34,Hyderabad,12-02-2025,Postpaid,1426.38,21395.7,15,Fiber,2 Year,UPI,5,Yes,,FALSE
C104624,Rohit Sharma,Female,64,Delhi,09-02-2025,Prepaid,1443.56,103936.32,72,5G,2 Year,Bank Transfer,10,Yes,,FALSE
C104625,Rohit Roy,Female,72,Kolkata,09-06-2025,Prepaid,1854.74,29675.84,16,DSL,1 Year,Bank Transfer,0,No,,FALSE
C104626,Amit Dey,Female,40,Chennai,17-10-2025,Prepaid,1974.23,21716.53,11,None,Monthly,UPI,0,Yes,,FALSE
C104627,Sneha Das,Male,40,Kolkata,16-01-2025,Postpaid,1460.93,84733.94,58,DSL,1 Year,Cash,0,Yes,,FALSE
C104628,Ananya Singh,Female,74,Mumbai,24-07-2025,Prepaid,1220.52,24410.4,20,Fiber,2 Year,Bank Transfer,0,Yes,,FALSE
C104629,Riya Sharma,Female,18,,08-03-2025,Postpaid,1038.19,73711.49,71,None,2 Year,UPI,3,No,,FALSE
C104630,Sourav Singh,Male,35,Hyderabad,01-12-2025,Prepaid,1710.38,10262.28,6,DSL,1 Year,Bank Transfer,12,No,,FALSE
C104631,Sourav Singh,Female,43,Kolkata,31-03-2025,Prepaid,1213.13,13344.43,11,DSL,Monthly,Bank Transfer,9,No,,FALSE
C104632,Sneha Gupta,Male,20,Hyderabad,20-07-2025,Prepaid,1322.84,59527.8,45,None,Monthly,Card,5,Yes,,FALSE
C104633,Sneha Kapoor,Male,43,Kolkata,06-05-2025,Postpaid,1509.45,52830.75,35,Fiber,2 Year,Bank Transfer,7,Yes,,FALSE
C104634,Neha Dey,Female,75,Bangalore,11-07-2025,Postpaid,573.89,32137.84,56,None,Monthly,UPI,9,No,,FALSE
C104635,Sourav Paul,Female,34,Chennai,06-05-2025,Postpaid,499.36,26466.08,53,None,2 Year,UPI,1,No,,FALSE
C104636,Vikram Kapoor,Female,69,,27-09-2025,Postpaid,1154.21,63481.55,55,DSL,2 Year,Card,4,No,,FALSE
C104637,Neha Sen,Male,67,Mumbai,25-11-2025,Postpaid,1657.09,72911.96,44,Fiber,2 Year,Card,2,No,,FALSE
C104638,Vikram Kapoor,Male,64,Hyderabad,10-07-2025,Postpaid,720.43,2161.29,3,5G,Monthly,Card,,Yes,,FALSE
C104639,Sneha Gupta,Male,46,Bangalore,07-02-2025,Postpaid,313.54,21320.72,68,5G,2 Year,UPI,7,No,,FALSE
C104640,Rahul Singh,Female,43,Delhi,04-06-2025,Postpaid,1472.46,22086.9,15,None,1 Year,Cash,6,Yes,,FALSE
C104641,Sneha Kapoor,Male,62,Hyderabad,10-10-2025,Prepaid,1572.65,78632.5,50,DSL,2 Year,Card,12,Yes,,FALSE
C104642,Rahul Singh,Male,74,Kolkata,30-01-2025,Prepaid,657.37,15119.51,23,None,2 Year,Card,0,No,,FALSE
C104643,Sneha Gupta,Male,59,Kolkata,31-03-2025,Prepaid,1057.16,72944.04,69,DSL,1 Year,Cash,11,Yes,,FALSE
C104644,Ananya Paul,Male,65,Kolkata,02-04-2025,Prepaid,1369.66,87658.24,64,DSL,2 Year,Card,0,Yes,,FALSE
C104645,Rohit Ghosh,Female,32,Delhi,04-01-2025,Postpaid,1053.7,28449.9,27,Fiber,2 Year,Cash,11,No,,FALSE
C104646,Priya Sen,Male,56,Chennai,10-03-2025,Prepaid,1871.85,20590.35,11,None,2 Year,Cash,11,No,,FALSE
C104647,Amit Kapoor,Male,57,Kolkata,03-05-2025,Prepaid,,38045.06,31,Fiber,2 Year,Card,3,Yes,,FALSE
C104648,Riya Sen,Female,71,Kolkata,03-06-2025,Prepaid,1859.31,57638.61,31,5G,1 Year,Cash,1,No,,FALSE
C104649,Sourav Das,Female,74,Chennai,25-02-2025,Prepaid,1809.88,85064.36,47,Fiber,Monthly,Cash,11,No,,FALSE
C104650,Neha Roy,Male,60,Mumbai,02-02-2025,Postpaid,1656.87,33137.4,20,5G,2 Year,Card,10,Yes,,FALSE
C104651,Rahul Dey,Male,20,Kolkata,04-09-2025,Prepaid,1840.36,16563.24,9,DSL,Monthly,Card,10,No,,FALSE
C104652,Rahul Das,Female,37,Delhi,05-03-2025,Prepaid,1181.02,67318.14,57,DSL,1 Year,Bank Transfer,,Yes,,FALSE
C104653,Amit Singh,Female,39,Kolkata,11-09-2025,Postpaid,1124.79,35993.28,32,5G,1 Year,Cash,0,Yes,,FALSE
C104654,Sneha Das,Male,31,Chennai,03-02-2025,Postpaid,1160.72,19732.24,17,None,Monthly,UPI,0,No,,FALSE
C104655,Riya Paul,Male,59,Mumbai,08-06-2025,Prepaid,1555.21,48211.51,31,Fiber,2 Year,Card,4,Yes,,FALSE
C104656,Sourav Sen,Male,40,Kolkata,12-07-2025,Prepaid,846.44,5078.64,6,None,2 Year,Bank Transfer,4,Yes,,FALSE
C104657,Riya Kapoor,Female,53,Kolkata,20-12-2025,Postpaid,1647.57,98854.2,60,None,2 Year,Cash,11,Yes,,FALSE
C104658,Rahul Singh,Male,54,Chennai,10-09-2025,Postpaid,512.07,27651.78,54,Fiber,Monthly,UPI,11,No,,FALSE
C104659,Vikram Roy,Female,22,Chennai,22-11-2025,Prepaid,1527.08,10689.56,7,DSL,Monthly,Cash,5,Yes,,FALSE
C104660,Amit Ghosh,Male,25,Delhi,19-03-2025,Prepaid,1002.07,62128.34,62,Fiber,1 Year,Cash,0,No,,FALSE
C104661,Ananya Sharma,Female,35,Hyderabad,26-11-2025,Postpaid,1257.64,67912.56,54,Fiber,1 Year,UPI,4,Yes,,FALSE
C104662,Riya Sen,Male,69,Chennai,14-08-2025,Postpaid,1590.49,11133.43,7,5G,Monthly,Cash,3,Yes,,FALSE
C104663,Rohit Das,Male,28,Mumbai,14-12-2025,Prepaid,1782.52,119428.84,67,5G,2 Year,UPI,2,Yes,,FALSE
C104664,Riya Sharma,Male,21,Mumbai,03-05-2025,Prepaid,1115.54,31235.12,28,5G,2 Year,Card,3,No,,FALSE
C104665,Riya Singh,Male,69,Hyderabad,09-07-2025,Postpaid,1041.29,4165.16,4,Fiber,2 Year,Card,2,No,,FALSE
C104666,Sourav Das,Female,72,Mumbai,24-06-2025,Postpaid,747.57,3737.85,5,DSL,2 Year,Bank Transfer,9,Yes,,FALSE
C104667,Rohit Ghosh,Female,63,Bangalore,27-05-2025,Postpaid,1271.95,82676.75,65,5G,2 Year,Card,3,Yes,,FALSE
C104668,Sneha Sharma,Female,21,Chennai,11-02-2025,Prepaid,1687.3,59055.5,35,5G,2 Year,Bank Transfer,3,No,,FALSE
C104669,Amit Ghosh,Male,18,Hyderabad,02-11-2025,Postpaid,512.23,28684.88,56,Fiber,2 Year,Bank Transfer,12,Yes,,FALSE
C104670,Priya Roy,Male,46,Hyderabad,29-09-2025,Postpaid,703.95,18302.7,26,5G,1 Year,Cash,12,No,,FALSE
C104671,Amit Sharma,Male,73,Delhi,08-04-2025,Postpaid,1753.42,14027.36,8,None,2 Year,Card,7,No,,FALSE
C104672,Rohit Kapoor,Female,22,Kolkata,07-10-2025,Prepaid,1758.35,49233.8,28,5G,2 Year,UPI,4,No,,FALSE
C104673,Rohit Sharma,Female,25,Chennai,17-09-2025,Prepaid,374.79,8245.38,22,5G,Monthly,UPI,7,No,,FALSE
C104674,Sourav Sharma,Male,68,Hyderabad,16-01-2025,Prepaid,1661.67,16616.7,10,Fiber,1 Year,Card,4,No,,FALSE
C104675,Ananya Sen,Male,30,Chennai,26-08-2025,Postpaid,461.06,10604.38,23,DSL,Monthly,Cash,5,Yes,,FALSE
C104676,Amit Roy,Female,70,Kolkata,25-11-2025,Prepaid,937.57,65629.9,70,Fiber,Monthly,,9,Yes,,FALSE
C104677,Priya Dey,Male,49,Delhi,20-01-2025,Prepaid,1755.17,75472.31,43,DSL,Monthly,Cash,11,No,,FALSE
C104678,Ananya Gupta,Female,18,Mumbai,28-04-2025,Postpaid,1304.21,88686.28,68,Fiber,2 Year,UPI,11,Yes,,FALSE
C104679,Priya Singh,Male,69,Chennai,30-12-2025,Postpaid,827.35,46331.6,56,Fiber,1 Year,Card,11,No,,FALSE
C104680,Neha Roy,Female,74,Hyderabad,15-11-2025,Postpaid,1134.05,41959.85,37,DSL,2 Year,Card,0,No,,FALSE
C104681,Ananya Gupta,Male,41,Delhi,01-07-2025,Prepaid,1719.83,18918.13,11,DSL,Monthly,Bank Transfer,3,No,,FALSE
C104682,Ananya Paul,Male,57,Hyderabad,19-07-2025,Postpaid,1242.93,43502.55,35,5G,1 Year,Card,3,No,,FALSE
C104683,Rahul Roy,Male,31,Mumbai,11-01-2025,Prepaid,1955.92,29338.8,15,Fiber,2 Year,UPI,3,Yes,,FALSE
C104684,Rahul Gupta,Female,22,Delhi,20-10-2025,Postpaid,1391.92,20878.8,15,None,Monthly,UPI,6,Yes,,FALSE
C104685,Rohit Sen,Male,34,,20-04-2025,Postpaid,818.62,53210.3,65,5G,2 Year,Cash,5,No,,FALSE
C104686,Sneha Dey,Male,19,Chennai,22-11-2025,Prepaid,550.3,36319.8,66,None,Monthly,Card,7,Yes,,FALSE
C104687,Vikram Sharma,Female,55,Mumbai,15-03-2025,Postpaid,1462.02,61404.84,42,Fiber,1 Year,Cash,3,No,,FALSE
C104688,Rohit Kapoor,Female,39,Mumbai,20-11-2025,Postpaid,541.25,20567.5,38,DSL,Monthly,Card,2,Yes,,FALSE
C104689,Amit Gupta,Male,51,Delhi,09-11-2025,Postpaid,1598.34,46351.86,29,DSL,Monthly,Cash,11,No,,FALSE
C104690,Ananya Dey,Female,19,Chennai,03-04-2025,Postpaid,944.58,19836.18,21,5G,2 Year,UPI,2,Yes,,FALSE
C104691,Vikram Das,Female,64,Hyderabad,24-05-2025,Prepaid,504.17,16133.44,32,5G,2 Year,UPI,4,Yes,,FALSE
C104692,Amit Gupta,Male,60,Bangalore,22-11-2025,Postpaid,1186.34,79484.78,67,Fiber,2 Year,Bank Transfer,10,No,,FALSE
C104693,Priya Sen,Male,49,Delhi,20-01-2025,Postpaid,1207.05,14484.6,12,DSL,Monthly,Bank Transfer,6,Yes,,FALSE
C104694,Riya Sen,Male,32,Bangalore,31-01-2025,Prepaid,895.86,25084.08,28,5G,1 Year,Bank Transfer,12,No,,FALSE
C104695,Priya Singh,Male,30,Hyderabad,30-06-2025,Postpaid,1370.61,52083.18,38,None,2 Year,UPI,8,Yes,,FALSE
C104696,Neha Roy,Male,65,Hyderabad,27-11-2025,Prepaid,1854.91,107584.78,58,None,1 Year,Bank Transfer,2,No,,FALSE
C104697,Priya Paul,Male,62,Chennai,03-04-2025,Postpaid,1385.05,19390.7,14,5G,1 Year,Cash,4,No,,FALSE
C104698,Neha Paul,Male,44,Delhi,10-01-2025,Postpaid,1755.14,78981.3,45,None,Monthly,Card,7,Yes,,FALSE
C104699,Sneha Ghosh,Male,44,Bangalore,27-02-2025,Prepaid,,64329.68,37,Fiber,1 Year,Cash,3,Yes,,FALSE
C104700,Rahul Paul,Female,49,Chennai,16-04-2025,Prepaid,1402.07,11216.56,8,5G,Monthly,Cash,3,Yes,,FALSE
C104701,Sourav Ghosh,Female,33,Bangalore,25-05-2025,Postpaid,383.48,3451.32,9,5G,2 Year,Bank Transfer,,Yes,,FALSE
C104702,Ananya Roy,Male,43,Bangalore,09-01-2025,Prepaid,1132.85,57775.35,51,5G,Monthly,Card,8,No,,FALSE
C104703,Neha Sen,Male,69,Delhi,10-11-2025,Postpaid,1625.87,58531.32,36,5G,1 Year,Card,5,Yes,,FALSE
C104704,Amit Das,Female,57,Delhi,18-03-2025,Postpaid,1774.34,78070.96,44,DSL,1 Year,Cash,1,Yes,,FALSE
C104705,Sneha Kapoor,Male,44,Chennai,17-02-2025,Postpaid,403.57,25021.34,62,None,1 Year,Card,2,Yes,,FALSE
C104706,Riya Ghosh,Female,25,Kolkata,02-06-2025,Postpaid,1402.7,82759.3,59,None,1 Year,Card,0,No,,FALSE
C104707,Riya Kapoor,Female,39,Chennai,21-02-2025,Postpaid,1815.16,52639.64,29,DSL,1 Year,Cash,2,No,,FALSE
C104708,Rahul Kapoor,Male,33,Kolkata,20-01-2025,Postpaid,1418.47,75178.91,53,DSL,Monthly,Card,10,Yes,,FALSE
C104709,Sneha Ghosh,Female,48,Mumbai,15-11-2025,Prepaid,1133.09,73650.85,65,Fiber,Monthly,Cash,8,Yes,,FALSE
C104710,Neha Dey,Female,65,Bangalore,23-04-2025,Postpaid,540.35,27017.5,50,Fiber,Monthly,Bank Transfer,10,No,,FALSE
C104711,Sourav Dey,Female,31,Kolkata,19-01-2025,Postpaid,809.17,31557.63,39,None,2 Year,Bank Transfer,7,Yes,,FALSE
C104712,Sourav Das,Female,55,Bangalore,20-03-2025,Prepaid,1749.02,52470.6,30,None,2 Year,Card,9,No,,FALSE
C104713,Sourav Gupta,Female,52,Bangalore,29-04-2025,Postpaid,693.95,34697.5,50,None,Monthly,Bank Transfer,2,No,,FALSE
C104714,Riya Ghosh,Female,33,Kolkata,12-05-2025,Prepaid,318.5,16562,52,5G,Monthly,Card,8,Yes,,FALSE
C104715,Priya Das,Female,67,Delhi,18-03-2025,Prepaid,1274.3,82829.5,65,Fiber,2 Year,Cash,9,Yes,,FALSE
C104716,Neha Dey,Female,49,Kolkata,22-09-2025,Prepaid,1748.25,108391.5,62,5G,1 Year,UPI,6,No,,FALSE
C104717,Vikram Sharma,Male,34,Chennai,14-01-2025,Prepaid,,10846.98,6,DSL,Monthly,Bank Transfer,4,No,,FALSE
C104718,Sourav Ghosh,Male,45,Bangalore,24-12-2025,Postpaid,1952.13,21473.43,11,None,1 Year,Cash,2,No,,FALSE
C104719,Rohit Sen,Male,40,Mumbai,20-10-2025,Prepaid,1683.41,107738.24,64,DSL,2 Year,Bank Transfer,0,Yes,,FALSE
C104720,Priya Gupta,Female,29,Delhi,22-10-2025,Postpaid,1812.17,92420.67,51,None,1 Year,Bank Transfer,2,No,,FALSE
C104721,Rohit Sharma,Female,31,Kolkata,14-06-2025,Postpaid,1264.39,51839.99,41,None,Monthly,UPI,12,Yes,,FALSE
C104722,Sourav Ghosh,Male,45,Chennai,31-07-2025,Postpaid,1740.76,60926.6,35,5G,1 Year,UPI,8,Yes,,FALSE
C104723,Rahul Gupta,Male,62,Hyderabad,28-02-2025,Prepaid,995.64,54760.2,55,Fiber,Monthly,Cash,9,No,,FALSE
C104724,Rahul Sharma,Male,48,Mumbai,08-01-2025,Prepaid,950.27,49414.04,52,DSL,2 Year,Cash,4,Yes,,FALSE
C104725,Sneha Ghosh,Female,31,,14-03-2025,Prepaid,582.48,38443.68,66,5G,Monthly,Card,4,No,,FALSE
C104726,Priya Roy,Male,59,Mumbai,04-07-2025,Postpaid,615.1,31985.2,52,Fiber,2 Year,Bank Transfer,1,Yes,,FALSE
C104727,Sourav Ghosh,Female,74,Delhi,23-03-2025,Postpaid,1266.62,31665.5,25,5G,Monthly,Cash,12,No,,FALSE
C104728,Vikram Sen,Female,38,Delhi,05-11-2025,Postpaid,1516.93,81914.22,54,Fiber,2 Year,Card,6,Yes,,FALSE
C104729,Riya Roy,Male,50,Hyderabad,06-12-2025,Prepaid,929.26,57614.12,62,Fiber,1 Year,Card,0,No,,FALSE
C104730,Amit Dey,Female,24,Chennai,23-10-2025,Postpaid,700.76,27329.64,39,None,Monthly,UPI,6,Yes,,FALSE
C104731,Riya Das,Male,53,Delhi,05-06-2025,Prepaid,678.15,11528.55,17,None,Monthly,UPI,3,No,,FALSE
C104732,Neha Sharma,Female,34,Hyderabad,30-09-2025,Postpaid,1217.72,66974.6,55,5G,2 Year,UPI,3,Yes,,FALSE
C104733,Riya Paul,Male,27,Delhi,08-04-2025,Postpaid,1652.22,97480.98,59,5G,Monthly,Bank Transfer,3,No,,FALSE
C104734,Rahul Sen,Female,29,Hyderabad,10-09-2025,Prepaid,1389.36,80582.88,58,DSL,2 Year,UPI,0,No,,FALSE
C104735,Sneha Roy,Female,75,Hyderabad,18-12-2025,Postpaid,734.52,8814.24,12,5G,Monthly,UPI,4,Yes,,FALSE
C104736,Rahul Dey,Female,31,Delhi,07-10-2025,Postpaid,1883.01,35777.19,19,DSL,2 Year,Card,3,No,,FALSE
C104737,Neha Sen,Female,53,Mumbai,17-02-2025,Prepaid,1189.59,74944.17,63,5G,1 Year,Bank Transfer,6,No,,FALSE
C104738,Ananya Das,Female,38,Kolkata,20-06-2025,Postpaid,672.08,42341.04,63,Fiber,1 Year,Card,1,Yes,,FALSE
C104739,Neha Gupta,Male,35,Delhi,31-08-2025,Postpaid,553.38,16048.02,29,Fiber,1 Year,Bank Transfer,0,Yes,,FALSE
C104740,Rahul Ghosh,Female,38,Chennai,19-05-2025,Prepaid,1502.23,40560.21,27,None,Monthly,Cash,3,No,,FALSE
C104741,Riya Ghosh,Female,21,,27-04-2025,Prepaid,1259.43,64230.93,51,None,Monthly,UPI,10,Yes,,FALSE
C104742,Vikram Paul,Male,69,Mumbai,11-11-2025,Prepaid,1877.12,76961.92,41,Fiber,2 Year,Card,2,Yes,,FALSE
C104743,Riya Sharma,Female,66,Hyderabad,14-06-2025,Prepaid,650.69,18870.01,29,DSL,2 Year,Cash,0,No,,FALSE
C104744,Sourav Roy,Female,28,Mumbai,21-05-2025,Postpaid,628.56,24513.84,39,Fiber,Monthly,Bank Transfer,1,No,,FALSE
C104745,Ananya Ghosh,Female,61,Bangalore,16-11-2025,Prepaid,1211.85,23025.15,19,Fiber,1 Year,UPI,10,Yes,,FALSE
C104746,Rohit Dey,Female,48,Bangalore,05-07-2025,Postpaid,1021.74,67434.84,66,Fiber,Monthly,UPI,6,No,,FALSE
C104747,Priya Sharma,Female,38,Mumbai,10-02-2025,Postpaid,1799.83,37796.43,21,Fiber,1 Year,Cash,12,No,,FALSE
C104748,Neha Gupta,Male,48,Mumbai,18-05-2025,Prepaid,1463.3,103894.3,71,Fiber,Monthly,Card,10,Yes,,FALSE
C104749,Sneha Dey,Female,18,Hyderabad,03-04-2025,Postpaid,585.54,20493.9,35,None,2 Year,Cash,5,No,,FALSE
C104750,Vikram Ghosh,Female,36,,04-10-2025,Postpaid,372.23,17122.58,46,Fiber,1 Year,UPI,4,Yes,,FALSE
C104751,Vikram Dey,Female,55,Chennai,24-11-2025,Postpaid,1106.59,78567.89,71,5G,Monthly,Cash,0,Yes,,FALSE
C104752,Rahul Paul,Female,68,Chennai,07-06-2025,Prepaid,1284.63,64231.5,50,5G,2 Year,Card,1,Yes,,FALSE
C104753,Riya Gupta,Female,29,Mumbai,27-01-2025,Prepaid,1650.78,1650.78,1,5G,Monthly,UPI,2,Yes,,FALSE
C104754,Riya Gupta,Male,31,Delhi,14-03-2025,Postpaid,1919.91,49917.66,26,DSL,1 Year,Card,8,No,,FALSE
C104755,Riya Paul,Male,24,Mumbai,15-03-2025,Postpaid,1891.25,35933.75,19,DSL,Monthly,Card,11,No,,FALSE
C104756,Rohit Sharma,Female,51,Kolkata,05-08-2025,Prepaid,1164.75,83862,72,None,1 Year,Card,2,Yes,,FALSE
C104757,Ananya Singh,Female,26,Delhi,28-11-2025,Postpaid,449.13,6736.95,15,Fiber,Monthly,Bank Transfer,12,No,,FALSE
C104758,Priya Kapoor,Male,62,Kolkata,11-09-2025,Prepaid,330.1,3301,10,DSL,1 Year,Cash,10,No,,FALSE
C104759,Ananya Das,Female,32,Hyderabad,21-07-2025,Prepaid,1897.66,3795.32,2,None,Monthly,Cash,2,Yes,,FALSE
C104760,Amit Singh,Male,37,Delhi,05-06-2025,Prepaid,712.66,4275.96,6,Fiber,Monthly,UPI,7,No,,FALSE
C104761,Rohit Sen,Female,45,Kolkata,21-05-2025,Postpaid,1829.04,49384.08,27,5G,Monthly,UPI,2,Yes,,FALSE
C104762,Amit Dey,Female,34,Chennai,06-08-2025,Postpaid,439.96,13638.76,31,None,1 Year,Bank Transfer,6,No,,FALSE
C104763,Sneha Kapoor,Male,43,Mumbai,19-03-2025,Prepaid,1610.63,104690.95,65,5G,2 Year,UPI,6,No,,FALSE
C104764,Neha Paul,Male,30,Hyderabad,26-09-2025,Postpaid,1801.7,19818.7,11,Fiber,Monthly,Bank Transfer,6,Yes,,FALSE
C104765,Rahul Roy,Female,50,Hyderabad,27-04-2025,Prepaid,1799.7,109781.7,61,5G,1 Year,Cash,8,Yes,,FALSE
C104766,Sourav Singh,Male,23,Delhi,15-01-2025,Prepaid,1946.33,77853.2,40,DSL,Monthly,Bank Transfer,10,Yes,,FALSE
C104767,Sourav Singh,Female,57,Hyderabad,09-09-2025,Prepaid,1717.23,91013.19,53,DSL,Monthly,Cash,2,No,,FALSE
C104768,Priya Sen,Male,73,,06-06-2025,Prepaid,1326.57,29184.54,22,None,Monthly,Cash,10,No,,FALSE
C104769,Neha Roy,Female,43,Delhi,09-07-2025,Prepaid,906.88,2720.64,3,5G,2 Year,Cash,9,No,,FALSE
C104770,Priya Kapoor,Male,60,Mumbai,22-05-2025,Prepaid,584.46,39743.28,68,Fiber,Monthly,Bank Transfer,8,Yes,,FALSE
C104771,Amit Das,Female,29,Delhi,01-09-2025,Postpaid,1769.01,72529.41,41,Fiber,1 Year,Bank Transfer,0,No,,FALSE
C104772,Amit Kapoor,Female,27,,21-03-2025,Postpaid,483.54,16923.9,35,Fiber,1 Year,UPI,4,No,,FALSE
C104773,Rahul Gupta,Male,37,Delhi,26-08-2025,Postpaid,344.29,11017.28,32,None,2 Year,UPI,5,Yes,,FALSE
C104774,Riya Dey,Male,22,Bangalore,26-05-2025,Postpaid,1347.44,37728.32,28,None,1 Year,Card,7,No,,FALSE
C104775,Amit Singh,Male,64,Delhi,28-03-2025,Postpaid,1847.69,114556.78,62,5G,2 Year,UPI,2,No,,FALSE
C104776,Priya Roy,Male,58,Bangalore,24-02-2025,Prepaid,1608.65,85258.45,53,5G,2 Year,Cash,7,No,,FALSE
C104777,Rohit Sharma,Female,60,Hyderabad,10-10-2025,Prepaid,423.54,27530.1,65,DSL,1 Year,Bank Transfer,6,Yes,,FALSE
C104778,Rahul Dey,Female,64,Bangalore,07-04-2025,Prepaid,799.31,1598.62,2,5G,2 Year,,8,No,,FALSE
C104779,Amit Singh,Female,51,Kolkata,18-07-2025,Postpaid,350.34,3503.4,10,None,2 Year,Card,10,No,,FALSE
C104780,Amit Sharma,Female,75,Delhi,26-02-2025,Postpaid,417.26,17107.66,41,DSL,2 Year,UPI,11,No,,FALSE
C104781,Rohit Gupta,Female,50,Kolkata,28-02-2025,Postpaid,1795.75,96970.5,54,None,Monthly,UPI,11,Yes,,FALSE
C104782,Amit Gupta,Male,60,Bangalore,10-07-2025,Prepaid,627.28,19445.68,31,Fiber,Monthly,Cash,8,No,,FALSE
C104783,Ananya Singh,Male,42,Delhi,29-11-2025,Prepaid,1892.29,34061.22,18,DSL,2 Year,UPI,4,No,,FALSE
C104784,Vikram Ghosh,Female,52,Mumbai,29-05-2025,Prepaid,671.4,36255.6,54,5G,Monthly,UPI,4,No,,FALSE
C104785,Rahul Kapoor,Female,68,Bangalore,07-01-2025,Postpaid,1568.26,18819.12,12,Fiber,2 Year,Bank Transfer,9,Yes,,FALSE
C104786,Vikram Das,Female,59,Chennai,17-11-2025,Prepaid,657.94,22369.96,34,DSL,Monthly,Bank Transfer,7,Yes,,FALSE
C104787,Vikram Kapoor,Female,28,Hyderabad,23-01-2025,Prepaid,481.43,7221.45,15,DSL,2 Year,UPI,4,No,,FALSE
C104788,Neha Das,Female,40,Chennai,26-02-2025,Postpaid,1761.46,98641.76,56,5G,2 Year,Card,6,Yes,,FALSE
C104789,Vikram Sen,Male,65,Bangalore,18-07-2025,Postpaid,836.08,7524.72,9,5G,2 Year,Card,4,No,,FALSE
C104790,Sneha Singh,Male,62,Bangalore,27-08-2025,Postpaid,687.81,25448.97,37,5G,1 Year,Cash,11,Yes,,FALSE
C104791,Sourav Dey,Male,24,Bangalore,02-01-2025,Postpaid,1885.89,81093.27,43,5G,2 Year,UPI,5,No,,FALSE
C104792,Sourav Sharma,Male,50,Bangalore,06-10-2025,Prepaid,1742.85,111542.4,64,None,Monthly,Bank Transfer,11,No,,FALSE
C104793,Vikram Sharma,Male,32,Bangalore,03-11-2025,Postpaid,1068.21,3204.63,3,DSL,1 Year,Card,0,Yes,,FALSE
C104794,Neha Singh,Female,70,Delhi,20-03-2025,Prepaid,1361.41,74877.55,55,None,1 Year,Bank Transfer,10,No,,FALSE
C104795,Vikram Dey,Female,38,Mumbai,11-10-2025,Postpaid,1288.45,92768.4,72,5G,1 Year,Card,11,Yes,,FALSE
C104796,Rohit Das,Female,60,Delhi,27-08-2025,Postpaid,1799.67,91783.17,51,5G,2 Year,Cash,3,Yes,,FALSE
C104797,Neha Paul,Female,39,Hyderabad,09-03-2025,Prepaid,1518.04,83492.2,55,5G,1 Year,UPI,3,Yes,,FALSE
C104798,Riya Kapoor,Male,26,,16-02-2025,Postpaid,1755.35,52660.5,30,5G,2 Year,Cash,3,No,,FALSE
C104799,Sourav Ghosh,Female,43,Delhi,13-09-2025,Prepaid,1087.51,72863.17,67,Fiber,2 Year,Cash,5,Yes,,FALSE
C104800,Priya Paul,Female,35,Hyderabad,26-06-2025,Prepaid,1286.61,6433.05,5,Fiber,1 Year,Bank Transfer,6,Yes,,FALSE
C104801,Rahul Kapoor,Male,70,Mumbai,02-03-2025,Prepaid,1694.77,62706.49,37,Fiber,1 Year,Card,6,No,,FALSE
C104802,Amit Gupta,Male,57,Mumbai,31-03-2025,Prepaid,1868.9,100920.6,54,None,Monthly,Cash,3,Yes,,FALSE
C104803,Amit Singh,Male,54,Bangalore,25-10-2025,Prepaid,1653.34,87627.02,53,DSL,Monthly,UPI,6,No,,FALSE
C104804,Riya Das,Female,53,Bangalore,27-10-2025,Prepaid,567.52,32916.16,58,5G,2 Year,Cash,12,Yes,,FALSE
C104805,Vikram Sen,Female,22,Hyderabad,02-07-2025,Postpaid,,28364.91,21,Fiber,1 Year,Bank Transfer,6,Yes,,FALSE
C104806,Rahul Kapoor,Female,49,Delhi,26-03-2025,Postpaid,896.03,12544.42,14,DSL,Monthly,UPI,4,No,,FALSE
C104807,Vikram Kapoor,Female,41,Chennai,04-04-2025,Prepaid,1480.38,90303.18,61,DSL,Monthly,,0,No,,FALSE
C104808,Neha Gupta,Female,68,Delhi,25-11-2025,Prepaid,1524.78,68615.1,45,5G,1 Year,Card,10,Yes,,FALSE
C104809,Rahul Sen,Female,23,Mumbai,01-01-2025,Postpaid,1418.09,92175.85,65,None,Monthly,UPI,7,Yes,,FALSE
C104810,Riya Sharma,Male,35,Bangalore,09-11-2025,Postpaid,1009.2,55506,55,DSL,Monthly,UPI,6,No,,FALSE
C104811,Rohit Kapoor,Female,24,Chennai,26-04-2025,Postpaid,698.86,13278.34,19,5G,2 Year,UPI,11,Yes,,FALSE
C104812,Priya Sen,Female,44,Bangalore,26-12-2025,Prepaid,907.54,49007.16,54,DSL,Monthly,UPI,8,No,,FALSE
C104813,Amit Das,Male,73,Kolkata,30-12-2025,Postpaid,1463.26,13169.34,9,Fiber,2 Year,Cash,3,No,,FALSE
C104814,Rohit Dey,Male,49,Hyderabad,17-05-2025,Postpaid,629.1,44666.1,71,Fiber,2 Year,Card,4,No,,FALSE
C104815,Riya Paul,Female,37,Mumbai,09-06-2025,Postpaid,1983.5,3967,2,5G,Monthly,Cash,5,No,,FALSE
C104816,Neha Kapoor,Male,45,Kolkata,24-04-2025,Prepaid,450.88,22544,50,DSL,2 Year,Card,9,No,,FALSE
C104817,Neha Gupta,Female,18,,21-01-2025,Prepaid,1857.87,27868.05,15,DSL,Monthly,Cash,5,Yes,,FALSE
C104818,Riya Sharma,Female,53,Hyderabad,08-02-2025,Prepaid,554.07,32690.13,59,DSL,2 Year,Card,10,Yes,,FALSE
C104819,Vikram Das,Female,56,Hyderabad,29-08-2025,Prepaid,759,2277,3,Fiber,2 Year,Card,0,No,,FALSE
C104820,Vikram Ghosh,Male,26,Delhi,23-03-2025,Postpaid,447.8,2239,5,DSL,Monthly,UPI,12,No,,FALSE
C104821,Sourav Gupta,Male,74,Mumbai,21-05-2025,Prepaid,895.83,45687.33,51,DSL,2 Year,Cash,5,Yes,,FALSE
C104822,Vikram Singh,Male,62,Kolkata,19-02-2025,Postpaid,1932.18,61829.76,32,DSL,Monthly,Card,4,Yes,,FALSE
C104823,Rohit Sharma,Female,62,Bangalore,13-02-2025,Postpaid,732.16,25625.6,35,DSL,2 Year,Card,2,Yes,,FALSE
C104824,Rohit Dey,Female,74,Kolkata,10-10-2025,Prepaid,,107403.03,63,DSL,1 Year,Bank Transfer,11,Yes,,FALSE
C104825,Priya Das,Female,36,Mumbai,24-05-2025,Postpaid,599.1,17373.9,29,None,2 Year,UPI,12,No,,FALSE
C104826,Vikram Sharma,Female,22,Kolkata,20-08-2025,Prepaid,596.3,39355.8,66,None,Monthly,Card,5,Yes,,FALSE
C104827,Sneha Roy,Female,51,Mumbai,31-01-2025,Postpaid,1050.98,42039.2,40,None,Monthly,Card,6,No,,FALSE
C104828,Ananya Gupta,Male,54,Bangalore,06-04-2025,Postpaid,1285.76,61716.48,48,DSL,2 Year,UPI,11,No,,FALSE
C104829,Neha Dey,Male,63,Kolkata,13-08-2025,Prepaid,1567.02,87753.12,56,Fiber,2 Year,Card,7,Yes,,FALSE
C104830,Sourav Gupta,Male,29,Bangalore,20-12-2025,Postpaid,1529.76,85666.56,56,DSL,1 Year,UPI,2,Yes,,FALSE
C104831,Amit Kapoor,Male,64,Kolkata,09-01-2025,Prepaid,433.74,16482.12,38,Fiber,2 Year,Card,2,Yes,,FALSE
C104832,Sneha Das,Male,66,Chennai,11-05-2025,Prepaid,815.52,9786.24,12,5G,Monthly,UPI,10,Yes,,FALSE
C104833,Sneha Sharma,Female,63,Mumbai,10-02-2025,Prepaid,1308.96,87700.32,67,None,Monthly,Cash,2,No,,FALSE
C104834,Rahul Singh,Male,47,Mumbai,17-09-2025,Postpaid,656.65,6566.5,10,None,2 Year,UPI,11,Yes,,FALSE
C104835,Riya Paul,Female,18,Delhi,22-03-2025,Postpaid,1681.77,104269.74,62,None,2 Year,UPI,9,No,,FALSE
C104836,Sneha Paul,Male,51,Mumbai,26-09-2025,Postpaid,552.61,26525.28,48,5G,Monthly,Card,1,No,,FALSE
C104837,Ananya Das,Female,58,Delhi,24-05-2025,Prepaid,724.45,24631.3,34,DSL,Monthly,Bank Transfer,4,Yes,,FALSE
C104838,Vikram Ghosh,Female,29,Kolkata,05-01-2025,Prepaid,1519.06,72914.88,48,Fiber,1 Year,UPI,0,No,,FALSE
C104839,Priya Ghosh,Female,35,Delhi,12-12-2025,Postpaid,851.68,58765.92,69,Fiber,2 Year,Cash,10,Yes,,FALSE
C104840,Riya Gupta,Female,70,Mumbai,19-09-2025,Prepaid,725.52,31922.88,44,None,1 Year,Card,5,Yes,,FALSE
C104841,Priya Das,Male,26,Hyderabad,02-03-2025,Postpaid,1100.67,39624.12,36,DSL,Monthly,Cash,4,No,,FALSE
C104842,Vikram Das,Female,44,Hyderabad,12-12-2025,Prepaid,452.02,11752.52,26,None,1 Year,UPI,11,Yes,,FALSE
C104843,Rohit Ghosh,Male,49,,20-12-2025,Postpaid,1373.94,9617.58,7,5G,2 Year,Card,3,Yes,,FALSE
C104844,Neha Sharma,Male,42,Bangalore,01-12-2025,Postpaid,409.84,22541.2,55,5G,Monthly,Bank Transfer,2,No,,FALSE
C104845,Riya Das,Male,72,Kolkata,15-07-2025,Postpaid,1732.61,91828.33,53,None,Monthly,UPI,12,No,,FALSE
C104846,Neha Dey,Male,40,Mumbai,20-05-2025,Prepaid,877.31,21932.75,25,5G,2 Year,Bank Transfer,1,Yes,,FALSE
C104847,Sourav Paul,Female,30,Delhi,11-04-2025,Prepaid,416.61,12081.69,29,DSL,Monthly,Bank Transfer,6,Yes,,FALSE
C104848,Neha Gupta,Male,40,Hyderabad,12-09-2025,Postpaid,508.62,23396.52,46,None,Monthly,UPI,4,Yes,,FALSE
C104849,Vikram Dey,Female,54,Mumbai,27-08-2025,Prepaid,1754.45,112284.8,64,None,2 Year,Cash,5,No,,FALSE
C104850,Sneha Paul,Male,36,Chennai,14-05-2025,Prepaid,909.94,41857.24,46,DSL,1 Year,,6,No,,FALSE
C104851,Rohit Sharma,Female,37,Bangalore,23-09-2025,Postpaid,1478.35,70960.8,48,DSL,1 Year,Card,2,Yes,,FALSE
C104852,Vikram Sharma,Male,43,Kolkata,28-11-2025,Postpaid,308.26,9247.8,30,DSL,Monthly,Card,9,Yes,,FALSE
C104853,Rahul Sharma,Female,64,Bangalore,18-11-2025,Postpaid,1863.39,5590.17,3,None,Monthly,Card,8,No,,FALSE
C104854,Rahul Das,Female,60,Kolkata,25-10-2025,Prepaid,992.59,15881.44,16,DSL,2 Year,Cash,10,No,,FALSE
C104855,Vikram Sharma,Female,21,Hyderabad,08-02-2025,Postpaid,1306.47,69242.91,53,Fiber,1 Year,Cash,7,Yes,,FALSE
C104856,Priya Dey,Female,40,Chennai,24-08-2025,Postpaid,699.44,3497.2,5,Fiber,1 Year,Card,2,Yes,,FALSE
C104857,Sneha Sen,Female,51,Bangalore,06-12-2025,Prepaid,901.87,36976.67,41,DSL,Monthly,Bank Transfer,2,Yes,,FALSE
C104858,Priya Das,Male,49,Chennai,21-10-2025,Prepaid,1998.55,35973.9,18,DSL,Monthly,Bank Transfer,1,Yes,,FALSE
C104859,Rahul Ghosh,Male,27,Delhi,24-08-2025,Postpaid,444.99,26254.41,59,Fiber,2 Year,Bank Transfer,6,Yes,,FALSE
C104860,Rohit Gupta,Female,33,Bangalore,21-09-2025,Postpaid,358.85,10047.8,28,5G,Monthly,Bank Transfer,12,No,,FALSE
C104861,Amit Paul,Female,69,Delhi,26-07-2025,Prepaid,851.25,30645,36,None,Monthly,Card,3,Yes,,FALSE
C104862,Rohit Gupta,Male,20,Bangalore,08-12-2025,Postpaid,1537.49,44587.21,29,DSL,Monthly,Bank Transfer,10,Yes,,FALSE
C104863,Rahul Das,Male,41,Hyderabad,27-09-2025,Prepaid,1565.29,50089.28,32,5G,Monthly,UPI,1,Yes,,FALSE
C104864,Riya Dey,Male,26,Chennai,11-09-2025,Postpaid,527.14,23721.3,45,Fiber,1 Year,Cash,5,No,,FALSE
C104865,Riya Sharma,Female,70,Kolkata,20-11-2025,Postpaid,1406.27,75938.58,54,DSL,2 Year,Cash,3,No,,FALSE
C104866,Sneha Ghosh,Male,63,Delhi,29-06-2025,Postpaid,436.83,20967.84,48,None,2 Year,Card,2,Yes,,FALSE
C104867,Rohit Gupta,Female,61,,19-01-2025,Prepaid,1802.7,124386.3,69,None,1 Year,UPI,9,Yes,,FALSE
C104868,Neha Sen,Female,59,Chennai,20-02-2025,Postpaid,946.02,18920.4,20,Fiber,1 Year,UPI,8,No,,FALSE
C104869,Rohit Dey,Female,57,Delhi,11-08-2025,Prepaid,395.42,15421.38,39,5G,1 Year,Bank Transfer,4,No,,FALSE
C104870,Neha Gupta,Female,56,Delhi,08-07-2025,Postpaid,1839.29,75410.89,41,Fiber,Monthly,Card,4,Yes,,FALSE
C104871,Ananya Roy,Male,20,Chennai,14-01-2025,Postpaid,1582.15,17403.65,11,Fiber,2 Year,UPI,5,Yes,,FALSE
C104872,Rohit Roy,Male,48,Kolkata,17-03-2025,Prepaid,579.49,32451.44,56,None,Monthly,Card,0,No,,FALSE
C104873,Rahul Dey,Male,32,Delhi,13-02-2025,Postpaid,594.9,19631.7,33,None,1 Year,Cash,3,No,,FALSE
C104874,Amit Sen,Male,25,Hyderabad,26-12-2025,Postpaid,1931.36,59872.16,31,DSL,1 Year,Cash,1,Yes,,FALSE
C104875,Riya Singh,Female,42,Chennai,31-10-2025,Postpaid,1150.93,10358.37,9,DSL,2 Year,Bank Transfer,2,No,,FALSE
C104876,Ananya Ghosh,Female,52,Kolkata,11-06-2025,Postpaid,1775.03,72776.23,41,Fiber,1 Year,Card,6,Yes,,FALSE
C104877,Amit Singh,Male,36,Kolkata,04-10-2025,Postpaid,1229.93,38127.83,31,None,2 Year,UPI,6,No,,FALSE
C104878,Rohit Singh,Male,59,Delhi,20-12-2025,Prepaid,1877.4,30038.4,16,None,2 Year,Card,,No,,FALSE
C104879,Rahul Das,Female,39,,09-01-2025,Prepaid,1274.76,80309.88,63,None,Monthly,Bank Transfer,8,No,,FALSE
C104880,Ananya Roy,Female,39,Delhi,03-05-2025,Postpaid,889.25,31123.75,35,Fiber,1 Year,Cash,6,Yes,,FALSE
C104881,Sourav Dey,Male,56,Delhi,28-01-2025,Postpaid,900.97,63968.87,71,Fiber,2 Year,Card,4,No,,FALSE
C104882,Ananya Singh,Female,19,Hyderabad,28-01-2025,Prepaid,1077.23,25853.52,24,5G,Monthly,Bank Transfer,0,Yes,,FALSE
C104883,Sneha Kapoor,Male,58,Delhi,19-01-2025,Prepaid,1026.29,26683.54,26,Fiber,Monthly,UPI,4,No,,FALSE
C104884,Rohit Kapoor,Male,37,Bangalore,04-07-2025,Prepaid,369.02,24724.34,67,5G,2 Year,Card,0,No,,FALSE
C104885,Sneha Singh,Male,44,Bangalore,12-07-2025,Prepaid,1849.08,103548.48,56,5G,2 Year,,7,No,,FALSE
C104886,Ananya Singh,Male,30,Bangalore,06-04-2025,Prepaid,742.61,4455.66,6,DSL,Monthly,Card,1,Yes,,FALSE
C104887,Vikram Das,Male,61,Hyderabad,21-01-2025,Prepaid,1520.33,15203.3,10,None,1 Year,Card,11,Yes,,FALSE
C104888,Riya Dey,Male,74,Chennai,20-12-2025,Postpaid,1909.16,9545.8,5,None,Monthly,Cash,6,No,,FALSE
C104889,Sneha Sen,Male,50,Bangalore,14-06-2025,Prepaid,806.2,52403,65,DSL,Monthly,UPI,10,Yes,,FALSE
C104890,Neha Sharma,Male,49,Delhi,28-01-2025,Postpaid,1639.43,29509.74,18,5G,Monthly,Card,4,No,,FALSE
C104891,Rohit Gupta,Male,57,Chennai,25-05-2025,Prepaid,1321.26,88524.42,67,5G,Monthly,Cash,2,No,,FALSE
C104892,Ananya Sen,Female,64,Chennai,25-05-2025,Postpaid,320.58,21478.86,67,DSL,Monthly,UPI,3,Yes,,FALSE
C104893,Rahul Das,Male,71,Bangalore,03-12-2025,Postpaid,359,10411,29,Fiber,Monthly,Cash,3,No,,FALSE
C104894,Rahul Ghosh,Male,38,Hyderabad,06-10-2025,Prepaid,916.9,43094.3,47,None,2 Year,Cash,1,No,,FALSE
C104895,Amit Singh,Female,28,Mumbai,30-07-2025,Postpaid,1644.27,82213.5,50,None,2 Year,UPI,4,Yes,,FALSE
C104896,Rahul Roy,Female,23,Delhi,13-11-2025,Prepaid,1151.16,3453.48,3,DSL,1 Year,Cash,4,No,,FALSE
C104897,Amit Gupta,Female,43,Hyderabad,20-04-2025,Prepaid,536.42,18774.7,35,None,1 Year,UPI,0,No,,FALSE
C104898,Ananya Kapoor,Female,67,Bangalore,25-04-2025,Prepaid,1050.04,31501.2,30,None,Monthly,Bank Transfer,3,No,,FALSE
C104899,Neha Sharma,Male,52,Kolkata,13-01-2025,Prepaid,1332.4,94600.4,71,5G,Monthly,UPI,12,Yes,,FALSE
C104900,Sourav Sharma,Female,69,Bangalore,10-03-2025,Postpaid,1062.71,18066.07,17,5G,1 Year,,4,No,,FALSE
C104901,Vikram Singh,Female,25,Mumbai,17-02-2025,Postpaid,518.86,6745.18,13,DSL,1 Year,Bank Transfer,12,Yes,,FALSE
C104902,Rohit Gupta,Male,22,Mumbai,10-08-2025,Postpaid,392.44,12950.52,33,Fiber,1 Year,UPI,10,No,,FALSE
C104903,Vikram Paul,Male,51,Hyderabad,20-03-2025,Postpaid,1590.07,60422.66,38,DSL,2 Year,Card,7,No,,FALSE
C104904,Ananya Sharma,Female,23,Mumbai,19-04-2025,Prepaid,894.68,35787.2,40,Fiber,2 Year,Cash,0,Yes,,FALSE
C104905,Rohit Roy,Female,72,Hyderabad,21-03-2025,Postpaid,573.58,37856.28,66,Fiber,1 Year,Cash,10,Yes,,FALSE
C104906,Sourav Sen,Female,35,Bangalore,14-05-2025,Postpaid,1845.28,73811.2,40,5G,2 Year,Cash,5,Yes,,FALSE
C104907,Priya Ghosh,Male,33,Mumbai,07-02-2025,Prepaid,440.22,5722.86,13,5G,2 Year,Bank Transfer,8,Yes,,FALSE
C104908,Vikram Dey,Female,28,Bangalore,17-01-2025,Prepaid,1022.59,26587.34,26,DSL,Monthly,Card,5,Yes,,FALSE
C104909,Ananya Roy,Male,22,Delhi,16-05-2025,Postpaid,1415.21,45286.72,32,5G,1 Year,UPI,3,Yes,,FALSE
C104910,Priya Sharma,Male,48,Hyderabad,20-04-2025,Prepaid,1226.95,63801.4,52,5G,1 Year,UPI,7,Yes,,FALSE
C104911,Priya Singh,Male,21,Mumbai,13-08-2025,Postpaid,467.16,30832.56,66,None,1 Year,Bank Transfer,10,No,,FALSE
C104912,Priya Gupta,Male,71,Hyderabad,10-04-2025,Prepaid,1766.59,84796.32,48,Fiber,1 Year,,11,No,,FALSE
C104913,Ananya Gupta,Male,71,Delhi,16-10-2025,Prepaid,1073.45,69774.25,65,None,1 Year,Bank Transfer,5,Yes,,FALSE
C104914,Vikram Kapoor,Female,68,Mumbai,09-02-2025,Prepaid,545.58,31098.06,57,None,Monthly,UPI,7,Yes,,FALSE
C104915,Amit Roy,Male,37,Chennai,20-12-2025,Postpaid,1848,114576,62,5G,Monthly,UPI,,No,,FALSE
C104916,Rohit Singh,Male,63,Chennai,05-12-2025,Prepaid,437.28,17928.48,41,5G,1 Year,UPI,0,No,,FALSE
C104917,Rahul Paul,Female,64,Mumbai,10-01-2025,Postpaid,1179.14,34195.06,29,None,2 Year,UPI,11,Yes,,FALSE
C104918,Neha Kapoor,Female,73,Hyderabad,22-10-2025,Prepaid,1303.76,78225.6,60,DSL,Monthly,UPI,8,No,,FALSE
C104919,Priya Ghosh,Female,19,Delhi,22-12-2025,Prepaid,1079.75,72343.25,67,None,1 Year,UPI,6,No,,FALSE
C104920,Neha Dey,Female,45,Bangalore,10-09-2025,Postpaid,382.51,23333.11,61,Fiber,2 Year,Cash,8,Yes,,FALSE
C104921,Ananya Roy,Female,19,Bangalore,10-11-2025,Postpaid,1940.06,50441.56,26,Fiber,Monthly,Bank Transfer,4,Yes,,FALSE
C104922,Sourav Dey,Female,60,Kolkata,24-02-2025,Prepaid,1897.29,91069.92,48,Fiber,1 Year,Cash,,No,,FALSE
C104923,Rahul Dey,Female,30,Kolkata,24-12-2025,Postpaid,1168.25,40888.75,35,None,1 Year,Cash,5,No,,FALSE
C104924,Sourav Paul,Female,60,Delhi,13-01-2025,Prepaid,1481.91,19264.83,13,DSL,Monthly,Card,12,No,,FALSE
C104925,Neha Kapoor,Female,29,Bangalore,18-02-2025,Prepaid,1251.31,62565.5,50,5G,1 Year,UPI,0,Yes,,FALSE
C104926,Ananya Das,Male,45,Mumbai,19-05-2025,Prepaid,1963.19,139386.49,71,DSL,Monthly,Cash,12,Yes,,FALSE
C104927,Rohit Gupta,Female,20,Kolkata,21-05-2025,Prepaid,1212.33,31520.58,26,None,2 Year,Card,11,No,,FALSE
C104928,Neha Ghosh,Male,27,Bangalore,07-08-2025,Prepaid,555.06,11656.26,21,Fiber,Monthly,Bank Transfer,3,Yes,,FALSE
C104929,Amit Sharma,Female,63,Bangalore,26-08-2025,Postpaid,519.01,29583.57,57,5G,2 Year,UPI,5,No,,FALSE
C104930,Ananya Sen,Female,31,Delhi,11-07-2025,Prepaid,707.86,2123.58,3,DSL,Monthly,Cash,8,Yes,,FALSE
C104931,Riya Sharma,Female,54,Chennai,19-12-2025,Postpaid,1176.73,40008.82,34,None,Monthly,Bank Transfer,2,No,,FALSE
C104932,Priya Kapoor,Male,64,Bangalore,22-12-2025,Prepaid,1846.17,20307.87,11,Fiber,1 Year,Cash,2,Yes,,FALSE
C104933,Vikram Roy,Male,28,Chennai,15-08-2025,Postpaid,,128675.72,68,Fiber,2 Year,Cash,7,Yes,,FALSE
C104934,Amit Singh,Male,73,Delhi,26-05-2025,Prepaid,836.21,7525.89,9,Fiber,Monthly,Card,9,Yes,,FALSE
C104935,Sneha Kapoor,Female,69,Hyderabad,16-05-2025,Prepaid,459.89,8737.91,19,Fiber,2 Year,Card,11,No,,FALSE
C104936,Rahul Paul,Male,70,Kolkata,21-12-2025,Prepaid,548.91,18662.94,34,Fiber,Monthly,Bank Transfer,3,Yes,,FALSE
C104937,Vikram Dey,Male,47,Kolkata,19-06-2025,Postpaid,812.01,11368.14,14,5G,Monthly,Card,7,No,,FALSE
C104938,Sourav Dey,Female,61,Chennai,19-02-2025,Postpaid,1674.79,117235.3,70,5G,2 Year,Bank Transfer,6,No,,FALSE
C104939,Amit Sen,Male,34,Chennai,24-07-2025,Postpaid,,125657,70,DSL,1 Year,UPI,4,No,,FALSE
C104940,Riya Singh,Male,35,Bangalore,05-07-2025,Postpaid,458.1,27486,60,Fiber,1 Year,Cash,12,Yes,,FALSE
C104941,Priya Das,Female,27,Hyderabad,20-01-2025,Prepaid,885.43,30990.05,35,DSL,2 Year,Bank Transfer,11,Yes,,FALSE
C104942,Sourav Sharma,Female,71,Bangalore,02-04-2025,Prepaid,477.65,33913.15,71,Fiber,2 Year,Cash,9,Yes,,FALSE
C104943,Vikram Singh,Female,44,Mumbai,10-01-2025,Prepaid,456.01,10944.24,24,Fiber,1 Year,,,No,,FALSE
C104944,Amit Singh,Female,22,Mumbai,04-04-2025,Postpaid,1859.57,9297.85,5,5G,Monthly,Bank Transfer,12,No,,FALSE
C104945,Rohit Roy,Female,72,Hyderabad,05-03-2025,Postpaid,1492.35,101479.8,68,DSL,1 Year,Cash,12,Yes,,FALSE
C104946,Priya Dey,Female,69,Kolkata,11-08-2025,Prepaid,1446.41,91123.83,63,5G,1 Year,Cash,2,Yes,,FALSE
C104947,Rohit Ghosh,Female,31,Kolkata,23-10-2025,Prepaid,777.81,44335.17,57,None,2 Year,,3,No,,FALSE
C104948,Priya Singh,Male,62,Kolkata,20-02-2025,Postpaid,1749.07,33232.33,19,Fiber,1 Year,UPI,3,No,,FALSE
C104949,Neha Roy,Male,60,Bangalore,30-01-2025,Prepaid,1695.26,83067.74,49,DSL,2 Year,Bank Transfer,2,No,,FALSE
C104950,Amit Singh,Female,25,Kolkata,02-08-2025,Postpaid,1535.26,44522.54,29,DSL,Monthly,Card,5,No,,FALSE
C104951,Rohit Sharma,Male,69,Delhi,14-09-2025,Postpaid,1014.98,13194.74,13,DSL,1 Year,UPI,4,Yes,,FALSE
C104952,Ananya Kapoor,Female,58,Bangalore,22-07-2025,Prepaid,1636.39,58910.04,36,None,Monthly,UPI,1,Yes,,FALSE
C104953,Sneha Ghosh,Female,64,Delhi,22-11-2025,Postpaid,954.63,5727.78,6,5G,2 Year,Cash,5,No,,FALSE
C104954,Sourav Kapoor,Female,47,Bangalore,23-07-2025,Postpaid,1010.58,46486.68,46,5G,2 Year,UPI,3,No,,FALSE
C104955,Neha Singh,Male,62,Mumbai,27-03-2025,Postpaid,474.42,31311.72,66,DSL,Monthly,UPI,6,No,,FALSE
C104956,Amit Singh,Female,65,Hyderabad,21-11-2025,Prepaid,638.32,29362.72,46,Fiber,1 Year,Cash,1,Yes,,FALSE
C104957,Sneha Ghosh,Male,19,Kolkata,21-06-2025,Prepaid,1271.73,47054.01,37,DSL,1 Year,Bank Transfer,1,No,,FALSE
C104958,Priya Dey,Male,43,Bangalore,31-07-2025,Postpaid,847.56,6780.48,8,DSL,2 Year,Cash,9,Yes,,FALSE
C104959,Vikram Sen,Female,20,Kolkata,09-01-2025,Prepaid,1079.01,45318.42,42,None,1 Year,UPI,9,No,,FALSE
C104960,Rohit Ghosh,Male,21,Mumbai,09-08-2025,Postpaid,1997.21,55921.88,28,Fiber,Monthly,Bank Transfer,2,Yes,,FALSE
C104961,Vikram Ghosh,Female,62,Kolkata,08-04-2025,Prepaid,1429.96,8579.76,6,DSL,2 Year,UPI,5,No,,FALSE
C104962,Ananya Paul,Male,54,Delhi,05-02-2025,Postpaid,1275.96,58694.16,46,Fiber,1 Year,Cash,,No,,FALSE
C104963,Rahul Das,Male,69,Kolkata,27-11-2025,Postpaid,943.43,26416.04,28,Fiber,Monthly,Card,8,Yes,,FALSE
C104964,Ananya Sen,Male,60,Bangalore,06-02-2025,Postpaid,555.96,17790.72,32,5G,2 Year,UPI,7,Yes,,FALSE
C104965,Ananya Das,Female,70,Chennai,03-03-2025,Prepaid,1411.35,14113.5,10,Fiber,1 Year,Cash,8,No,,FALSE
C104966,Riya Sen,Female,29,Kolkata,30-03-2025,Prepaid,495.36,24272.64,49,5G,Monthly,Bank Transfer,5,Yes,,FALSE
C104967,Neha Paul,Female,73,,25-04-2025,Prepaid,915.29,24712.83,27,DSL,2 Year,UPI,2,Yes,,FALSE
C104968,Amit Singh,Male,30,Delhi,29-12-2025,Postpaid,1948.44,19484.4,10,None,2 Year,Cash,2,Yes,,FALSE
C104969,Priya Ghosh,Male,30,Chennai,22-05-2025,Postpaid,1952.94,95694.06,49,Fiber,1 Year,UPI,1,No,,FALSE
C104970,Rahul Ghosh,Female,44,Chennai,13-10-2025,Postpaid,1481.44,22221.6,15,5G,1 Year,Bank Transfer,3,Yes,,FALSE
C104971,Rohit Dey,Male,45,Mumbai,17-12-2025,Prepaid,346.34,2770.72,8,5G,Monthly,Card,11,Yes,,FALSE
C104972,Riya Ghosh,Male,45,Chennai,16-01-2025,Prepaid,,14620.32,36,None,2 Year,Bank Transfer,6,No,,FALSE
C104973,Ananya Singh,Male,52,Chennai,07-08-2025,Postpaid,870.38,16537.22,19,Fiber,Monthly,Card,10,No,,FALSE
C104974,Rahul Ghosh,Male,67,Bangalore,16-04-2025,Prepaid,1126.02,75443.34,67,Fiber,1 Year,Card,9,No,,FALSE
C104975,Sneha Kapoor,Female,61,Bangalore,15-08-2025,Prepaid,832.39,56602.52,68,Fiber,Monthly,Cash,11,Yes,,FALSE
C104976,Sneha Dey,Female,62,Delhi,07-06-2025,Postpaid,973.1,65197.7,67,Fiber,Monthly,UPI,2,Yes,,FALSE
C104977,Ananya Paul,Male,36,Chennai,27-04-2025,Postpaid,1740.09,45242.34,26,DSL,1 Year,Card,8,Yes,,FALSE
C104978,Priya Ghosh,Female,68,Delhi,16-11-2025,Postpaid,1806.71,124662.99,69,Fiber,1 Year,UPI,2,No,,FALSE
C104979,Rahul Kapoor,Female,36,Chennai,10-02-2025,Prepaid,1081.51,43260.4,40,DSL,1 Year,Cash,8,Yes,,FALSE
C104980,Rohit Roy,Male,57,Delhi,23-01-2025,Postpaid,754.83,15096.6,20,5G,Monthly,Card,9,Yes,,FALSE
C104981,Amit Kapoor,Male,60,Chennai,27-12-2025,Prepaid,344.07,17203.5,50,DSL,2 Year,UPI,9,Yes,,FALSE
C104982,Vikram Gupta,Female,55,Delhi,12-05-2025,Postpaid,1098.44,41740.72,38,None,2 Year,UPI,3,Yes,,FALSE
C104983,Sourav Ghosh,Male,59,Bangalore,02-11-2025,Postpaid,998.36,69885.2,70,Fiber,2 Year,Card,9,No,,FALSE
C104984,Rohit Dey,Male,36,Bangalore,11-09-2025,Prepaid,1949.78,81890.76,42,5G,2 Year,UPI,10,Yes,,FALSE
C104985,Sneha Kapoor,Female,57,Delhi,14-12-2025,Postpaid,487.11,16561.74,34,None,Monthly,UPI,,No,,FALSE
C104986,Priya Singh,Female,73,Hyderabad,01-01-2025,Prepaid,372.73,14909.2,40,DSL,Monthly,Cash,1,No,,FALSE
C104987,Vikram Roy,Female,59,Hyderabad,15-05-2025,Prepaid,898.9,17079.1,19,None,Monthly,UPI,4,No,,FALSE
C104988,Vikram Paul,Female,38,Kolkata,24-03-2025,Prepaid,1958.81,23505.72,12,None,1 Year,Bank Transfer,12,No,,FALSE
C104989,Sneha Kapoor,Female,41,Kolkata,15-09-2025,Prepaid,1574.81,86614.55,55,None,Monthly,Bank Transfer,7,Yes,,FALSE
C104990,Riya Das,Male,63,Delhi,12-01-2025,Postpaid,626.84,13163.64,21,DSL,Monthly,Card,0,Yes,,FALSE
C104991,Sneha Paul,Female,72,Chennai,05-12-2025,Postpaid,1173.45,56325.6,48,Fiber,2 Year,Cash,10,Yes,,FALSE
C104992,Rohit Sharma,Female,62,Delhi,17-09-2025,Postpaid,935.35,31801.9,34,DSL,Monthly,Bank Transfer,9,Yes,,FALSE
C104993,Ananya Ghosh,Male,68,Mumbai,04-11-2025,Prepaid,1664.45,109853.7,66,None,1 Year,UPI,2,No,,FALSE
C104994,Vikram Ghosh,Female,58,Delhi,11-03-2025,Prepaid,780.9,55443.9,71,Fiber,1 Year,Bank Transfer,11,No,,FALSE
C104995,Vikram Paul,Female,29,Bangalore,03-05-2025,Prepaid,614.88,9223.2,15,5G,2 Year,Card,7,Yes,,FALSE
C104996,Amit Sen,Male,72,Kolkata,17-11-2025,Prepaid,1567.83,86230.65,55,None,Monthly,Bank Transfer,5,No,,FALSE
C104997,Neha Ghosh,Male,68,Bangalore,31-07-2025,Prepaid,620.17,34729.52,56,Fiber,1 Year,Cash,10,No,,FALSE
C104998,Sneha Gupta,Female,35,Bangalore,27-01-2025,Prepaid,1555.37,111986.64,72,Fiber,Monthly,Cash,6,Yes,,FALSE
C104999,Rahul Roy,Female,72,Hyderabad,19-09-2025,Postpaid,1025.69,68721.23,67,Fiber,2 Year,Cash,5,No,,FALSE
C105000,Priya Dey,Female,19,Delhi,07-10-2025,Postpaid,683.85,29405.55,43,DSL,Monthly,Cash,6,Yes,,FALSE
